candidate_id,family,feature_set,target,params,cv_mape,cv_std,cv_mae,cv_rmse,n_features
C010,ElasticNet,F1,raw,"{""alpha"": 0.1, ""l1_ratio"": 0.8}",9.209768546566975,3.2623356900252136,72.90881686265749,84.78543468755501,1
C002,Ridge,F1,raw,"{""alpha"": 1.0}",9.212414518041374,3.3576616307571716,72.81776882614096,84.63851408383267,1
C007,ElasticNet,F1,raw,"{""alpha"": 0.01, ""l1_ratio"": 0.2}",9.227444878946534,3.1752018103373705,73.06829345510158,84.87204910460724,1
C009,ElasticNet,F1,raw,"{""alpha"": 0.1, ""l1_ratio"": 0.2}",9.229386086896493,3.4769664660667003,72.79166442004254,84.61164386737741,1
C001,Ridge,F1,raw,"{""alpha"": 0.1}",9.231824844617783,3.153233482790811,73.10879087056136,84.8978590415885,1
C008,ElasticNet,F1,raw,"{""alpha"": 0.01, ""l1_ratio"": 0.8}",9.236262698652576,3.1353597456199234,73.14672598272693,84.92286901121129,1
C005,ElasticNet,F1,raw,"{""alpha"": 0.001, ""l1_ratio"": 0.2}",9.238074816244865,3.1268327534108975,73.16307363606671,84.93376387303098,1
C006,ElasticNet,F1,raw,"{""alpha"": 0.001, ""l1_ratio"": 0.8}",9.238964561792681,3.1228799794757793,73.17098786059844,84.93922169047589,1
C016,Ridge,F1,log10,"{""alpha"": 1.0}",9.390312770753518,3.0335088029509714,74.49059446510498,88.43470154689885,1
C015,Ridge,F1,log10,"{""alpha"": 0.1}",9.420182708996784,2.889510788431671,74.86962048478593,89.0225234103837,1
C019,ElasticNet,F1,log10,"{""alpha"": 0.001, ""l1_ratio"": 0.2}",9.424412092929426,2.8897788272709044,74.9002740993455,89.06123593399772,1
C020,ElasticNet,F1,log10,"{""alpha"": 0.001, ""l1_ratio"": 0.8}",9.428567968972725,2.9274378313442577,74.88605278548239,88.99332001130834,1
C021,ElasticNet,F1,log10,"{""alpha"": 0.01, ""l1_ratio"": 0.2}",9.43105737946758,3.0453466302353256,74.77935789600357,88.77679648150325,1
C022,ElasticNet,F1,log10,"{""alpha"": 0.01, ""l1_ratio"": 0.8}",9.55711715831536,3.4834469511533115,75.29329842555583,89.08125348767354,1
C050,ElasticNet,F2,log10,"{""alpha"": 0.01, ""l1_ratio"": 0.8}",9.893511544995263,3.5810329491321697,77.74241110342331,91.6100326445147,3
C078,ElasticNet,F3,log10,"{""alpha"": 0.01, ""l1_ratio"": 0.8}",9.893542451993596,3.58097354117726,77.74266923288711,91.610427404475,5
C017,Ridge,F1,log10,"{""alpha"": 10.0}",9.971617037343888,3.763211847997001,77.77771459560144,90.30311850908626,1
C003,Ridge,F1,raw,"{""alpha"": 10.0}",10.03865554038082,4.032341343162426,77.54013134763241,88.85716505382725,1
C025,RandomForest,F1,log10,"{""max_depth"": 2, ""min_samples_leaf"": 3}",10.044172262166807,3.6583531523106156,76.63224826222044,91.34981498316067,1
C027,RandomForest,F1,log10,"{""max_depth"": 3, ""min_samples_leaf"": 3}",10.060250245288234,3.6605493670860567,76.75003738331131,91.44616511708092,1
C011,RandomForest,F1,raw,"{""max_depth"": 2, ""min_samples_leaf"": 3}",10.166388229715283,3.534429720051834,77.20138159988163,91.54009501760615,1
C013,RandomForest,F1,raw,"{""max_depth"": 3, ""min_samples_leaf"": 3}",10.172838178430945,3.5534455686999205,77.2465110466584,91.4834889799915,1
C031,Ridge,F2,raw,"{""alpha"": 10.0}",10.314993971966617,3.271975092979817,79.94671489605516,92.3981912344395,3
C045,Ridge,F2,log10,"{""alpha"": 10.0}",10.451845432555551,2.989653398936032,81.35020290818218,94.88138836034572,3
C012,RandomForest,F1,raw,"{""max_depth"": 2, ""min_samples_leaf"": 5}",10.496481192884016,3.29055380264024,79.38828255016675,94.31617776483577,1
C014,RandomForest,F1,raw,"{""max_depth"": 3, ""min_samples_leaf"": 5}",10.496481192884016,3.29055380264024,79.38828255016675,94.31617776483577,1
C054,RandomForest,F2,log10,"{""max_depth"": 2, ""min_samples_leaf"": 5}",10.534053747264911,3.3282134640652936,79.98072979057353,95.47130330023853,3
C056,RandomForest,F2,log10,"{""max_depth"": 3, ""min_samples_leaf"": 5}",10.534053747264911,3.3282134640652936,79.98072979057353,95.47130330023853,3
C040,RandomForest,F2,raw,"{""max_depth"": 2, ""min_samples_leaf"": 5}",10.537871605581081,3.367770822220611,79.68638930030176,94.799827022496,3
C042,RandomForest,F2,raw,"{""max_depth"": 3, ""min_samples_leaf"": 5}",10.537871605581081,3.367770822220611,79.68638930030176,94.799827022496,3
C026,RandomForest,F1,log10,"{""max_depth"": 2, ""min_samples_leaf"": 5}",10.541197392469778,3.268339178719521,80.04025843018599,95.15085038458992,1
C028,RandomForest,F1,log10,"{""max_depth"": 3, ""min_samples_leaf"": 5}",10.541197392469778,3.268339178719521,80.04025843018599,95.15085038458992,1
C037,ElasticNet,F2,raw,"{""alpha"": 0.1, ""l1_ratio"": 0.2}",10.546077201818829,4.495207322634384,80.40989089159976,93.46579911894199,3
C082,RandomForest,F3,log10,"{""max_depth"": 2, ""min_samples_leaf"": 5}",10.576962764731798,3.3371740076335077,80.30119176839385,95.84055857273917,5
C084,RandomForest,F3,log10,"{""max_depth"": 3, ""min_samples_leaf"": 5}",10.576962764731798,3.3371740076335077,80.30119176839385,95.84055857273917,5
C068,RandomForest,F3,raw,"{""max_depth"": 2, ""min_samples_leaf"": 5}",10.595935385386547,3.3834333078561323,80.06267435891047,95.21043116463564,5
C070,RandomForest,F3,raw,"{""max_depth"": 3, ""min_samples_leaf"": 5}",10.595935385386547,3.3834333078561323,80.06267435891047,95.21043116463564,5
C049,ElasticNet,F2,log10,"{""alpha"": 0.01, ""l1_ratio"": 0.2}",10.620961403669089,3.994094981431758,81.40950778848028,96.3732548237775,3
C023,ElasticNet,F1,log10,"{""alpha"": 0.1, ""l1_ratio"": 0.2}",10.63223084590888,4.611469229151048,82.2775509801546,94.90062613791187,1
C030,Ridge,F2,raw,"{""alpha"": 1.0}",10.804076637582552,4.656104852126261,81.72739368019637,95.91435083664511,3
C051,ElasticNet,F2,log10,"{""alpha"": 0.1, ""l1_ratio"": 0.2}",10.835831510733904,4.564656150588763,83.767795396239,96.62468794288569,3
C079,ElasticNet,F3,log10,"{""alpha"": 0.1, ""l1_ratio"": 0.2}",10.835831510733904,4.564656150588763,83.767795396239,96.62468794288569,5
C053,RandomForest,F2,log10,"{""max_depth"": 2, ""min_samples_leaf"": 3}",10.871608221648515,3.5466876370447524,81.653586552692,98.3161341018093,3
C039,RandomForest,F2,raw,"{""max_depth"": 2, ""min_samples_leaf"": 3}",10.90524431757112,3.7135795017706816,81.39595127541116,98.36991312458761,3
C055,RandomForest,F2,log10,"{""max_depth"": 3, ""min_samples_leaf"": 3}",10.912906422124513,3.580883087602029,82.0077530941862,98.70037070915932,3
C059,Ridge,F3,raw,"{""alpha"": 10.0}",10.928285354399659,3.272287739365875,83.84468817107313,95.88086297150159,5
C041,RandomForest,F2,raw,"{""max_depth"": 3, ""min_samples_leaf"": 3}",10.941015831669377,3.7391743648619795,81.68821115334737,98.5800285169729,3
C044,Ridge,F2,log10,"{""alpha"": 1.0}",10.986223996743902,4.3571986186345555,83.42426466726577,99.69744133100093,3
C073,Ridge,F3,log10,"{""alpha"": 10.0}",11.096033051581344,3.0965292082903506,85.49092025561477,98.51814591077132,5
C081,RandomForest,F3,log10,"{""max_depth"": 2, ""min_samples_leaf"": 3}",11.135995913871588,3.713253393884687,83.03504020859049,99.6710672791836,5
C048,ElasticNet,F2,log10,"{""alpha"": 0.001, ""l1_ratio"": 0.8}",11.16133438652094,4.541705827649551,84.1895637875877,101.35557082038136,3
C038,ElasticNet,F2,raw,"{""alpha"": 0.1, ""l1_ratio"": 0.8}",11.167991416186636,4.575166553307163,83.69749119454545,98.6313110391435,3
C083,RandomForest,F3,log10,"{""max_depth"": 3, ""min_samples_leaf"": 3}",11.187956808212721,3.7271777466829894,83.4300675154495,100.08961191108646,5
C067,RandomForest,F3,raw,"{""max_depth"": 2, ""min_samples_leaf"": 3}",11.259869403407835,3.710840609500354,83.54313656589767,99.97208753406402,5
C069,RandomForest,F3,raw,"{""max_depth"": 3, ""min_samples_leaf"": 3}",11.294952204079049,3.7064263342442154,83.82426599706503,100.21878764071718,5
C035,ElasticNet,F2,raw,"{""alpha"": 0.01, ""l1_ratio"": 0.2}",11.425478272906403,4.590891654806972,85.12958352556136,100.62016138720392,3
C047,ElasticNet,F2,log10,"{""alpha"": 0.001, ""l1_ratio"": 0.2}",11.472081825321421,4.88108484654515,85.98120338313169,104.33914012657917,3
C029,Ridge,F2,raw,"{""alpha"": 0.1}",11.504269816714064,4.612916559574946,85.57491894624756,101.20170697526987,3
C043,Ridge,F2,log10,"{""alpha"": 0.1}",11.523917609195713,4.926898958771702,86.31882364888591,104.79379375707538,3
C036,ElasticNet,F2,raw,"{""alpha"": 0.01, ""l1_ratio"": 0.8}",11.563787612116439,4.624825505474605,85.91294934206661,101.63981420164674,3
C077,ElasticNet,F3,log10,"{""alpha"": 0.01, ""l1_ratio"": 0.2}",11.588219208353784,4.931824425398029,86.90896007113558,105.06876619383738,5
C033,ElasticNet,F2,raw,"{""alpha"": 0.001, ""l1_ratio"": 0.2}",11.595817259029054,4.633093162090639,86.09497346066685,101.88122232615437,3
C034,ElasticNet,F2,raw,"{""alpha"": 0.001, ""l1_ratio"": 0.8}",11.61031818079727,4.6371005919762975,86.1770548294727,101.99075242649818,3
C065,ElasticNet,F3,raw,"{""alpha"": 0.1, ""l1_ratio"": 0.2}",11.989751646140922,5.447386568593063,88.94609783589763,105.53491685947613,5
C058,Ridge,F3,raw,"{""alpha"": 1.0}",12.433399464353133,6.079221155638957,91.23398660551928,110.13027054484581,5
C046,Ridge,F2,log10,"{""alpha"": 100.0}",12.782712900525338,4.081381443949107,98.54124794921879,112.62661780673764,3
C072,Ridge,F3,log10,"{""alpha"": 1.0}",12.9850942255978,6.17316943634245,95.30865137602822,115.42341823033412,5
C066,ElasticNet,F3,raw,"{""alpha"": 0.1, ""l1_ratio"": 0.8}",13.004826417783732,6.585112502589442,94.33736167434506,114.52150255104485,5
C032,Ridge,F2,raw,"{""alpha"": 100.0}",13.0242638614302,3.971334867432553,99.15298332389507,112.86869681903318,3
C076,ElasticNet,F3,log10,"{""alpha"": 0.001, ""l1_ratio"": 0.8}",13.071531309543506,6.913297311300122,95.1990300619449,117.93642801489298,5
C074,Ridge,F3,log10,"{""alpha"": 100.0}",13.121769104472735,4.0984138544374344,100.74684542687508,114.63299143000998,5
C018,Ridge,F1,log10,"{""alpha"": 100.0}",13.223451378880764,5.367354050055003,101.12067232429209,117.4623576179792,1
C060,Ridge,F3,raw,"{""alpha"": 100.0}",13.330165080660805,4.04212776898598,101.10823317023889,114.88054741939332,5
C063,ElasticNet,F3,raw,"{""alpha"": 0.01, ""l1_ratio"": 0.2}",13.360818567801859,7.019712851035606,96.21252715992645,117.71174631416194,5
C057,Ridge,F3,raw,"{""alpha"": 0.1}",13.452947594454695,7.158266102601101,96.68021891263905,118.62112691694817,5
C064,ElasticNet,F3,raw,"{""alpha"": 0.01, ""l1_ratio"": 0.8}",13.517581563644821,7.2560675966748445,97.00439043381078,119.27471151447884,5
C061,ElasticNet,F3,raw,"{""alpha"": 0.001, ""l1_ratio"": 0.2}",13.555510745123401,7.314578800089832,97.19755664566763,119.65927058943034,5
C062,ElasticNet,F3,raw,"{""alpha"": 0.001, ""l1_ratio"": 0.8}",13.571323711756156,7.340856043435276,97.27587659713282,119.82666965814519,5
C004,Ridge,F1,raw,"{""alpha"": 100.0}",13.604177030448826,5.286464051242801,102.59647331756521,118.23235780211107,1
C075,ElasticNet,F3,log10,"{""alpha"": 0.001, ""l1_ratio"": 0.2}",13.766395347495962,7.939714734758752,99.11928541473895,124.82565348690667,5
C071,Ridge,F3,log10,"{""alpha"": 0.1}",13.912516569299836,8.069260819934152,100.02319042734561,126.00613452942942,5
C024,ElasticNet,F1,log10,"{""alpha"": 0.1, ""l1_ratio"": 0.8}",14.718186014699574,6.0055629013366865,111.89137263124172,131.66740639129063,1
C052,ElasticNet,F2,log10,"{""alpha"": 0.1, ""l1_ratio"": 0.8}",14.718186014699574,6.0055629013366865,111.89137263124172,131.66740639129063,3
C080,ElasticNet,F3,log10,"{""alpha"": 0.1, ""l1_ratio"": 0.8}",14.718186014699574,6.0055629013366865,111.89137263124172,131.66740639129063,5
C000,Dummy,F1,raw,{},15.05602865718426,5.423135455649888,115.11607142857143,135.23605381355566,1
