cell_id,batch,index,cycle_life,policy,current10_p95_A,n_cycles,max_cycle,last_qd,has_cycle5,has_cycle100,dq_valid,n_valid_qd_2_100,label_valid,qd_2,qd_change,qd_slope,ir_median,tavg_median,tmax_median,chargetime_median,ir_change,c1,soc_switch,c2,c_equiv,policy_special,log_dq_var,dq_min,dq_max,dq_mean,dq_std,dq_skew,dq_kurtosis,dq_area,knee_cycle,slope_before,slope_after,knee_gain,knee_accepted,review_reason,analysis_eligible
b1c0,Batch 1,0,1190.0,3.6C(80%)-3.6C,3.6002407090909085,1189,1189.0,1.0262098,True,True,True,98,True,1.0706892,0.0013753000000000792,1.691964207901468e-05,0.016619267,31.566971697416967,35.35358,13.358211666666708,9.497300000000167e-05,3.6,80.0,3.6,3.6,False,-5.0144265311867695,-0.008459642934268818,0.0007679306774941441,-0.0028734152246919164,0.0031101886660313154,-0.5328580924588826,-1.3490537176384803,-0.004315054918759547,275.2409090909091,-2.8623873365229668e-05,-4.489287146647833e-05,0.1435569791860285,False,unresolved_EOl_or_continuation,False
b1c1,Batch 1,1,1179.0,3.6C(80%)-3.6C,3.600308163636363,1178,1178.0,1.0382246,True,True,True,99,True,1.0753012,0.000853100000000051,5.535292516999699e-06,0.016922649999999997,31.258835086995443,34.137924,13.341623333333215,0.00012915599999999833,3.6,80.0,3.6,3.6,False,-5.013525105388837,-0.011003816596621974,-8.800451256757524e-05,-0.00409961462134519,0.003113418110241732,-0.4300202024473874,-1.0282560836861823,-0.0061545629206738745,402.90909090909093,-2.2581570431978372e-05,-4.379454717003228e-05,0.8764923436636829,False,unresolved_EOl_or_continuation,False
b1c2,Batch 1,2,1177.0,3.6C(80%)-3.6C,3.600291363636363,1176,1176.0,1.0432786,True,True,True,99,True,1.0799223,0.001158699999999957,1.0295625231906745e-05,0.016768869999999998,31.406702352569752,34.52742,13.341569999999773,0.00016711299999999998,3.6,80.0,3.6,3.6,False,-4.736565230206518,-0.017216391849644463,1.252405183928737e-05,-0.004486734282886989,0.004282697351706903,-1.0818176821405654,0.3564103836951258,-0.00673623726167112,420.9045454545455,-2.1431210238717334e-05,-4.4406020521235435e-05,0.8398498832382224,False,unresolved_EOl_or_continuation,False
b1c3,Batch 1,3,1226.0,4C(80%)-4C,4.000282272727272,1225,1225.0,0.97092122,True,True,True,99,True,1.0797229,0.00044200000000005346,1.7136347557209165e-05,0.016314978,29.84754823539978,30.585636,12.092243333333318,0.0002006830000000001,4.0,80.0,4.0,4.0,False,-4.442178847502994,-0.018960539773269502,0.0001820400912558392,-0.007455784700018413,0.006010499650687977,-0.4397103034070463,-1.0948886272634752,-0.01119368800441798,963.7227272727273,-4.5138911654138106e-05,-0.0002568442155536588,0.92818459559691,True,unresolved_EOl_or_continuation,False
b1c4,Batch 1,4,1227.0,4C(80%)-4C,4.000368436363637,1226,1226.0,1.0219597,True,True,True,99,True,1.0784167,0.0006920999999999733,1.8994317872609844e-05,0.0166772445,31.367527119565263,34.341938,12.092204999999861,0.00011794600000000072,4.0,80.0,4.0,4.0,False,-4.647309148533841,-0.013957995093677344,4.553514587814266e-05,-0.005750008121960181,0.004746193341712184,-0.36309299331065786,-1.3344997340040674,-0.008632988816604847,886.6181818181815,-3.9219383905885846e-05,-8.548079210624537e-05,0.8258663278447592,False,unresolved_EOl_or_continuation,False
b1c5,Batch 1,5,1074.0,4.4C(80%)-4.4C,4.400229909090909,1073,1073.0,0.88053626,True,True,True,99,True,1.0761266,-0.0003965999999999692,1.1228400742114224e-05,0.016273551,30.819317383912274,32.907345,10.917401666666972,7.70969999999982e-05,4.4,80.0,4.4,4.4,False,-4.178443451530505,-0.025178778949337288,0.00023711126592161497,-0.01107391297973859,0.008142884490660574,-0.14957460367477807,-1.2276622378385693,-0.016624761670626622,878.2727272727274,-6.868470497375878e-05,-0.0006898762987875985,0.9425186349792298,True,,True
b1c6,Batch 1,6,636.0,4.8C(80%)-4.8C,4.800195036363636,635,635.0,0.8800565,True,True,True,99,True,1.0758358,-0.0018586000000000436,-4.808646876938924e-06,0.016664638,32.22769727735856,35.802235,10.008315000000099,-2.167499999999878e-05,4.8,80.0,4.8,4.8,False,-3.768443388453706,-0.03788603931347978,6.203428184438494e-05,-0.015965056248274823,0.013055042974628193,-0.408548928534953,-1.2382587204379378,-0.02396808233433735,510.046590909091,-0.00010795615863295747,-0.0011181297090639142,0.9581820500439221,True,,True
b1c7,Batch 1,7,870.0,4.8C(80%)-4.8C,4.800134472727272,869,869.0,0.88110596,True,True,True,99,True,1.0938644,-0.0018245000000001177,-6.42818800247794e-06,0.016208507,31.948692868224295,35.308605,10.009005000000373,9.131499999999806e-05,4.8,80.0,4.8,4.8,False,-3.813051565552969,-0.03823338650707442,-0.00014005599933485997,-0.016645727245619735,0.012401499989028151,-0.3339177053609083,-1.1201347364663354,-0.02498791314015368,642.3977272727271,-7.64272457668741e-05,-0.000711645300674676,0.9615788544316841,True,,True
b1c8,Batch 1,8,879.0,5.4C(40%)-3.6C,5.400731872727272,878,878.0,0.96902454,True,True,True,99,True,1.0899748,-3.7999999999982492e-06,5.429254174400251e-06,0.016721431,32.04942305234662,34.444057,11.20847000000067,0.0001435579999999985,5.4,40.0,3.6,4.32,False,-4.000760096997117,-0.030807702259195047,8.354872197383133e-06,-0.012818967232022799,0.009991252887757006,-0.32960878032591373,-1.202586455449319,-0.01924458840131244,676.9181818181818,-5.84862516736912e-05,-0.00042891075796331886,0.9523127582042029,True,unresolved_EOl_or_continuation,False
b1c9,Batch 1,9,1054.0,5.4C(40%)-3.6C,5.401178563636364,1053,1053.0,0.8809284,True,True,True,99,True,1.0829742,0.0009996999999999368,1.8204385899806905e-05,0.016842652,32.60532403173157,35.965672,11.208363333333303,9.736800000000045e-05,5.4,40.0,3.6,4.32,False,-4.058949165995528,-0.028724475696229934,-3.762094120557906e-05,-0.011510600568480111,0.009343840513066387,-0.42823364658698,-1.1820789770425482,-0.017280714863526454,795.0272727272727,-6.293098408849061e-05,-0.0005701681453636836,0.9567100571642123,True,,True
b1c10,Batch 1,10,906.0,5.4C(50%)-3C,5.406292827272726,905,905.0,0.96101874,True,True,True,99,True,1.0752757,0.0021002000000001075,2.529188002473426e-05,0.016564669,33.15098668425846,36.846054,11.652169999999993,0.000209398999999999,5.4,50.0,3.0,4.153846153846154,False,-4.022138634713042,-0.026992931922526497,0.00012131503750222023,-0.010668007843734223,0.009748340329055891,-0.5108381969108907,-1.2878931051207343,-0.01601775346790392,683.3545454545455,-5.43673388032097e-05,-0.0003632939706455387,0.9285109778344681,True,unresolved_EOl_or_continuation,False
b1c11,Batch 1,11,788.0,5.4C(50%)-3C,5.400572009090908,787,787.0,0.88054359,True,True,True,99,True,1.0537786,0.0018716000000000843,2.1809402597400947e-05,0.0161848515,32.700295984432266,36.227871,11.652381666667255,7.510800000000081e-05,5.4,50.0,3.0,4.153846153846154,False,-4.146462018728171,-0.023691513033622602,0.0005818342431713752,-0.008378205102529986,0.008448293450798998,-0.5957418719475038,-1.2055809321269422,-0.01258032170542961,594.3181818181818,-6.277351682219523e-05,-0.0007265019697197278,0.9715088470868541,True,,True
b1c12,Batch 1,12,902.0,5.4C(50%)-3.6C,5.400414909090909,901,901.0,0.91311944,True,True,True,99,True,1.077566,0.0007700999999999958,1.2573115646260144e-05,0.016434561,33.423684964684114,37.353298,10.65295333333294,0.00011290700000000237,5.4,50.0,3.6,4.5473684210526315,False,-4.124756137214855,-0.027438869587688153,-8.11255733985716e-06,-0.011237958333707347,0.008662074833908568,-0.33154921574216906,-1.1269864367438225,-0.01687112204261842,680.3363636363637,-5.574073049872601e-05,-0.0005613856232774366,0.9552812938331068,True,unresolved_EOl_or_continuation,False
b1c13,Batch 1,13,897.0,5.4C(50%)-3.6C,5.40063370909091,896,896.0,0.92313582,True,True,True,99,True,1.0797893,-4.8000000000048004e-05,4.458676561536227e-06,0.017032826,32.03598200646357,34.606346,10.65265833333348,0.00013387500000000205,5.4,50.0,3.6,4.5473684210526315,False,-4.047571945868677,-0.029137075239816568,-0.00016971032187567986,-0.013148734381658471,0.009467035966586568,-0.1354407440967312,-1.2552082808461884,-0.019738899770472183,705.0090909090909,-6.117593497502382e-05,-0.0005909755975555261,0.9413761516825254,True,unresolved_EOl_or_continuation,False
b1c14,Batch 1,14,880.0,5.4C(60%)-3C,5.402375999999999,879,879.0,0.8800649,True,True,True,99,True,1.0709661,0.000999500000000042,2.6234124922698223e-05,0.016964767,33.01143538440852,36.59877,10.763338333333255,0.00012491199999999786,5.4,60.0,3.0,4.499999999999999,False,-4.045635328216262,-0.0282939556930506,-9.331125516033449e-06,-0.011946218223467892,0.009488167346136016,-0.2828771299541191,-1.3138531884610862,-0.017935340239542703,649.7840909090909,-6.244996910415855e-05,-0.0006691184467388305,0.9783980781860032,True,,True
b1c15,Batch 1,15,719.0,5.4C(60%)-3C,5.400670849999999,718,718.0,0.88298881,True,True,True,99,True,1.0611236,0.001147500000000079,2.904936054421284e-05,0.016799783,33.09224619604321,37.010559,10.763519999999941,0.00017167199999999772,5.4,60.0,3.0,4.499999999999999,False,-4.017514591393589,-0.02894455469678503,-0.00012937837624389713,-0.011013089313180444,0.009800375237336815,-0.482722936996922,-1.250706764536174,-0.016535319139138572,553.6454545454545,-6.627465594477936e-05,-0.0009048294156180674,0.9737372386234954,True,,True
b1c16,Batch 1,16,862.0,5.4C(60%)-3.6C,5.401160345454545,861,861.0,0.88096577,True,True,True,99,True,1.0811664,0.0005359000000000336,2.3160274582555584e-05,0.016700174499999998,32.351221774255514,35.770386,10.09699833333337,0.00016666599999999934,5.4,60.0,3.6,4.8,False,-4.098979163669727,-0.027606674842371115,-9.636798054776953e-05,-0.012403806163792485,0.008922990244351715,-0.12313460864828994,-1.2282369894171317,-0.018620843823740192,677.4863636363636,-6.601988469950249e-05,-0.0008794543999368573,0.9720733798952759,True,,True
b1c17,Batch 1,17,857.0,5.4C(60%)-3.6C,5.403244159090909,856,856.0,0.8832469,True,True,True,99,True,1.072052,0.0012254000000000431,1.7886231292523448e-05,0.016683105,31.9939716042831,35.385391,10.103795000000051,0.0001762249999999986,5.4,60.0,3.6,4.8,False,-3.9697249393883856,-0.031067967108938555,-1.5841950119365806e-05,-0.013343115757399526,0.01035470022474281,-0.2563726655190609,-1.2911550356460983,-0.020031845257412216,646.3818181818182,-5.745225473132539e-05,-0.0007347411141738988,0.9704022765788812,True,,True
b1c18,Batch 1,18,691.0,5.4C(70%)-3C,5.4008899999999995,690,690.0,0.88114411,True,True,True,98,True,1.0661705,-0.005023800000000023,-4.754075940036315e-05,0.019886132,31.71161644383056,35.434071,9.957751666666688,-0.003994543,5.4,70.0,3.0,4.909090909090909,False,-3.6496460333798235,-0.04413321540827286,-7.0900211378374265e-06,-0.02070238680333876,0.01496845525007736,-0.0521571596856165,-1.3472611617943193,-0.031078091572462316,565.090909090909,-0.00012343772970994468,-0.0009773952975305968,0.9763762726727276,True,,True
b1c19,Batch 1,19,788.0,5.4C(70%)-3C,5.400559336363636,787,787.0,0.88093972,True,True,True,99,True,1.0851147,-0.0015537000000001022,-1.0355845392700724e-05,0.016325571,33.02017593106701,36.838898,9.957913333333272,0.00010971300000000087,5.4,70.0,3.0,4.909090909090909,False,-3.6194723156628177,-0.04589269342650848,2.1077895370541288e-05,-0.020106274821769736,0.015497578403806353,-0.27383458615882,-1.2757908026656486,-0.030184249165609252,569.340909090909,-8.536516400756987e-05,-0.0007209463430522028,0.9784556735882304,True,,True
b1c20,Batch 1,20,534.0,5.4C(80%)-5.4C,5.401316545454545,533,533.0,0.88078493,True,True,True,99,True,1.07263,-0.014476399999999945,-0.00013977618181817777,0.0151654865,32.11258446685879,34.929241,9.006340000000394,-0.00019969800000000162,5.4,80.0,5.4,5.4,False,-3.3668028984718394,-0.06358042689660326,1.8427258121377196e-05,-0.03279598300714767,0.020729964137115416,0.24203597106085864,-1.0720799172814055,-0.049227298769213654,413.1965909090909,-0.0002686297217966245,-0.000706114912846188,0.8991190014196963,True,,True
b1c21,Batch 1,21,559.0,5.4C(80%)-5.4C,5.401077272727273,558,558.0,0.88016534,True,True,True,99,True,1.0824388,-0.009073200000000003,-8.178444155844591e-05,0.0151120665,33.086142940839714,36.827511,8.985736666666586,9.158700000000061e-05,5.4,80.0,5.4,5.4,False,-3.34990353982557,-0.06472026276575493,-3.84488197064381e-05,-0.030657577112710634,0.021137237640278268,-0.0903021619545271,-1.1427943017089603,-0.04601984457750404,440.54545454545445,-0.00020029304700821578,-0.000926442206880284,0.9287949246001913,True,,True
b1c22,Batch 1,22,891.0,6C(30%)-3.6C,6.000640181818182,890,890.0,0.96327895,True,True,True,99,True,1.0793039,-0.0009717000000000198,-6.75583426098541e-06,0.016594604,32.77814718665466,36.624649,11.43029333333349,0.00011442400000000186,6.0,30.0,3.6,4.235294117647059,False,-3.9517341613687624,-0.032147144008991324,-0.0001204832637033784,-0.014716371313208602,0.01057141006205482,-0.1354103129749131,-1.2787422796637729,-0.022092294259523505,657.9090909090909,-5.484393394509013e-05,-0.0003353043270563257,0.9213318097146203,True,unresolved_EOl_or_continuation,False
b1c23,Batch 1,23,1014.0,6C(30%)-3.6C,6.000434163636363,1013,1013.0,0.88066453,True,True,True,99,True,1.0792934,-0.0009636000000001754,-6.950910327772603e-06,0.016829848,31.92229278765885,34.845608,11.430255000000004,0.0001342129999999976,6.0,30.0,3.6,4.235294117647059,False,-4.040359131553872,-0.029953516931757296,-0.00010798210767425907,-0.013340620512360239,0.009545978111708393,-0.1433895777042042,-1.230757025097194,-0.02002689691191373,764.8454545454546,-6.224825692470316e-05,-0.0005864017531488953,0.9595089250471138,True,,True
b1c24,Batch 1,24,1017.0,6C(40%)-3C,6.000591981818182,1016,1016.0,0.88046598,True,True,True,99,True,1.0745355,-7.259999999997824e-05,2.024258503403737e-06,0.016575195,33.36125883258317,36.842693,12.098313333333742,0.0001476269999999974,6.0,40.0,3.0,4.0,False,-3.9382280118825164,-0.03184213409789827,-0.0001502298216001583,-0.013873507013282613,0.010737075181209733,-0.33937237856835667,-1.2745580582630516,-0.02082778452299309,750.9772727272727,-6.30917845207351e-05,-0.000536482011208294,0.9655238811311848,True,,True
b1c25,Batch 1,25,854.0,6C(40%)-3C,6.000946018181818,853,853.0,0.88019997,True,True,True,99,True,1.0752345,-0.0003018999999999661,5.12931354361571e-07,0.016592251,33.818621359592235,37.965492,12.09737499999998,0.0001323540000000012,6.0,40.0,3.0,4.0,False,-4.027454308766241,-0.02944117289056547,-9.82594134391011e-05,-0.012406193052887388,0.009688863681954993,-0.35847270881961985,-1.24159957984498,-0.018625083502745804,603.5022727272727,-6.426250699870446e-05,-0.0006067087768277213,0.9763755725342732,True,,True
b1c26,Batch 1,26,870.0,6C(40%)-3.6C,6.000880836363637,869,869.0,0.88105017,True,True,True,99,True,1.0876514,-0.0016640999999999462,-1.521046134818085e-05,0.016286567,33.13189976172951,36.478378,10.765060000000327,0.00016220099999999724,6.0,40.0,3.6,4.5,False,-3.7947854850113254,-0.03835445363245393,-0.00014281782944804285,-0.01785015712562481,0.01266506017256949,-0.11724410360134359,-1.2770522728434992,-0.026796507343767713,656.190909090909,-7.405819175329133e-05,-0.0007384005681028177,0.9660890771167464,True,,True
b1c27,Batch 1,27,842.0,6C(40%)-3.6C,6.001149999999999,841,841.0,0.88130057,True,True,True,99,True,1.0790461,-0.001266699999999954,-1.0758799010519626e-05,0.016091034,33.872707935886,37.510441,10.763831666666677,0.00017213099999999898,6.0,40.0,3.6,4.5,False,-3.8532686882819216,-0.03583211964634625,0.0001835965536658858,-0.01551418714665611,0.011840380414145325,-0.2899536340955788,-1.2370075501838729,-0.023290628657651215,635.0636363636364,-6.900127514822824e-05,-0.0007194837900193663,0.9656655100309589,True,,True
b1c28,Batch 1,28,860.0,6C(50%)-3C,6.001841454545454,859,859.0,0.88058227,True,True,True,99,True,1.0777475,-0.0012768000000000779,-7.726680272115018e-06,0.016677085,33.75822101473294,37.503998,11.178876666666474,0.00020726000000000078,6.0,50.0,3.0,4.363636363636363,False,-3.8442772957221814,-0.03721348031974192,-8.380384514080974e-06,-0.016698122755162716,0.011963585346691515,-0.14284737071074222,-1.2386730617622315,-0.02506702675917921,621.3772727272726,-6.664662368384957e-05,-0.0006591899878204829,0.9790580237622918,True,,True
b1c29,Batch 1,29,917.0,6C(50%)-3C,6.000442545454544,916,916.0,0.88035375,True,True,True,99,True,1.0794537,-0.00098240000000005,-5.212719851575346e-06,0.016537232,32.67099526443202,35.369377,11.179469999999856,0.00015906600000000284,6.0,50.0,3.0,4.363636363636363,False,-3.837847193189059,-0.036868449881918286,0.00014622642198592996,-0.01660052342693117,0.012052479553811803,-0.13783680436930337,-1.2789101808035328,-0.024920920781161232,677.1136363636364,-7.051248593453079e-05,-0.0006335279178157414,0.9739608940678361,True,,True
b1c30,Batch 1,30,709.0,6C(50%)-3.6C,6.00054309090909,708,708.0,0.88054287,True,True,True,99,True,1.0798637,-0.001953399999999883,-1.6368218923929572e-05,0.016003853,33.51565886392693,36.798958,10.09681166666669,0.00018518799999999933,6.0,50.0,3.6,4.8,False,-3.7442647061242904,-0.04081538502439652,-5.329710878929265e-05,-0.017719122166801278,0.013423558102409727,-0.2856200322679556,-1.227124675794793,-0.02660063163695444,545.9409090909091,-7.52890087207999e-05,-0.0009606956413965775,0.9749950269866068,True,,True
b1c31,Batch 1,31,876.0,6C(50%)-3.6C,6.000891609090909,875,875.0,0.88099223,True,True,True,99,True,1.0946392,-0.0027898000000001755,-2.62010822510796e-05,0.016865432,30.34183269795534,30.673065,10.096814999999818,0.00013676699999999944,6.0,50.0,3.6,4.8,False,-3.7772981123140252,-0.03947820648424727,0.00024625150422956854,-0.017983588803246863,0.01292263101271236,-0.11089934658763469,-1.242331646864528,-0.026996660133403256,674.6068181818182,-7.54375621643189e-05,-0.0008123757391541157,0.976116710567682,True,,True
b1c32,Batch 1,32,731.0,6C(60%)-3C,6.000553454545454,730,730.0,0.88080907,True,True,True,99,True,1.0778366,-0.0016681999999998975,-1.2776272108848686e-05,0.016162833,33.04941632723948,36.212955,10.096439999999953,0.0001891890000000028,6.0,60.0,3.0,4.8,False,-3.646028985296344,-0.04556628526257467,-5.0009978621518e-05,-0.020730273837007353,0.015030918062443454,-0.15588996363219895,-1.2798429768176542,-0.031120302528441827,539.7272727272727,-7.712183377647657e-05,-0.0008225690956052336,0.9741336343995095,True,,True
b1c33,Batch 1,33,757.0,6C(60%)-3C,6.000851727272726,756,756.0,0.88011229,True,True,True,99,True,1.0924908,-0.002425699999999864,-2.1812165739027016e-05,0.016488729,33.64032455514022,37.714432,10.096583333333305,0.00012598700000000101,6.0,60.0,3.0,4.8,False,-3.6666230858126236,-0.044901781211682756,-5.389082774078465e-05,-0.021651569301358076,0.014678729152887022,0.06492954219492558,-1.2329047019421888,-0.0325019262731264,558.9318181818182,-8.709046508842714e-05,-0.0008437941000129722,0.967803587318715,True,,True
b1c34,Batch 1,34,742.0,7C(30%)-3.6C,7.000585213636363,741,741.0,0.88205445,True,True,True,99,True,1.0766174,-0.00040940000000011523,-3.129647495333547e-07,0.016857415,32.62002792766739,36.145824,11.001284999999916,0.00014472800000000022,7.0,30.0,3.6,4.401746724890829,False,-3.848181645234819,-0.037218141748807665,0.00013834274344112118,-0.016080359430316875,0.011909929134393947,-0.15112795113447353,-1.1797968610755107,-0.02414064710027393,583.1227272727272,-7.27007323566158e-05,-0.0009751995185853114,0.9679985344015828,True,,True
b1c35,Batch 1,35,703.0,7C(30%)-3.6C,7.000007636363636,702,702.0,0.8802399,True,True,True,99,True,1.0707464,-0.00013669999999987859,3.195320964752807e-06,0.016958555,32.03515981278966,34.878029,11.001281666666667,0.00017966200000000057,7.0,30.0,3.6,4.401746724890829,False,-3.7721713038220117,-0.039152034335048436,-2.7439033630668216e-05,-0.018223341654084003,0.01299913182815531,-0.0946292738821206,-1.3004232414006434,-0.027356945768315814,519.0454545454546,-6.67417505163687e-05,-0.0008438604134655845,0.9704685686174617,True,,True
b1c36,Batch 1,36,704.0,7C(40%)-3C,7.000118636363636,703,703.0,0.88231802,True,True,True,99,True,1.0778315,-0.001297899999999963,-7.183043908475764e-06,0.016428975,32.01632083484572,33.948322,11.52468333333333,0.00022208899999999823,7.0,40.0,3.0,4.2,False,-3.6690668308219268,-0.044621405961221994,-1.3523853786503152e-05,-0.02104235085802675,0.014637489097021601,-0.02415663851195429,-1.2881673796733442,-0.031588169163337426,519.784090909091,-7.440383142692638e-05,-0.0008650004365355008,0.9761150222669299,True,,True
b1c37,Batch 1,37,648.0,7C(40%)-3C,7.000661709090909,647,647.0,0.88336319,True,True,True,99,True,1.0748194,-0.001513400000000109,-9.680958565245865e-06,0.016540263,32.91670765451218,36.01952,11.524764999999995,0.00019665099999999908,7.0,40.0,3.0,4.2,False,-3.673504381540903,-0.044544784957630146,-0.00017811853868847618,-0.019436824634916583,0.014562898051922377,-0.23683126550203498,-1.2640908185005564,-0.029179144808805377,478.61931818181824,-8.194855773480225e-05,-0.0008960431654658514,0.9743672591631898,True,,True
b1c38,Batch 1,38,617.0,7C(40%)-3.6C,7.002616218181817,616,616.0,0.88110942,True,True,True,99,True,1.0729513,-0.0010924999999999407,-9.43712430427038e-06,0.016196873,33.689996935041165,37.359093,10.193719999999969,0.0002285550000000018,7.0,40.0,3.6,4.754716981132075,False,-3.432613661772658,-0.05641559694699583,8.902719902493308e-05,-0.026764193834967424,0.019217335363196496,-0.06390632161996249,-1.3490899349504712,-0.04017744896871364,475.7295454545455,-8.735917588438354e-05,-0.0011098256194574812,0.9713682624575817,True,,True
b1c39,Batch 1,39,625.0,7C(40%)-3.6C,7.0030989454545445,624,624.0,0.88011074,True,True,True,99,True,1.0817773,-0.0008420000000000094,-3.294477427340171e-06,0.016678439,33.496211521901266,37.425632,10.274616666666892,0.00023965600000000128,7.0,40.0,3.6,4.754716981132075,False,-3.5040992086790537,-0.053143954091811496,-6.723912969123124e-05,-0.024440041487006035,0.017699067911816472,-0.15273152601957188,-1.2775748289994968,-0.03668939871430891,471.9681818181818,-8.68395772195077e-05,-0.0010935628245569826,0.9755271362956913,True,,True
b1c40,Batch 1,40,966.0,8C(15%)-3.6C,7.9999146909090895,965,965.0,0.88060951,True,True,True,99,True,1.0833029,-0.0014332999999999707,-8.20486332715938e-06,0.016673233,33.44210184234233,37.772625,12.054698333333363,0.0002280269999999987,8.0,15.0,3.6,4.013937282229966,False,-4.054778193380718,-0.02909570881628587,-1.2058511917748113e-05,-0.012628807847703542,0.009388817629533258,-0.24887813689746457,-1.2416999273444589,-0.0189582791424852,697.9863636363635,-6.877988700235161e-05,-0.0005611330699398282,0.9540392451706889,True,,True
b1c41,Batch 1,41,1051.0,8C(15%)-3.6C,8.002228095454544,1050,1050.0,0.88106161,True,True,True,99,True,1.0789614,-0.0005790000000001072,-1.3855287570256206e-07,0.016742818,33.05365605992836,36.819073,12.054646666666182,0.00017737599999999992,8.0,15.0,3.6,4.013937282229966,False,-4.071079457405483,-0.02850629135902205,2.218394459089346e-05,-0.012358568562846162,0.009214255940467138,-0.23170401434007895,-1.243162375916453,-0.018553128290624006,792.7636363636362,-6.447587701436655e-05,-0.0005652385794157099,0.9687528323068335,True,,True
b1c42,Batch 1,42,702.0,8C(25%)-3.6C,8.000885509090908,701,701.0,0.88035142,True,True,True,99,True,1.0798725,-0.0004695000000001226,2.113598021033933e-06,0.016713146,33.567920671804195,37.708351,11.138530000000417,0.0002665859999999992,8.0,25.0,3.6,4.347169811320755,False,-3.665421273494984,-0.04470964572873015,-0.0002104370037568757,-0.020599210252813277,0.01469905325127921,-0.10785593567169308,-1.316822776560952,-0.030923283927720528,496.0659090909091,-7.520561654462291e-05,-0.0008067577634912299,0.9799074778294887,True,,True
b1c43,Batch 1,43,651.0,8C(25%)-3.6C,8.004983177272727,650,650.0,0.88044435,True,True,True,99,True,1.0682389,-0.002598499999999948,-2.401481014224145e-05,0.01610462,33.31609143036837,36.827,11.138113333333118,0.00024833199999999694,8.0,25.0,3.6,4.347169811320755,False,-3.6673445598607963,-0.044605890152637384,-3.940573486494126e-05,-0.019165626778476195,0.0146665416562745,-0.23761009970002483,-1.3031252334495718,-0.028772389873803123,491.0545454545454,-8.274106794618565e-05,-0.0009415171872600536,0.9822358560644725,True,,True
b1c44,Batch 1,44,616.0,8C(35%)-3.6C,8.000659036363636,615,615.0,0.88048309,True,True,True,99,True,1.0847682,-0.0035061000000000675,-3.3615460729745583e-05,0.017402867,32.527535071294594,35.845242,10.22140833333348,0.0002842720000000021,8.0,35.0,3.6,4.7407407407407405,False,-3.4202654930324226,-0.05879707165403769,-0.0001624503544244773,-0.029329092901317067,0.019492487010423103,0.13928886974394167,-1.2897302250573996,-0.044025473959789396,426.90227272727276,-9.102956063805291e-05,-0.0008885934091635222,0.977236466840469,True,,True
b1c45,Batch 1,45,599.0,8C(35%)-3.6C,8.000873227272727,598,598.0,0.88104212,True,True,True,99,True,1.0839558,-0.0016899999999999693,-1.2920053184917479e-05,0.016666809,32.984174043639676,36.723297,10.221549999999842,0.0002745330000000004,8.0,35.0,3.6,4.7407407407407405,False,-3.4248577239248355,-0.059403509916114317,0.00010571722070946006,-0.02886609052113574,0.01938970215948092,0.11537089433164252,-1.2807934030262746,-0.0433305839737735,425.02272727272725,-8.681112431761502e-05,-0.0009692850693849919,0.9764225988767594,True,,True
b2c0,Batch 2,0,477.0,5.2C(58%)-4C,5.201894545454545,496,496.0,0.82661337,True,True,True,99,True,1.1020051,0.0015544999999999032,1.3737568336431474e-05,0.017348878,31.799219003666007,35.372746,10.173188333333625,4.996200000000062e-05,5.2,58.0,4.0,4.803695150115473,False,-3.486830284527127,-0.055061277717081025,-9.521354407294514e-05,-0.025801000173386008,0.018054474729491392,-0.031479490173761226,-1.2427805311018725,-0.03873090802126279,377.87499999999994,-0.00010857870673727092,-0.001971453280951126,0.9438059569625136,True,,True
b2c1,Batch 2,1,491.0,5.6C(26%)-4.5C,5.601966181818181,513,513.0,0.82848173,True,True,True,99,True,1.1057826,-0.006769200000000142,-3.290422139764397e-05,0.017505936,33.627182096905216,36.433281,10.176856666666572,-0.0003204049999999993,5.6,26.0,4.5,4.8068669527897,False,-3.297616853702019,-0.0661147205894651,7.108555611635758e-05,-0.035595007639683186,0.022448719486809404,0.3179739331543852,-1.1588961042902888,-0.05342828354342686,382.7136363636363,-0.00019392650691429746,-0.001517849514714477,0.9048337634585243,True,,True
b2c2,Batch 2,2,424.0,5.2C(50%)-4.25C,5.200890277272727,439,439.0,0.82700932,True,True,True,99,True,1.0753863,-0.005759800000000093,-5.396060358691645e-06,0.016449537,33.1955179122312,37.47139,10.174891666667342,0.00018452299999999894,5.2,50.0,4.25,4.797829036635006,False,-3.4598138533388,-0.052717818544041395,-9.348703145968057e-05,-0.025013386420214043,0.01862486241950328,-0.15548705410586489,-1.4047752618060978,-0.03755061607566037,354.6659090909091,-0.0001378510128814221,-0.0022470977070543287,0.9027190397134527,True,,True
b2c3,Batch 2,3,499.0,4.65C(44%)-5C,5.001117336363636,517,517.0,0.82550967,True,True,True,99,True,1.0959566,0.001900600000000141,7.592857884971752e-05,0.015905565,33.98161943355816,38.77632017063943,10.173140000000421,0.0002611299999999983,4.65,44.0,5.0,4.80123902942695,False,-3.4958084852006754,-0.05586845261151374,-3.60397413177497e-05,-0.020089882918698704,0.017868815201419887,-0.6875549965892124,-0.8113184735348473,-0.03016197144417994,393.2909090909091,-0.00015456806176036977,-0.001630800241737026,0.9247941043671809,True,,True
b2c4,Batch 2,4,444.0,4.65C(69%)-6C,5.74374114090909,464,464.0,0.82712674,True,True,True,99,True,1.0899745,-0.009355000000000002,-6.742782807669012e-05,0.016131761,33.07318253673964,37.414394,10.229923333332408,-0.00026122500000000035,4.65,69.0,6.0,4.798452112221864,False,-3.232072300452541,-0.07029720690084085,0.00013025762408843224,-0.034781796484889084,0.024208275311539497,-0.010553223599522942,-1.3028634336884553,-0.05221072066364478,340.99545454545455,-0.00018055342601893838,-0.0015126173452709064,0.9127031582408345,True,,True
b2c5,Batch 2,5,416.0,3.6C(30%)-6C,6.001829636363636,445,445.0,0.8261537,True,True,True,99,True,1.0989141,-0.02270519999999987,-0.00019484917996289103,0.015238014,32.98248914246352,37.647213,10.201064999999168,-0.00025567799999999877,3.6,30.0,6.0,4.800000000000001,False,-3.0854472125051675,-0.08615002847927744,2.920642290152572e-05,-0.04648540460048997,0.028660013705642202,0.3627188702636176,-1.036744735361188,-0.06977185167577418,296.14545454545447,-0.00028989774583294635,-0.001190632638525858,0.9101440322656482,True,,True
b2c6,Batch 2,6,393.0,3.6C(9%)-5C,4.999954909090909,409,409.0,0.82940364,True,True,True,99,True,1.0885617,0.00025420000000009324,6.24381335807018e-05,0.016008791,33.791299356677115,39.711826,10.179401666667157,3.471400000000166e-05,3.6,9.0,5.0,4.790419161676646,False,-3.5296051747279322,-0.04987247893740465,6.053608010545594e-05,-0.02082479246051704,0.017186894560587668,-0.42154574871824896,-1.215345240498726,-0.03126462016225392,285.84999999999997,-0.00014103643490843284,-0.0016280103922720489,0.9245958990129333,True,,True
b2c7,Batch 2,7,777.0,4.8C(80%)-4.8C-newstructure,4.801648590909091,806,806.0,0.8264814,True,True,True,99,True,1.0904776,0.00692769999999987,5.346993939393214e-05,0.014786606,33.76497089292143,37.142246,10.035609999999481,2.429600000000004e-05,4.8,80.0,4.8,4.8,False,-4.231235578131388,-0.021737979924043582,0.00018215769615613552,-0.008823099834708447,0.00766270684542111,-0.3740164055449279,-1.3272708175509857,-0.013247534547733208,621.2159090909091,-9.960585426236705e-05,-0.001024315194010157,0.9284392466487994,True,,True
b2c8,Batch 2,8,904.0,5.2C(58%)-4C-newstructure,5.20117189090909,947,947.0,0.8255862,True,True,True,99,True,1.0906329,-0.0007699999999999374,-4.8129210760671786e-05,0.01646602,33.6280066820834,35.69222849670803,10.039828333334299,4.834999999999909e-05,5.2,58.0,4.0,4.803695150115473,False,-4.101987968526722,-0.027841110945332148,7.99459666896464e-05,-0.011203415580045945,0.008892134349308448,-0.44609492794130745,-0.9497791877631392,-0.016818617480546878,714.8000000000001,-4.032117471815606e-05,-0.0010030229069639192,0.9703162522286857,True,,True
b2c9,Batch 2,9,791.0,5.6C(26%)-4.5C-newstructure,5.602523613636363,819,819.0,0.82610458,True,True,True,99,True,1.0949715,-0.0010336999999998042,-3.178960420532104e-05,0.015403836,32.334769888870795,33.600475,10.040233333333406,-9.521499999999919e-05,5.6,26.0,4.5,4.8068669527897,False,-4.343991170888546,-0.019754152325308416,0.007641342941403423,-0.007446960333569007,0.0067298349705290994,-0.052268003657793334,-0.7618914639490715,-0.01117824319337667,631.2318181818181,-5.654357975352876e-05,-0.0011480871046399904,0.9421627704951212,True,,True
b2c10,Batch 2,10,492.0,4.8C(80%)-4.8C,4.801547963636363,519,519.0,0.82791102,True,True,True,99,True,1.1092782,0.006365199999999849,5.4494455906002766e-05,0.01704818,31.73298002338138,34.33578360866528,10.17084500000031,-7.38219999999977e-05,4.8,80.0,4.8,4.8,False,-3.450465601523543,-0.05580244986198335,-3.745489361485022e-05,-0.02952029629956943,0.018826396420971843,0.26360088401366594,-1.244020568473018,-0.04431191504885022,363.7318181818182,-0.0001001694786690845,-0.0015709194801110677,0.9492787432111951,True,,True
b2c11,Batch 2,11,449.0,5.2C(50%)-4.25C,5.201520709090909,468,468.0,0.82524824,True,True,True,99,True,1.0959171,0.010471899999999978,0.00011636928385899045,0.017202089,33.173304895742966,38.00883090321228,10.173753333333298,0.00039378500000000066,5.2,50.0,4.25,4.797829036635006,False,-3.484958709205863,-0.05489875594719695,-7.08192254983666e-05,-0.024012633467613776,0.018093419203139786,-0.2224128965807251,-1.2403560236213387,-0.0360483365144574,350.5488636363637,-4.847558113882405e-05,-0.0021270981340853843,0.9588664336445367,True,,True
b2c12,Batch 2,12,466.0,4.65C(44%)-5C,5.001783549999999,493,493.0,0.82528538,True,True,True,99,True,1.1016457,0.0038705999999999463,3.124443661100505e-05,0.016500052,31.36205291461498,33.488228,10.174634999999155,-0.0004050379999999999,4.65,44.0,5.0,4.80123902942695,False,-3.167533856376959,-0.07733124344865683,2.5599653875487077e-05,-0.03939759227215439,0.026075525637443326,0.1180602471403766,-1.240976123167642,-0.05913786258577024,332.1454545454545,-0.00015908922032235203,-0.0013518906584267408,0.9297179160661064,True,,True
b2c13,Batch 2,13,460.0,4.65C(69%)-6C,5.765533927272727,483,483.0,0.82574999,True,True,True,99,True,1.0954365,-0.001671499999999826,-1.1445944341368896e-05,0.016024956,31.97646643833542,35.029217,10.21302999999995,-0.0003938470000000027,4.65,69.0,6.0,4.798452112221864,False,-3.344013210109811,-0.06467448840609535,2.057302958928932e-05,-0.0340700221226121,0.021281066799984757,0.33528540381461425,-1.0954799668026238,-0.05113892335591391,347.14772727272725,-0.00012392155959092528,-0.0015841758039058097,0.9494976025503038,True,,True
b2c14,Batch 2,14,426.0,3.6C(30%)-6C,6.001651068181818,461,461.0,0.82618046,True,True,True,99,True,1.0844886,-0.007291900000000018,-0.00010165705627706068,0.016185988,32.13709390542188,35.142332546555636,10.23871166666698,-0.00024404999999999913,3.6,30.0,6.0,4.800000000000001,False,-3.1180854544748184,-0.0837144352028476,-0.0001943753785575401,-0.04455576451036339,0.027603062753729733,0.2892622635908048,-1.0879924192588737,-0.0668770052035785,332.27272727272725,-0.0002083109264529536,-0.0015246245216353094,0.960524277754056,True,,True
b2c15,Batch 2,15,396.0,3.6C(9%)-5C,5.0022295590909085,414,414.0,0.82608759,True,True,True,99,True,1.0697494,0.0058939000000000075,9.20414260977118e-05,0.016234431,32.85630869612978,36.044205,10.174996666668449,-0.00025458399999999867,3.6,9.0,5.0,4.790419161676646,False,-3.5158174150026964,-0.05093467639415561,-0.00010253456264084181,-0.024135288352654265,0.017461891785815278,-0.07198505134126539,-1.3942615560836726,-0.03623152175664686,300.49431818181813,-0.00015910169110093856,-0.001624981470077744,0.9139454695922852,True,,True
b2c16,Batch 2,16,472.0,4.8C(80%)-4.8C,4.801164090909091,499,499.0,0.82648873,True,True,True,99,True,1.0945363,-0.0024861000000000466,-1.5038863327153774e-05,0.017480344,32.77962567049275,36.96709367982115,10.171568333332349,-4.860000000009301e-07,4.8,80.0,4.8,4.8,False,-3.4944464801006045,-0.0532543676756424,-0.00018833040630502525,-0.026244652410942607,0.01789685666840979,0.07226725008655585,-1.2973434555142416,-0.03939612343472676,365.33636363636367,-0.0001784503013397295,-0.0015224432904976147,0.9263507001199343,True,,True
b2c17,Batch 2,17,471.0,5.6C(26%)-4.5C,5.602293909090909,494,494.0,0.8272146,True,True,True,99,True,1.0917177,0.0018574999999998454,3.904175881262204e-05,0.017060153,33.01904714673025,34.751171,10.17710500000006,-0.0001418240000000022,5.6,26.0,4.5,4.8068669527897,False,-3.4999096167000205,-0.05256239657553352,-8.595721552723563e-05,-0.024346340387445996,0.017784644631892325,-0.17184163378254713,-1.2845746789135757,-0.03654873894102899,347.31136363636364,-0.0001851010585750069,-0.0012819381264624408,0.9051905702415806,True,,True
b2c18,Batch 2,18,449.0,5.2C(50%)-4.25C,5.201955631818182,467,467.0,0.82719898,True,True,True,99,True,1.0756292,0.007177800000000012,0.00011339298701298683,0.016633099,32.91137001003535,36.363369,10.173984999999327,0.0001612269999999999,5.2,50.0,4.25,4.797829036635006,False,-3.7068682244022804,-0.03974566910430133,0.00011606288549960105,-0.016640891110932497,0.014014121802268523,-0.27399050468455843,-1.4476473563248367,-0.024984752881900635,363.3386363636364,-0.00012734600746607444,-0.0018967042135743443,0.9287015050581269,True,,True
b2c19,Batch 2,19,392.0,6C(60%)-3C,6.001857799999999,411,411.0,0.82597393,True,True,True,99,True,1.0902406,0.0006085999999998482,2.1983457019166268e-05,0.016701423,32.788666691536235,36.57684299512419,10.174568333333445,0.00018874200000000216,6.0,60.0,3.0,4.8,False,-3.2915234927686763,-0.06565175087353758,6.291054244101832e-05,-0.03430820779792184,0.022606756349940204,0.15644766877386318,-1.2824483398052942,-0.05149893400965737,304.1363636363636,-0.00012014733116991773,-0.00205175765311154,0.9435718338566166,True,,True
b2c20,Batch 2,20,489.0,5.2C(58%)-4C,5.201839127272727,506,506.0,0.82856864,True,True,True,99,True,1.0977259,0.0038581999999998118,2.8384829931970537e-05,0.016592262,33.64657813789262,36.79443515156847,10.172896666666688,0.00022230099999999767,5.2,58.0,4.0,4.803695150115473,False,-3.440870919636383,-0.06050408803806073,-0.000196828332951257,-0.024435139451588442,0.01903551101879336,-0.4400636355927272,-0.957458621386396,-0.03668251672590607,392.721590909091,-2.676824746682898e-05,-0.002179195339969843,0.9604056041534785,True,,True
b2c21,Batch 2,21,408.0,6C(60%)-3C,6.001219690909091,426,426.0,0.82783753,True,True,True,99,True,1.0985936,-0.002316299999999938,3.546821447123146e-05,0.017184095,33.62412356593225,38.72297559351446,10.174735000000025,0.00032434599999999966,6.0,60.0,3.0,4.8,False,-3.326244563425288,-0.06446758204398206,-0.00014105578859591097,-0.03328855261100499,0.021720895104392113,0.19608415924315734,-1.251398903580841,-0.049967328068722644,308.6079545454545,-0.00011832989159877959,-0.0019310279166518524,0.9468352466676171,True,,True
b2c22,Batch 2,22,,VarCharge-2C-100cycles,2.0002703636363637,920,920.0,1.0556005,True,True,True,98,False,1.0913191,-0.009375200000000028,-1.418554898869989e-05,0.021770682,34.54174812989119,38.1199090683446,24.217104999999478,0.0,,,,,True,-4.640734188833994,-0.006779169322993939,0.016036828717484575,-0.002618816303222525,0.0047822569345211145,1.4937747250417386,2.3109976015552753,-0.003927861096019072,358.7681818181818,-5.04085660374146e-05,-2.9190122431472875e-05,0.33671604127238974,False,missing_target;special_protocol,False
b2c23,Batch 2,23,,VarCharge-4C-100cycles,4.000371954545454,1152,1152.0,0.97824305,True,True,True,98,False,1.0904602,-0.016581300000000132,-0.00011966291430611959,0.021160889,34.17878861155735,35.51813061089793,12.211757499999173,0.0,,,,,True,-4.355819765383145,-0.01921756649136097,0.00031937761682577365,-0.011590160361131023,0.006638808132187672,0.9762813817900599,-0.6049483908128916,-0.017392124403133466,942.090909090909,-6.49981209180502e-05,-0.0002387914652058991,0.8190828030958089,True,missing_target;special_protocol,False
b2c24,Batch 2,24,514.0,4.8C(80%)-4.8C,4.802110818181818,536,536.0,0.82615805,True,True,True,99,True,1.0923017,0.00628659999999992,4.325509709338842e-05,0.016495604,33.21798237103504,38.091522,10.16985833333456,1.9290000000001667e-05,4.8,80.0,4.8,4.8,False,-3.640450756301035,-0.04572997432532899,6.422339966413571e-05,-0.02277147977476359,0.015127759860142146,0.1476136242840098,-1.2471731454063106,-0.03418281005677275,399.1534090909091,-9.685152505723596e-05,-0.0016180252660292595,0.9467552401804622,True,,True
b2c25,Batch 2,25,493.0,5.2C(58%)-4C,5.201995872727273,511,511.0,0.82751423,True,True,True,99,True,1.098838,0.005356099999999975,3.860060482374841e-05,0.016720142,32.24301854287195,34.389709,10.173028333333786,0.00017835399999999862,5.2,58.0,4.0,4.803695150115473,False,-3.5340434182477156,-0.05050846489030969,-4.5340619104201576e-05,-0.023610982444417374,0.017099298385116007,-0.06308093131581609,-1.35463427565552,-0.03544449279888991,396.48863636363643,-4.727330545337463e-05,-0.0021155804278387806,0.9590834886973221,True,,True
b2c26,Batch 2,26,450.0,5.6C(26%)-4.5C,5.600166881818182,476,476.0,0.82529837,True,True,True,99,True,1.1043522,4.099999999995774e-05,-1.2231956709952081e-05,0.017640542,34.238781459464406,37.701433146017074,10.177515833333747,-0.00043664500000000286,5.6,26.0,4.5,4.8068669527897,False,-3.2216190960192628,-0.0733087791289827,-1.461487027885509e-05,-0.03803854165400029,0.024501374697599825,0.2306042531852906,-1.1876472544640768,-0.05709627870005765,349.3409090909091,-0.0001997318478127239,-0.0016769513392822155,0.9304965211169978,True,,True
b2c27,Batch 2,27,474.0,5.2C(50%)-4.25C,5.201780181818182,493,493.0,0.8266983,True,True,True,99,True,1.0925682,0.006948799999999977,8.322792949907285e-05,0.017579954,33.319305097566286,38.042976,10.174634999999641,0.00026327699999999926,5.2,50.0,4.25,4.797829036635006,False,-3.4857691211237922,-0.05449125756065937,-3.926139249814915e-05,-0.02468392780224258,0.01807654553240038,-0.13941125764050205,-1.3560947854988492,-0.03705587457349385,375.6727272727272,-5.054349096115136e-05,-0.002079150335201642,0.9595659743150329,True,,True
b2c28,Batch 2,28,437.0,4.8C(80%)-4.8C,4.800839509090909,456,456.0,0.82741743,True,True,True,99,True,1.0904486,0.005930200000000108,5.7402129870125894e-05,0.016234331,32.157921338288666,35.33018416819798,10.17329416666665,-0.00024183800000000116,4.8,80.0,4.8,4.8,False,-3.4229766573491887,-0.05649138678277321,-1.6725146193166066e-05,-0.027989332592662373,0.01943173912409744,0.04589357737924896,-1.392138243417447,-0.042015789443883615,328.89204545454555,-0.00014363998661137434,-0.0016353462071207155,0.9279870284682593,True,,True
b2c29,Batch 2,29,452.0,5.2C(58%)-4C,5.202281963636363,470,470.0,0.82541627,True,True,True,99,True,1.1032062,0.010227500000000056,0.00012008288806431068,0.016724298,31.82218124832208,34.457729,10.172915000000891,0.00026262200000000055,5.2,58.0,4.0,4.803695150115473,False,-3.5078136673204168,-0.05263352953614442,-7.556575465258704e-05,-0.02532223237657199,0.017623540720944107,0.01932626013590632,-1.343050046827535,-0.03801243602069905,351.97840909090905,-5.804759296991932e-05,-0.002137799090223868,0.9567852371098078,True,,True
b2c30,Batch 2,30,412.0,5.6C(26%)-4.5C,5.6010095227272725,429,429.0,0.82665932,True,True,True,99,True,1.0946374,-0.005918899999999949,-8.503881385281154e-05,0.016803751,33.814491724369454,37.33594290425341,10.17933083333337,-0.0005068639999999992,5.6,26.0,4.5,4.8068669527897,False,-3.1849750475008567,-0.07552303651130998,1.6768799842831208e-05,-0.03965588948997046,0.025557153196441446,0.2515279053664399,-1.2012605620325187,-0.059523470828613714,328.69090909090914,-0.00018904632914212895,-0.0018945199318334007,0.9283343310642631,True,,True
b2c31,Batch 2,31,425.0,5.6C(26%)-4.5C,5.600878972727272,446,446.0,0.82528561,True,True,True,99,True,1.0990092,0.002072800000000097,3.9791858998146125e-05,0.016291203,33.42111686002277,35.692306558735936,10.178381666667216,-0.00045043999999999987,5.6,26.0,4.5,4.8068669527897,False,-3.351924319713292,-0.06422883358208353,0.0004689860046967753,-0.030624456764042955,0.021088118830245247,0.05936337084394179,-1.1693178938330255,-0.045969381640089055,328.4772727272728,-0.00020048761627991217,-0.0017006400425878753,0.9124746101580627,True,,True
b2c32,Batch 2,32,809.0,4.8C(80%)-4.8C-newstructure,4.800272818181818,834,834.0,0.82744044,True,True,True,99,True,1.0881557,-0.003806299999999929,-5.5682572665427346e-05,0.014792889,32.17184286740253,33.9031977046804,10.040889166666602,-7.121700000000016e-05,4.8,80.0,4.8,4.8,False,-4.131031643392329,-0.02746120651303563,-5.814087009912289e-05,-0.013389939833647101,0.008599717368583275,0.20810811539541815,-0.9709326905741698,-0.020098372867133237,642.7886363636362,-9.614836416052773e-05,-0.0009382890537365843,0.919498322532274,True,,True
b2c33,Batch 2,33,1140.0,5.2C(58%)-4C-newstructure,5.202309863636364,1190,1190.0,0.82506907,True,True,True,99,True,1.0732747,-0.005766399999999949,-0.00012531416326531098,0.014988063,32.75244488333857,34.241764,10.039278333333398,3.687999999999955e-06,5.2,58.0,4.0,4.803695150115473,False,-4.2311938075637325,-0.024084742136216253,0.0023936440985986712,-0.011579541007786182,0.007663075354951408,0.28635015070231196,-0.9750234294201903,-0.017379419453181732,917.0704545454546,-5.708215559467682e-05,-0.0006587930845572183,0.9809402721087599,True,,True
b2c34,Batch 2,34,1186.0,5.6C(26%)-4.5C-newstructure,5.601813895454544,1252,1252.0,0.82562441,True,True,True,99,True,1.0671737,-0.0043455999999999495,-5.456295732837848e-05,0.014947636,35.67532696418256,38.952343,10.040178333333218,-1.720199999999915e-05,5.6,26.0,4.5,4.8068669527897,False,-4.448150661550735,-0.01914294964399932,0.0013340518865872647,-0.008120054579074073,0.005969317364984292,-0.15249698219680757,-0.8858320720177963,-0.012188213737740154,964.8386363636363,-6.195106445565788e-05,-0.0006157936481831742,0.9806233686714568,True,,True
b2c35,Batch 2,35,,VarCharge-6C-100cycles,6.002127736363636,423,423.0,0.88112044,True,True,True,98,False,1.0689886,-0.03594419999999987,-0.00043320567125706505,0.020666521,36.5354372382433,38.32201,8.091728333332867,0.0,,,,,True,-3.2184744490870476,-0.07570840765806064,0.0002125234038513164,-0.044821244304517734,0.024590240452744883,0.8617955014453467,-0.5280191417600006,-0.06726949146085581,294.8875,-0.00030445161853469397,-0.0006677899267053553,0.9101936563188666,True,missing_target;special_protocol,False
b2c36,Batch 2,36,,VarCharge-8C-100cycles,8.000538227272727,280,280.0,0.88107425,True,True,True,98,False,1.0722352,-0.06289379999999989,-0.0007772913502851876,0.02033557,38.61475929353903,41.374668,6.776123333333574,0.0,,,,,True,-2.68448329757314,-0.1360257368450053,6.1084408759602e-06,-0.08442876531435932,0.04547349675259866,0.9431640406040281,-0.4847785003483276,-0.12670728094391154,200.58181818181816,-0.0005507296889945272,-0.0008677608032125541,0.5471760151897695,True,missing_target;special_protocol,False
b2c37,Batch 2,37,,3.6C(80%)-3.6C(SLOWCYCLE,3.600327727272727,101,101.0,2.1693008,True,True,True,98,False,1.0834186,1.0824838,3.235107460034247e-06,0.017126784,32.96186943864029,38.00659848211648,13.504224166666972,0.010226066999999998,3.6,80.0,3.6,3.6,True,-4.770176374855136,-0.028681743378075525,4.525363294785714e-05,-0.0029820466170849703,0.004120138474595078,-4.137164160229212,19.516484528963108,-0.004476958300308103,,,,,,missing_target;special_protocol,False
b2c38,Batch 2,38,,4.8C(80%)-4.8C(SLOWCYCLE,4.80149009090909,101,101.0,2.1653843,True,True,True,98,False,1.0843664,1.0762544,-5.234621578716625e-05,0.016474467,34.41283908714919,400.0,10.169826666666388,0.009355351000000001,4.8,80.0,4.8,4.8,True,-4.214915742585958,-0.03614952540357205,-0.00016131300857566625,-0.013148209711945616,0.0078080417832118686,0.1864693934987631,-0.2890409403255605,-0.0197358992682736,,,,,,missing_target;special_protocol,False
b2c39,Batch 2,39,,3.6C(9%)-5C(SLOWCYCLE,5.001494636363636,434,434.0,0.88120419,True,True,True,98,False,1.072063,1.0532462,-7.018608151789626e-05,0.016687425,32.90036033518576,37.61445451194722,10.175470833333506,0.008335282999999999,3.6,9.0,5.0,4.790419161676646,True,-3.362148981503471,-0.06095179783518334,-0.00019085176934269374,-0.03455301965015995,0.02084133379183266,0.4850189554710639,-1.06956669893821,-0.051862768883312184,289.66363636363633,-0.00016078860811030677,-0.0009384394898843813,0.9393731805476487,True,missing_target;special_protocol,False
b2c40,Batch 2,40,,5.2C(58%)-4C(SLOWCYCLE,5.2021893636363625,459,459.0,0.88021344,True,True,True,98,False,1.0839667,1.0758262,-1.5967939865742926e-05,,32.498051870993656,36.739704,10.17314666666595,,5.2,58.0,4.0,4.803695150115473,True,-3.5991327645155344,-0.048163210220580344,-3.467626324198292e-05,-0.02547583082825176,0.01586476406234525,0.36030885930217493,-1.0950510183408946,-0.03824001874962719,324.43863636363636,-0.0001650234518219575,-0.0010781929916670934,0.9238735558704171,True,missing_target;special_protocol,False
b2c41,Batch 2,41,442.0,5.6C(26%)-4.5C,5.601500090909091,463,463.0,0.82606894,True,True,True,99,True,1.1049188,0.003105399999999925,2.3998204081631683e-05,,30.21190845333967,32.64987436888579,10.177100833333679,,5.6,26.0,4.5,4.8068669527897,False,-3.17193129840298,-0.08093104924483763,-4.6344856152906764e-05,-0.037768291495701274,0.0259438455850183,-0.04405322397257599,-1.147794609736286,-0.0566929418226577,333.62499999999994,-0.00014727619170278158,-0.001717479187609355,0.9351089658382702,True,,True
b2c42,Batch 2,42,474.0,5.2C(50%)-4.25C,5.200417272727273,497,497.0,0.82577723,True,True,True,99,True,1.1024443,0.00849040000000012,8.583347433519058e-05,,31.73106848578076,35.60678045656034,10.175185000000056,,5.2,50.0,4.25,4.797829036635006,False,-3.4821531362335185,-0.054167624970645756,-3.450833605905964e-05,-0.02934071492636848,0.018151956072171665,0.3522600701222339,-1.1696552749695304,-0.04404147403610194,349.28181818181815,-5.2493318464084944e-05,-0.0017030815213957544,0.9567546075052438,True,,True
b2c43,Batch 2,43,1029.0,4.8C(80%)-4.8C-newstructure,4.801173659090908,1061,1061.0,0.82532436,True,True,True,99,True,1.0974334,-0.0031058000000001584,-7.295969944341106e-05,,33.919838924819175,37.09064266312057,10.03683833333295,,4.8,80.0,4.8,4.8,False,-4.27134741684955,-0.019164842112240565,0.010130506838166742,-0.00777834835139346,0.007316886050041782,0.37420234976273087,-0.7817920466084418,-0.011673931375824304,834.5454545454545,-5.2920963928334553e-05,-0.0009359902523842775,0.9532259901637274,True,,True
b2c44,Batch 2,44,841.0,5.2C(58%)-4C-newstructure,5.201034545454545,874,874.0,0.82503617,True,True,True,99,True,1.09659,-0.0010189000000000448,-2.446207668521927e-05,,33.96915338566803,36.971889,10.040326666667049,,5.2,58.0,4.0,4.803695150115473,False,-4.3640889685513224,-0.020302277620516618,0.00010670026400699112,-0.008750572617170911,0.006575904776824385,-0.23194799737826732,-1.106403239142095,-0.013135952668854685,701.3840909090909,-4.556719012240943e-05,-0.0013880640394251123,0.9704597066876817,True,,True
b2c45,Batch 2,45,997.0,5.6C(26%)-4.5C-newstructure,5.600915190909091,1027,1027.0,0.82734823,True,True,True,99,True,1.1030351,-0.0035545999999999633,-7.610656895484813e-05,,35.27689483051215,37.897650154460536,10.040363333333516,,5.6,26.0,4.5,4.8068669527897,False,-4.174780437396987,-0.026670418787086536,4.7618008762400016e-05,-0.011157666285585534,0.00817729718182962,-0.3306120082060121,-0.9291173231805274,-0.0167490733175148,775.1636363636363,-4.76421105875034e-05,-0.0008566691139467158,0.9451281331214807,True,,True
b2c46,Batch 2,46,503.0,4.8C(80%)-4.8C,4.802216981818181,523,523.0,0.82638663,True,True,True,99,True,1.100943,-0.001817100000000016,1.9638269635131457e-05,,29.84981627296423,30.950703,10.169789166667034,,4.8,80.0,4.8,4.8,False,-3.5084406210446826,-0.05286240500828243,0.0021619334239458277,-0.02283429863191323,0.01761082451312486,-0.13412441125201788,-1.2034508123030656,-0.03427646817457392,397.69545454545454,-0.00015157477652082046,-0.0016786983963436811,0.9349283849778814,True,,True
b3c0,Batch 3,0,1009.0,5C(67%)-4C-newstructure,5.002167409090909,1008,1008.0,0.8804329,True,True,True,99,True,1.0674551,-0.0009647000000001515,-5.346195423626031e-06,0.015232213,32.17311748654524,33.540382,10.042381666666673,2.0575000000000107e-05,5.0,67.0,4.0,4.804804804804805,False,-4.244680358543627,-0.02331165742747432,4.195191073483144e-05,-0.01010217739369119,0.007545010017569071,-0.195414865711608,-1.1717402871368614,-0.015165608551997606,840.9295454545453,-6.207294779590335e-05,-0.0007841999179782936,0.9526704704592945,True,,True
b3c1,Batch 3,1,1063.0,5.3C(54%)-4C-newstructure,5.302022745454545,1062,1062.0,0.8802734,True,True,True,99,True,1.0650603,-0.001784299999999961,-1.4719340754480143e-05,0.01497373,34.825948205381735,37.999934361617576,10.041276666666574,9.884200000000003e-05,5.3,54.0,4.0,4.7936687394007915,False,-4.285108198625103,-0.022324177554068236,-0.00015211554022655574,-0.009621018929360837,0.007201880330726357,-0.28679992286499123,-1.1236104130337805,-0.014443012732072403,869.0909090909091,-5.853230229788031e-05,-0.0007029610113156305,0.9746739457089224,True,,True
b3c2,Batch 3,2,1267.0,5.6C(19%)-4.6C-newstructure,5.601208072727273,1266,1266.0,0.88013124,True,True,True,99,True,1.060818,-0.0021739999999998982,-2.039117996289508e-05,0.014615634,36.782882183852564,40.479649,10.043701666666312,-0.00011229199999999995,5.6,19.0,4.6,4.803729603729602,False,-4.778946078146963,-0.008648038341613706,0.010524237005879011,-0.0026131423354832516,0.004078748817876315,1.256428729691488,1.9868579988438677,-0.003921718254080235,995.75,-5.376387694407856e-05,-0.0004915545679903257,0.9849255029270313,True,author_flagged_channel,False
b3c3,Batch 3,3,1115.0,5.6C(36%)-4.3C-newstructure,5.602786672727272,1114,1114.0,0.88058406,True,True,True,99,True,1.0628892,-0.0015107999999999233,-1.2654854669141905e-05,0.014999975,36.06830316612221,39.449645663816135,10.04134666666602,0.00011141699999999907,5.6,36.0,4.3,4.8015952143569285,False,-4.116173258607179,-0.026836614735112785,7.254636391688842e-05,-0.010705414352713173,0.00874809258444761,-0.48027029804574406,-1.0194973062739443,-0.016071407231785503,911.6363636363636,-5.747029806862755e-05,-0.000656532284404215,0.9692100018574419,True,,True
b3c4,Batch 3,4,1048.0,5.6C(19%)-4.6C-newstructure,5.600115654545454,1047,1047.0,0.88001466,True,True,True,99,True,1.0724765,-0.0006804999999998618,-5.233104514546137e-06,0.015128483,32.10085793038442,32.96263391373208,10.045795000000119,3.0350999999999642e-05,5.6,19.0,4.6,4.803729603729602,False,-4.178031161375803,-0.024810275761238065,-4.890704243583474e-05,-0.01010643886890673,0.008146750563285355,-0.4365144978334361,-1.1076539445166191,-0.015172486320835205,823.5363636363637,-6.416508093210179e-05,-0.000633727114876229,0.9609422869407567,True,,True
b3c5,Batch 3,5,828.0,5.6C(36%)-4.3C-newstructure,5.6024414681818175,827,827.0,0.88066918,True,True,True,99,True,1.0514506,-0.0018407000000000284,-1.602090043289774e-05,0.015176915,35.45367843309752,39.71212,10.042009999999815,1.5261000000000788e-05,5.6,36.0,4.3,4.8015952143569285,False,-4.113989462952569,-0.025445098246365427,0.00021307872928851695,-0.011445765437692483,0.008770114603017262,-0.16322704290280782,-1.2851521427273795,-0.017183308011456237,676.8181818181818,-8.100930790549649e-05,-0.0007488357821041836,0.9334423514673511,True,,True
b3c6,Batch 3,6,667.0,3.7C(31%)-5.9C-newstructure,5.898636927272727,666,666.0,0.88052577,True,True,True,99,True,1.0626124,-0.01867390000000002,-0.0002023977884972222,0.013750632,34.10632121690864,37.03875,10.077968333333168,0.0002643309999999996,3.7,31.0,5.9,4.795167490389896,False,-3.525273681171474,-0.05320164659124538,0.00025720584764030684,-0.028517561100453784,0.017272816506029073,0.483884760625972,-0.8654053648248254,-0.042802657355872645,460.4545454545454,-0.00020865530494892457,-0.00039119163644678356,0.9650210136828345,True,,True
b3c7,Batch 3,7,1836.0,4.8C(80%)-4.8C-newstructure,4.365534872727273,1835,1835.0,0.88036358,True,True,True,99,True,1.0675218,-0.0018107999999998903,-2.3574483611610727e-06,0.015425878,32.77304781483688,34.252528221181315,11.038663333333291,5.844999999999982e-05,4.8,80.0,4.8,4.8,False,-4.48830767619389,-0.017059021835070354,0.00016612471977571507,-0.007037779014879844,0.0056996234143197495,-0.3412950887984842,-1.2007655064954617,-0.010565730308487467,1414.0136363636361,-4.0738771008099415e-05,-0.00030165052921314064,0.96800598670192,True,,True
b3c8,Batch 3,8,828.0,5C(67%)-4C-newstructure,5.001971181818181,827,827.0,0.88094097,True,True,True,99,True,1.0647362,-0.0009093000000000018,-3.3089511440911376e-06,0.01524828,33.04390415335477,35.07421004789892,10.043123333332671,-2.2286999999999307e-05,5.0,67.0,4.0,4.804804804804805,False,-4.091369245668356,-0.026848970612832312,3.896464001430355e-06,-0.011806368426415048,0.00900151018395605,-0.21539521628736535,-1.2795482925833033,-0.017724722534337586,689.959090909091,-7.293124924686063e-05,-0.0009547915393931463,0.9469057831236909,True,,True
b3c9,Batch 3,9,1039.0,5.3C(54%)-4C-newstructure,5.301958631818181,1038,1038.0,0.8801114,True,True,True,99,True,1.0694826,-0.00033180000000010423,6.68053184916058e-07,0.015791984,33.07601025115482,35.090446,10.041699999999643,7.507400000000136e-05,5.3,54.0,4.0,4.7936687394007915,False,-3.98186244123407,-0.0295752747869662,-0.00017198221252223697,-0.01447801181075607,0.010211011830874906,-0.05593254179307571,-1.34795260757913,-0.021734897618897873,849.4545454545454,-5.468818895614297e-05,-0.0007542853554922395,0.9508465072890402,True,,True
b3c10,Batch 3,10,1078.0,4.8C(80%)-4.8C-newstructure,4.3649534545454545,1077,1077.0,0.88064086,True,True,True,99,True,1.0617746,-0.0019160000000000288,-2.8759653679635088e-06,0.015364289,32.50303224685033,34.77507297212849,11.038110000000112,2.1705000000000335e-05,4.8,80.0,4.8,4.8,False,-4.410921412252559,-0.019093025885229542,-6.962870536587714e-05,-0.008335183582489896,0.006230735190056073,-0.2453246270429603,-1.1918321246496775,-0.012512864934325301,881.3636363636365,-5.690519581697139e-05,-0.0007136256681709782,0.973659204539383,True,,True
b3c11,Batch 3,11,817.0,5.6C(19%)-4.6C-newstructure,5.601738977272726,816,816.0,0.88113368,True,True,True,99,True,1.0680679,-0.002304900000000165,-1.7682165739029632e-05,0.015525201,34.19225857907117,37.655368824098645,10.04273000000006,1.9944000000000905e-05,5.6,19.0,4.6,4.803729603729602,False,-3.8844866526940733,-0.034087374997818,0.0001621390525086798,-0.015620691175653465,0.011422381827001437,-0.14040327561176416,-1.2659331408130916,-0.023450205441640663,641.8863636363635,-8.481688415405698e-05,-0.000740206745688974,0.9418432800249731,True,,True
b3c12,Batch 3,12,932.0,5.6C(36%)-4.3C-newstructure,5.601593018181818,931,931.0,0.88080788,True,True,True,99,True,1.0741653,-0.001004299999999958,-6.6794632034672655e-06,0.016046006,33.212990713439474,35.568484208664884,10.042369999999938,3.557799999999792e-05,5.6,36.0,4.3,4.8015952143569285,False,-3.946355465036171,-0.03173492178819726,-0.00010094321934228439,-0.01531489306361951,0.010637076129160946,0.009021445389613702,-1.283786871273126,-0.022990700273739888,747.1136363636364,-5.958132359786031e-05,-0.0007768500789154249,0.9450736705554634,True,,True
b3c13,Batch 3,13,816.0,5.6C(19%)-4.6C-newstructure,5.60138474090909,815,815.0,0.88024569,True,True,True,99,True,1.065558,-0.0016103999999999008,-1.2185193568341783e-05,0.015115934,34.15014439944665,37.2482678242083,10.04230333333253,-9.288699999999983e-05,5.6,19.0,4.6,4.803729603729602,False,-4.094031973537554,-0.027646083960900736,-0.00013977091851407556,-0.01176548019743392,0.008973957599512212,-0.2586568826446907,-1.197926125427378,-0.017663213236501656,628.15,-8.495220854187773e-05,-0.0006711116948887319,0.938844574150617,True,,True
b3c14,Batch 3,14,858.0,5.6C(36%)-4.3C-newstructure,5.602293536363637,857,857.0,0.88065648,True,True,True,99,True,1.0727056,7.359999999989597e-05,4.6361076066727265e-06,0.015552465,33.117643042164225,35.47502345780511,10.04188833333319,8.781000000001107e-06,5.6,36.0,4.3,4.8015952143569285,False,-3.9992331831677133,-0.029282360362737236,8.776909781326705e-05,-0.013203557332650977,0.010008832203130926,-0.19233148034124217,-1.320435758817018,-0.019822297751180336,674.1272727272727,-7.12058601475493e-05,-0.0007532959736913759,0.9381124432333894,True,,True
b3c15,Batch 3,15,876.0,5.9C(15%)-4.6C-newstructure,5.9023321045454535,875,875.0,0.88058048,True,True,True,99,True,1.0684187,-0.001545099999999966,-1.156462213976474e-05,0.01530268,33.519794073997424,36.870831,10.041688333333392,-1.5318000000000276e-05,5.9,15.0,4.6,4.798232044198895,False,-4.00024991015545,-0.02948434500233621,9.829510697057864e-05,-0.013340330831580071,0.009997123216880795,-0.15405496645107553,-1.284685919739136,-0.02002734871920335,674.3772727272726,-7.818555302616861e-05,-0.0006402922070265493,0.9349688329669676,True,,True
b3c16,Batch 3,16,1638.0,4.8C(80%)-4.8C-newstructure,4.3642587,1637,1637.0,0.88014877,True,True,True,99,True,1.061009,-0.0010419999999999874,-9.691301175018761e-06,0.015309919,34.92888018020305,37.83217519071075,11.040201666666933,1.1260000000005987e-06,4.8,80.0,4.8,4.8,False,-4.694078987698978,-0.013451995639618852,0.0045702543034450704,-0.005323302354980101,0.004497389546954566,-0.05335203961247092,-0.8870677650406327,-0.007990754526485408,1287.490909090909,-4.5735112346479025e-05,-0.0003538216754482667,0.9828999933943428,True,,True
b3c17,Batch 3,17,1315.0,5.3C(54%)-4C-newstructure,5.301997959090909,1314,1314.0,0.88043362,True,True,True,99,True,1.0664514,-0.002462699999999929,-5.833125541120238e-06,0.015411194,35.06723082368072,37.376862,10.042456666666356,-7.325099999999987e-05,5.3,54.0,4.0,4.7936687394007915,False,-4.43927856799074,-0.017882391550413823,0.00671793865907247,-0.007236216829825155,0.006030602674896194,0.016723100424733874,-0.8133079308654185,-0.01086200142403105,1033.4954545454545,-5.332019685582544e-05,-0.0004742860284432806,0.9843810765563263,True,,True
b3c18,Batch 3,18,1146.0,5.6C(19%)-4.6C-newstructure,5.600993781818182,1145,1145.0,0.88003904,True,True,True,99,True,1.0680237,-0.003002799999999972,-2.927494124922568e-05,0.015010243,35.280443423631,37.975203924830794,10.043134999999893,5.100400000000033e-05,5.6,19.0,4.6,4.803729603729602,False,-4.2536174894114485,-0.02345576998165999,-9.146801283102697e-05,-0.010342257243667845,0.007467775530930655,-0.22930580229698266,-1.056404025068999,-0.015525016267565885,900.5999999999998,-6.014229074360612e-05,-0.0005567313465505366,0.9794010446276322,True,,True
b3c19,Batch 3,19,1155.0,5.6C(36%)-4.3C-newstructure,5.601699818181817,1154,1154.0,0.88007373,True,True,True,99,True,1.0719248,-0.003026999999999891,-2.9691358070504438e-05,0.015459507,35.08984138211982,37.91301,10.043324999999944,4.6941e-05,5.6,36.0,4.3,4.8015952143569285,False,-4.171507362895025,-0.025293657704202555,5.381143367196202e-06,-0.011545479663150093,0.00820816954615991,-0.12105979400234727,-1.1114371280512236,-0.017331393798336196,907.6772727272726,-6.0190353469794915e-05,-0.0005683492207164792,0.9859207995928634,True,,True
b3c20,Batch 3,20,813.0,5C(67%)-4C-newstructure,5.002066890909091,812,812.0,0.88059181,True,True,True,99,True,1.0650502,-0.0010921000000001513,-7.154074211500192e-06,0.015252846,33.08547252807539,35.79166,10.043170000000584,7.372899999999981e-05,5.0,67.0,4.0,4.804804804804805,False,-4.065910181495544,-0.028071993572476917,-2.8411211548175675e-05,-0.011919383387319954,0.009269256693737016,-0.34004032061592676,-1.1827117470496011,-0.01789433483441831,677.4477272727273,-6.943036888941376e-05,-0.0010135417615580755,0.9561726889690196,True,,True
b3c21,Batch 3,21,772.0,3.7C(31%)-5.9C-newstructure,5.899285404545454,771,771.0,0.8801983,True,True,True,99,True,1.0678563,-0.01478619999999986,-0.0001594917019171322,0.01410858,34.91758897324508,37.90755540884585,10.075993333333463,0.00020128499999999896,3.7,31.0,5.9,4.795167490389896,False,-3.7038921739552135,-0.04327614857800555,5.415349908882445e-05,-0.02353870422305198,0.014062220807502565,0.5069004120345085,-0.8443092008291799,-0.035329602994295564,594.25,-0.00015378178033388366,-0.00046338697904309246,0.9337838877925911,True,,True
b3c22,Batch 3,22,1002.0,5.9C(60%)-3.1C-newstructure,5.902049318181818,1001,1001.0,0.88094068,True,True,True,99,True,1.0562643,-0.0015982999999999414,-1.5988764378483083e-05,0.015678201,34.597043747589076,37.517666,10.042931666666602,2.3399999999826337e-07,5.9,60.0,3.1,4.813157894736842,False,-4.046387885320449,-0.028409329718630083,-5.9000428325676763e-05,-0.013722550516362944,0.009479950231172719,0.05300164717890253,-1.2693173273755014,-0.020599918827826302,851.0,-5.3229945280671746e-05,-0.0007669715477126113,0.93889787096076,True,,True
b3c23,Batch 3,23,,4.8C(80%)-4.8C-newstructure,4.365393909090908,2189,2189.0,0.93701142,True,True,True,99,False,1.0661554,-0.0014676000000000133,-5.331878787886973e-06,0.015266636,34.92553122413779,38.197899,11.037766666666721,-4.934999999999315e-06,4.8,80.0,4.8,4.8,False,-4.543355442337179,-0.01560831972082899,0.005290784439245244,-0.006808658684372332,0.005349611931627546,0.10151364266145284,-1.037064779154986,-0.010220764362267067,1860.8,-3.685704418902286e-05,-0.00018489111735940728,0.9666486843432385,True,missing_target;author_flagged_channel,False
b3c24,Batch 3,24,825.0,5C(67%)-4C-newstructure,5.001916,824,824.0,0.88021326,True,True,True,99,True,1.0462732,0.00012279999999997848,9.6505887445875e-06,0.015544878,34.66968715351998,37.26010052311683,10.04188833333319,4.869100000000001e-05,5.0,67.0,4.0,4.804804804804805,False,-4.154820483102516,-0.0247723986145858,-8.601278481263643e-05,-0.010345482795288031,0.008367385120450026,-0.3362533968010519,-1.2621601760714558,-0.015532180380045814,687.456818181818,-7.322144856912796e-05,-0.0008345396599624954,0.9310056267112141,True,,True
b3c25,Batch 3,25,989.0,5.3C(54%)-4C-newstructure,5.301100999999999,988,988.0,0.88167018,True,True,True,99,True,1.0611302,0.00016020000000005474,6.950843537418871e-06,0.01563515,35.56070366976667,38.929489,10.04240666666689,7.419100000000123e-05,5.3,54.0,4.0,4.7936687394007915,False,-4.146126232959254,-0.026576249209760316,-9.83920753643615e-05,-0.010925821646167616,0.008451560088115914,-0.3669015617423362,-1.0726964855606762,-0.01640241838191782,824.2477272727272,-5.9666771870296473e-05,-0.0007898086555077098,0.962768833030966,True,,True
b3c26,Batch 3,26,1028.0,5.6C(19%)-4.6C-newstructure,5.601473727272727,1027,1027.0,0.88023561,True,True,True,99,True,1.0720186,-0.0005151999999999379,-4.2884230055903015e-07,0.015588301,35.727245788497406,39.15223596818562,10.042310000000482,6.278499999999923e-05,5.6,19.0,4.6,4.803729603729602,False,-4.219072902127027,-0.02417913926788795,5.3156508515146174e-05,-0.01013959278346487,0.00777076094757936,-0.34266969763520005,-1.059780489595083,-0.015221512770542537,791.4863636363636,-5.9960320285598684e-05,-0.0006076887200794058,0.9704562972464165,True,,True
b3c27,Batch 3,27,850.0,5.6C(36%)-4.3C-newstructure,5.601610327272727,849,849.0,0.88002509,True,True,True,99,True,1.0604171,-0.0010832000000000619,-4.0353704390864875e-06,0.014912465,35.295789900273746,38.491252741515034,10.044954999999996,6.352599999999951e-05,5.6,36.0,4.3,4.8015952143569285,False,-4.12969779916042,-0.026600290807078597,0.00016253057717974684,-0.01070991087322853,0.008612933626036393,-0.36169731378092834,-1.1137153682223848,-0.016078849168955477,681.3272727272725,-7.310633592938658e-05,-0.0007798745897473893,0.9541246211593226,True,,True
b3c28,Batch 3,28,541.0,3.7C(31%)-5.9C-newstructure,5.90031054090909,540,540.0,0.88010961,True,True,True,99,True,1.0518668,-0.018448300000000195,-0.00019802208534322756,0.013436742,35.70887859265695,39.54772083267917,10.083603333333546,0.0003840980000000011,3.7,31.0,5.9,4.795167490389896,False,-3.4512233812429836,-0.05783112055064066,3.0258096297149095e-05,-0.03025611921470947,0.01880997894311775,0.30009271424386497,-0.9791964721764304,-0.04541333311498515,377.525,-0.00023497579468568247,-0.0004890721152966497,0.9485138981639176,True,,True
b3c29,Batch 3,29,858.0,5.9C(15%)-4.6C-newstructure,5.901591236363636,857,857.0,0.88007307,True,True,True,99,True,1.0663688,-0.00021099999999996122,4.077620284472189e-06,0.014814113,31.245662330516843,31.67163095783756,10.041565000000022,-9.631900000000096e-05,5.9,15.0,4.6,4.798232044198895,False,-4.06314158842719,-0.028921475161164945,0.0002434664412601078,-0.011300575148553208,0.009298849221357382,-0.3489725395465391,-1.1796538473590181,-0.01696596214231079,660.5090909090909,-7.727425617831315e-05,-0.0006608418437234669,0.9431558029711046,True,,True
b3c30,Batch 3,30,935.0,5.3C(54%)-4C-newstructure,5.301376036363636,934,934.0,0.88024825,True,True,True,99,True,1.0687393,-0.0006960999999998663,-3.416536796534243e-06,0.015566248,32.21872935332666,33.933659,10.043569999999212,3.9950999999999876e-05,5.3,54.0,4.0,4.7936687394007915,False,-4.099791035006636,-0.026737169755743473,6.694454111319092e-05,-0.011137570899382837,0.008914653809355246,-0.38789398956686016,-1.1365902927369753,-0.01672049438607099,764.3636363636364,-6.024044440207553e-05,-0.0007951695581485483,0.9479123286608345,True,,True
b3c31,Batch 3,31,731.0,5.9C(60%)-3.1C-newstructure,5.89980694090909,730,730.0,0.88031369,True,True,True,99,True,1.0681812,-0.0010414000000000811,-8.999562152133179e-06,0.015866611,33.99144536550202,36.738033,10.045905000000493,9.08969999999995e-05,5.9,60.0,3.1,4.813157894736842,False,-3.839168513661697,-0.035619409739265695,8.180347755336339e-05,-0.01635054856148944,0.012034158942020574,-0.12103444358866325,-1.2920937389916802,-0.024546071220685025,597.4545454545454,-7.556665032101216e-05,-0.001049649467784714,0.95313855780874,True,,True
b3c32,Batch 3,32,,4.8C(80%)-4.8C-newstructure,4.365445909090909,2237,2237.0,0.97388279,True,True,True,99,False,1.0725862,-0.0012216999999998812,-1.0736820037102396e-05,0.015362737,35.4421503912907,38.11301195399593,11.038458333333256,-5.8759999999999715e-05,4.8,80.0,4.8,4.8,False,-4.672918260349452,-0.01012140041626175,0.013679013186735062,-0.0032569008987653743,0.00460830133645745,1.090811088023523,1.80793704362274,-0.004888139033383686,1901.6,-3.5827142210758185e-05,-9.718492289356173e-05,0.9227685568617258,False,missing_target;author_flagged_channel,False
b3c33,Batch 3,33,1284.0,5C(67%)-4C-newstructure,5.002236818181817,1283,1283.0,0.88079751,True,True,True,99,True,1.060272,-0.0015305000000001012,-1.2591045145338765e-05,0.015335715,33.07998489148884,34.25626779633584,10.043294999999732,3.306999999999269e-06,5.0,67.0,4.0,4.804804804804805,False,-4.395463821299672,-0.019885925647910252,0.00011027979071102575,-0.00784867836178756,0.006342611189003009,-0.42066643192061515,-1.0079638350521714,-0.011782497137403635,1090.7,-5.315406928020501e-05,-0.0006352700904464665,0.9758596441424939,True,,True
b3c34,Batch 3,34,1158.0,5.3C(54%)-4C-newstructure,5.30147984090909,1157,1157.0,0.88017184,True,True,True,99,True,1.061535,-0.002482799999999896,-2.115797278911987e-05,0.015295491,35.77371585948215,39.028423,10.043899999999848,2.3565000000001432e-05,5.3,54.0,4.0,4.7936687394007915,False,-4.305224992817558,-0.02150989276991433,3.2994643437143575e-05,-0.00955200556777299,0.007036999231377891,-0.18435690972565105,-1.1555909813188079,-0.014339405609997337,928.4272727272728,-5.920208886221332e-05,-0.0005721779787803778,0.9875363781725449,True,,True
b3c35,Batch 3,35,1093.0,5.6C(19%)-4.6C-newstructure,5.6012351272727265,1092,1092.0,0.88011736,True,True,True,99,True,1.0633804,-0.0019807000000000574,-1.953093877550817e-05,0.015367848,35.535286440181864,38.54007,10.043591666666423,2.9447000000000154e-05,5.6,19.0,4.6,4.803729603729602,False,-4.234423777950546,-0.02302807515263361,9.043865599416001e-05,-0.009826425701495065,0.007634632048037832,-0.29678152634462523,-1.1525795298029018,-0.014751800328312779,841.5659090909091,-6.097863828683286e-05,-0.000523525198659777,0.9686869390927715,True,,True
b3c36,Batch 3,36,923.0,5.6C(36%)-4.3C-newstructure,5.601901999999999,922,922.0,0.88060242,True,True,True,99,True,1.0575287,-0.0022610000000000685,-2.197191960420188e-05,0.015132029,35.86413922237587,39.416981,10.04348499999954,3.5846999999998574e-05,5.6,36.0,4.3,4.8015952143569285,False,-4.253023408907191,-0.022981813517992444,0.0001576289456491891,-0.009908357469924613,0.007472884941210471,-0.25149853489775076,-1.0963063130947044,-0.014874629404683402,783.85,-6.917481294015951e-05,-0.0007942099001647873,0.9285327238512959,True,,True
b3c37,Batch 3,37,1390.0,4.8C(80%)-4.8C-newstructure,4.365578745454545,1389,1389.0,0.88049883,True,True,True,99,True,1.0465839,-0.0003543000000001406,-2.0516487322216555e-06,0.014754607,35.084601469110574,37.80948251653669,11.038366666666843,2.4874999999998856e-05,4.8,80.0,4.8,4.8,False,-5.0984213376234795,-0.008439822988718593,0.013240420704929368,-0.001076797766325731,0.0028235100063438686,1.1339730831189871,3.442159860673197,-0.0016177684896814084,1158.718181818182,-5.340500755651009e-05,-0.000433089718354279,0.936041619563289,True,author_flagged_channel,False
b3c38,Batch 3,38,1935.0,5C(67%)-4C-newstructure,5.0012123636363635,1934,1934.0,0.88000458,True,True,True,99,True,1.0701473,-0.0012724000000001734,-8.787589363021427e-06,0.015833518,34.74602722470309,37.770985,10.043544999999964,-6.540000000002794e-06,5.0,67.0,4.0,4.804804804804805,False,-4.341618532018267,-0.020147005721674938,0.002919863667119077,-0.008693083372975452,0.006748243328173672,-0.05424611894567922,-1.1767683743249504,-0.013049911664175585,1521.040909090909,-4.221032900032809e-05,-0.0002885934837616464,0.9723454365402772,True,,True
b3c39,Batch 3,39,1156.0,5.3C(54%)-4C-newstructure,5.3018927,1155,1155.0,0.88043225,True,True,True,99,True,1.0474036,-0.0009133999999999531,-6.583238095233322e-06,0.015556182,33.86692809974586,36.07218472411868,10.043549999999717,-1.0096999999998843e-05,5.3,54.0,4.0,4.7936687394007915,False,-4.454200564792302,-0.017457917694832736,0.005697707341902919,-0.006428438589560583,0.005927884287400129,-0.2929782536006268,-1.0020225651970813,-0.009651023169383703,981.9,-5.438792741505565e-05,-0.0006116000376540759,0.9481278331891853,True,,True
b3c40,Batch 3,40,796.0,5.6C(19%)-4.6C-newstructure,5.602014727272726,795,795.0,0.88070726,True,True,True,99,True,1.0593235,-0.001472299999999871,-7.692147186143209e-06,0.015393349,34.03152142327656,37.53833377387797,10.043501666666513,-0.0001511389999999998,5.6,19.0,4.6,4.803729603729602,False,-4.294673763163302,-0.022053794482172262,7.870441953502887e-05,-0.009078861478925766,0.007123002855039226,-0.315904948455991,-1.1382019473309302,-0.013630047001809972,625.3727272727273,-8.214102787473828e-05,-0.0007361381648146622,0.9454181289995687,True,,True
b3c41,Batch 3,41,786.0,5.6C(36%)-4.3C-newstructure,5.601110945454545,785,785.0,0.88062328,True,True,True,99,True,1.0505219,0.0003908999999999718,9.732244897959292e-06,0.018311786,33.623107492407975,36.653023,10.043064999999963,5.2467000000000485e-05,5.6,36.0,4.3,4.8015952143569285,False,-4.219074858982626,-0.024192993699098664,2.005198008902913e-05,-0.009748050525024678,0.007770743440748655,-0.35767028612567203,-1.0624409011807083,-0.014634283670282586,605.0363636363636,-6.337336518255763e-05,-0.000715536741180448,0.9525677196288519,True,,True
b3c42,Batch 3,42,1642.0,4.8C(80%)-4.8C-newstructure,4.364772786363636,1641,1641.0,0.88037544,True,True,True,99,True,1.0669198,-0.00015739999999997423,1.8104885590570822e-06,0.016202541,32.864131481685966,35.30603,11.038346666666621,-0.0004827960000000006,4.8,80.0,4.8,4.8,False,-4.345760173287821,-0.005609789046358671,0.02170209846647253,0.0007845194706261452,0.006716142672169424,1.9895572581683252,2.940921517189741,0.0011782286674736292,1290.6363636363637,-5.083441077937494e-05,-0.0003482122886602003,0.9511093795652443,True,author_flagged_channel,False
b3c43,Batch 3,43,1046.0,5C(67%)-4C-newstructure,5.004004918181818,1045,1045.0,0.88060749,True,True,True,99,True,1.0701852,-0.0001888000000001,3.041014223876659e-06,0.01586833,33.69879575084625,36.686323184335926,10.043633333332643,-0.0002333639999999998,5.0,67.0,4.0,4.804804804804805,False,-4.3163135082513255,-0.01297639899175873,0.01636229106242293,-0.003266056933426803,0.006947735009786275,0.9707647813843869,0.8570863264868622,-0.004903033988222467,871.790909090909,-5.657356961654114e-05,-0.0008168430047289617,0.9651294470219844,True,author_flagged_channel,False
b3c44,Batch 3,44,940.0,5.3C(54%)-4C-newstructure,5.301149545454544,939,939.0,0.88046378,True,True,True,99,True,1.06972,0.00018009999999990534,4.689736549163306e-06,0.01557065,33.33060419549598,36.371323,10.043413333332865,9.350999999999457e-06,5.3,54.0,4.0,4.7936687394007915,False,-4.131061010602478,-0.02598513188750473,-5.684970389612063e-05,-0.011231061096491921,0.00859942661490303,-0.24498399509976893,-1.238586153658911,-0.01686102664609057,783.3772727272727,-5.735883010572681e-05,-0.0008662935718194528,0.937335084695594,True,,True
b3c45,Batch 3,45,1801.0,4.8C(80%)-4.8C-newstructure,4.365868995454545,1800,1800.0,0.88047254,True,True,True,99,True,1.0695485,-0.00020569999999997535,-1.2584539269261775e-07,0.015619206,32.71034965693371,34.68392877340343,11.03800666666648,6.607000000002222e-06,4.8,80.0,4.8,4.8,False,-4.520416288811736,-0.016477960740300612,-5.285843256575478e-05,-0.007131752461986142,0.00549277558394396,-0.3286362058286305,-1.177011420035427,-0.010706287142372203,1415.6681818181817,-4.517935320295608e-05,-0.00032663344390937703,0.9658458139886898,True,,True
