candidate_id,family,feature_set,target,params,fold,n,MAPE_pct,MAE_cycles,RMSE_cycles,R2
C000,Dummy,F1,raw,{},0,8,12.71788828861172,94.75,106.46595700034824,-0.05712903432638328
C000,Dummy,F1,raw,{},1,7,23.044477982242313,159.64285714285714,172.81523990336368,-0.02026761810474631
C000,Dummy,F1,raw,{},2,7,11.008995327143674,77.92857142857143,91.14490033536082,-0.6089035437894752
C000,Dummy,F1,raw,{},3,7,13.452753030739334,128.14285714285714,170.51811801514984,-0.6848445644872898
C001,Ridge,F1,raw,"{""alpha"": 0.1}",0,8,4.5731848508093265,36.82865141537765,46.048243683701195,0.802242657385177
C001,Ridge,F1,raw,"{""alpha"": 0.1}",1,7,10.451469875253464,78.89294563828558,86.81137416357653,0.7425438399211783
C001,Ridge,F1,raw,"{""alpha"": 0.1}",2,7,10.349308862920587,78.6407944212557,93.76958451327226,-0.7029003818478365
C001,Ridge,F1,raw,"{""alpha"": 0.1}",3,7,11.553335789487752,98.07277200732652,112.96223380580405,0.260589993834778
C002,Ridge,F1,raw,"{""alpha"": 1.0}",0,8,4.214672812117079,34.18761873528726,44.04327351032217,0.8190887154618484
C002,Ridge,F1,raw,"{""alpha"": 1.0}",1,7,10.97105664243381,82.13200202861127,89.60749411703569,0.7256918629770244
C002,Ridge,F1,raw,"{""alpha"": 1.0}",2,7,10.329198185438713,78.29454537924948,91.83069709053292,-0.6332062064873059
C002,Ridge,F1,raw,"{""alpha"": 1.0}",3,7,11.334730432175895,96.65690916141587,113.07259161743993,0.25914456332940783
C003,Ridge,F1,raw,"{""alpha"": 10.0}",0,8,4.752614438628218,35.61994874822166,44.01424173421208,0.8193271375619904
C003,Ridge,F1,raw,"{""alpha"": 10.0}",1,7,14.55945275327308,104.50173522429809,111.17495885841237,0.5777555201201167
C003,Ridge,F1,raw,"{""alpha"": 10.0}",2,7,10.190308819079519,75.90326293289401,81.27899716785407,-0.2794459168952099
C003,Ridge,F1,raw,"{""alpha"": 10.0}",3,7,10.652246150542462,94.13557848511587,118.96046245483048,0.1799807127684533
C004,Ridge,F1,raw,"{""alpha"": 100.0}",0,8,10.453355342515264,74.08527789378148,86.103922509397,0.3085634239878533
C004,Ridge,F1,raw,"{""alpha"": 100.0}",1,7,21.324461814691396,146.67418305223237,157.83556365783048,0.1489408272881454
C004,Ridge,F1,raw,"{""alpha"": 100.0}",2,7,9.928468210369559,71.39510750124022,79.32392577046481,-0.21863503151021035
C004,Ridge,F1,raw,"{""alpha"": 100.0}",3,7,12.710422754219083,118.23132482300676,149.66601927075197,-0.2979716149178617
C005,ElasticNet,F1,raw,"{""alpha"": 0.001, ""l1_ratio"": 0.2}",0,8,4.625025826437602,37.18691604145215,46.26403889889828,0.8003848196607559
C005,ElasticNet,F1,raw,"{""alpha"": 0.001, ""l1_ratio"": 0.2}",1,7,10.40180978328437,78.58336916637207,86.54963471994608,0.7440939788627025
C005,ElasticNet,F1,raw,"{""alpha"": 0.001, ""l1_ratio"": 0.2}",2,7,10.351231405018044,78.67389516388666,93.95956660405382,-0.7098077028396941
C005,ElasticNet,F1,raw,"{""alpha"": 0.001, ""l1_ratio"": 0.2}",3,7,11.574232250239444,98.208114172556,112.96181526922577,0.2605954730033494
C006,ElasticNet,F1,raw,"{""alpha"": 0.001, ""l1_ratio"": 0.8}",0,8,4.6328419760193125,37.24093219128916,46.29689222327176,0.8001012149025591
C006,ElasticNet,F1,raw,"{""alpha"": 0.001, ""l1_ratio"": 0.8}",1,7,10.393915236362314,78.53415528281725,86.50811715562482,0.744339434465981
C006,ElasticNet,F1,raw,"{""alpha"": 0.001, ""l1_ratio"": 0.8}",2,7,10.351538289771508,78.67917885221532,93.98996540947763,-0.7109142324137181
C006,ElasticNet,F1,raw,"{""alpha"": 0.001, ""l1_ratio"": 0.8}",3,7,11.57756274501759,98.22968511607202,112.96191197352937,0.2605942070245706
C007,ElasticNet,F1,raw,"{""alpha"": 0.01, ""l1_ratio"": 0.2}",0,8,4.530851531828379,36.53609267180859,45.87476523566906,0.8037298808757103
C007,ElasticNet,F1,raw,"{""alpha"": 0.01, ""l1_ratio"": 0.2}",1,7,10.497309306880476,79.17870446302648,87.05385324269439,0.7411035927438592
C007,ElasticNet,F1,raw,"{""alpha"": 0.01, ""l1_ratio"": 0.2}",2,7,10.347539023759646,78.61032279171793,93.59539260084806,-0.6965794419469786
C007,ElasticNet,F1,raw,"{""alpha"": 0.01, ""l1_ratio"": 0.2}",3,7,11.534079653317635,97.94805389385331,112.9641853392175,0.2605644455475473
C008,ElasticNet,F1,raw,"{""alpha"": 0.01, ""l1_ratio"": 0.8}",0,8,4.6083086998409435,37.07138667425549,46.19405082758329,0.8009883170816945
C008,ElasticNet,F1,raw,"{""alpha"": 0.01, ""l1_ratio"": 0.8}",1,7,10.419077509302783,78.69101459123507,86.6405337562609,0.7435561643225226
C008,ElasticNet,F1,raw,"{""alpha"": 0.01, ""l1_ratio"": 0.8}",2,7,10.350580248327086,78.66268408556058,93.89513205168964,-0.7074634408955023
C008,ElasticNet,F1,raw,"{""alpha"": 0.01, ""l1_ratio"": 0.8}",3,7,11.567084337139491,98.16181857985657,112.96175940931134,0.260596204278131
C009,ElasticNet,F1,raw,"{""alpha"": 0.1, ""l1_ratio"": 0.2}",0,8,4.059950909440917,32.91179868064974,42.894587950229806,0.8284022942152846
C009,ElasticNet,F1,raw,"{""alpha"": 0.1, ""l1_ratio"": 0.2}",1,7,11.382271558871059,84.69547821202416,91.89062123166687,0.7115354821471209
C009,ElasticNet,F1,raw,"{""alpha"": 0.1, ""l1_ratio"": 0.2}",2,7,10.313322957431788,78.02121880962089,90.36507535110911,-0.5814901437806601
C009,ElasticNet,F1,raw,"{""alpha"": 0.1, ""l1_ratio"": 0.2}",3,7,11.161998921842207,95.53816197787538,113.29629093650387,0.25621029268507345
C010,ElasticNet,F1,raw,"{""alpha"": 0.1, ""l1_ratio"": 0.8}",0,8,4.367738279903674,35.40884328075494,45.22990263600402,0.809209044821907
C010,ElasticNet,F1,raw,"{""alpha"": 0.1, ""l1_ratio"": 0.8}",1,7,10.66581579748966,80.2291585155439,87.95233001660561,0.7357319110016278
C010,ElasticNet,F1,raw,"{""alpha"": 0.1, ""l1_ratio"": 0.8}",2,7,10.341185806633888,78.5009383443052,92.97568288680299,-0.6741871845138063
C010,ElasticNet,F1,raw,"{""alpha"": 0.1, ""l1_ratio"": 0.8}",3,7,11.464334302240678,97.49632731002592,112.98382321080743,0.2603073339223836
C011,RandomForest,F1,raw,"{""max_depth"": 2, ""min_samples_leaf"": 3}",0,8,6.059228743973009,44.90720690420682,49.86567712583304,0.7680951038215118
C011,RandomForest,F1,raw,"{""max_depth"": 2, ""min_samples_leaf"": 3}",1,7,12.371987059555071,83.8575786250788,100.28986708271991,0.6563913111899635
C011,RandomForest,F1,raw,"{""max_depth"": 2, ""min_samples_leaf"": 3}",2,7,8.47754844916554,66.51759392195105,85.06533349279466,-0.4014269904657528
C011,RandomForest,F1,raw,"{""max_depth"": 2, ""min_samples_leaf"": 3}",3,7,13.756788666167513,113.52314694828983,130.93950236907702,0.006517659441531043
C012,RandomForest,F1,raw,"{""max_depth"": 2, ""min_samples_leaf"": 5}",0,8,6.846219259938194,49.35586724560153,53.63857848471135,0.7316750876971267
C012,RandomForest,F1,raw,"{""max_depth"": 2, ""min_samples_leaf"": 5}",1,7,12.834537970647993,86.379369270241,105.61777712885738,0.618913054662552
C012,RandomForest,F1,raw,"{""max_depth"": 2, ""min_samples_leaf"": 5}",2,7,8.619663506786587,68.20346933602517,86.84742014549765,-0.4607607918804333
C012,RandomForest,F1,raw,"{""max_depth"": 2, ""min_samples_leaf"": 5}",3,7,13.685504034163284,113.61442434879932,131.16093530027672,0.0031546449801265197
C013,RandomForest,F1,raw,"{""max_depth"": 3, ""min_samples_leaf"": 3}",0,8,6.0164424809879105,44.57168308080803,49.66397936972628,0.7699673374793188
C013,RandomForest,F1,raw,"{""max_depth"": 3, ""min_samples_leaf"": 3}",1,7,12.426862452722746,84.3257975794049,100.54152912644888,0.6546646809114118
C013,RandomForest,F1,raw,"{""max_depth"": 3, ""min_samples_leaf"": 3}",2,7,8.505325063250378,66.66242324606606,84.90354414885778,-0.3961011938168064
C013,RandomForest,F1,raw,"{""max_depth"": 3, ""min_samples_leaf"": 3}",3,7,13.742722716762747,113.42614028035462,130.82490327493306,0.008255902708669827
C014,RandomForest,F1,raw,"{""max_depth"": 3, ""min_samples_leaf"": 5}",0,8,6.846219259938194,49.35586724560153,53.63857848471135,0.7316750876971267
C014,RandomForest,F1,raw,"{""max_depth"": 3, ""min_samples_leaf"": 5}",1,7,12.834537970647993,86.379369270241,105.61777712885738,0.618913054662552
C014,RandomForest,F1,raw,"{""max_depth"": 3, ""min_samples_leaf"": 5}",2,7,8.619663506786587,68.20346933602517,86.84742014549765,-0.4607607918804333
C014,RandomForest,F1,raw,"{""max_depth"": 3, ""min_samples_leaf"": 5}",3,7,13.685504034163284,113.61442434879932,131.16093530027672,0.0031546449801265197
C015,Ridge,F1,log10,"{""alpha"": 0.1}",0,8,5.184031220229137,42.00918461599453,53.43432049204862,0.7337147820682595
C015,Ridge,F1,log10,"{""alpha"": 0.1}",1,7,10.943144684633006,82.2247687329132,90.60667811839593,0.7195403146697531
C015,Ridge,F1,log10,"{""alpha"": 0.1}",2,7,10.03423908026388,77.47298983375563,100.00872189708059,-0.9370508142846126
C015,Ridge,F1,log10,"{""alpha"": 0.1}",3,7,11.519315850861107,97.77153875648033,112.04037313400966,0.2726090846660011
C016,Ridge,F1,log10,"{""alpha"": 1.0}",0,8,4.943031554119084,40.01168972328118,51.4900086803785,0.7527408302538062
C016,Ridge,F1,log10,"{""alpha"": 1.0}",1,7,11.393313520311384,85.1078215668846,93.22328497964982,0.7031077707502837
C016,Ridge,F1,log10,"{""alpha"": 1.0}",2,7,9.968655190798207,76.77582755340973,97.09495870654607,-0.8258227840646797
C016,Ridge,F1,log10,"{""alpha"": 1.0}",3,7,11.256250817785395,96.06703901684442,111.93055382102102,0.27403432843043285
C017,Ridge,F1,log10,"{""alpha"": 10.0}",0,8,5.390815095706742,41.17088212172784,48.99320036056881,0.7761391771627637
C017,Ridge,F1,log10,"{""alpha"": 10.0}",1,7,14.575338700031235,105.39477946880262,112.98653205649133,0.5638826308763216
C017,Ridge,F1,log10,"{""alpha"": 10.0}",2,7,9.568348546295477,72.36017587269849,80.60677790610428,-0.25837007650331234
C017,Ridge,F1,log10,"{""alpha"": 10.0}",3,7,10.351965807342097,92.18502091917678,118.62596371318064,0.18458576852459052
C018,Ridge,F1,log10,"{""alpha"": 100.0}",0,8,10.207804574499905,73.77529620533505,85.45080012765472,0.31901312155408734
C018,Ridge,F1,log10,"{""alpha"": 100.0}",1,7,20.94562854112169,145.56512245145032,156.5973890842394,0.1622410820932344
C018,Ridge,F1,log10,"{""alpha"": 100.0}",2,7,9.05034984502915,65.82466152695584,73.11856381704364,-0.035429572257918984
C018,Ridge,F1,log10,"{""alpha"": 100.0}",3,7,12.69002255487231,119.31760911342712,154.682677442979,-0.38644338895952046
C019,ElasticNet,F1,log10,"{""alpha"": 0.001, ""l1_ratio"": 0.2}",0,8,5.188142880881906,42.043267417858374,53.47024286810889,0.7333566297425795
C019,ElasticNet,F1,log10,"{""alpha"": 0.001, ""l1_ratio"": 0.2}",1,7,10.951688828693554,82.27951969131936,90.65583199628941,0.7192359348875893
C019,ElasticNet,F1,log10,"{""alpha"": 0.001, ""l1_ratio"": 0.2}",2,7,10.035741516418598,77.48889184982174,100.07577863312387,-0.9396493046895118
C019,ElasticNet,F1,log10,"{""alpha"": 0.001, ""l1_ratio"": 0.2}",3,7,11.522075145723646,97.7894174383825,112.04309023846868,0.27257380415043087
C020,ElasticNet,F1,log10,"{""alpha"": 0.001, ""l1_ratio"": 0.8}",0,8,5.133921048548793,41.59381652617549,53.00368024634519,0.737989601743372
C020,ElasticNet,F1,log10,"{""alpha"": 0.001, ""l1_ratio"": 0.8}",1,7,11.099482658228577,83.22639364475138,91.50925277478463,0.7139249094856295
C020,ElasticNet,F1,log10,"{""alpha"": 0.001, ""l1_ratio"": 0.8}",2,7,10.022192033141,77.34537276036905,99.47148637926045,-0.9162954772711731
C020,ElasticNet,F1,log10,"{""alpha"": 0.001, ""l1_ratio"": 0.8}",3,7,11.45867613597253,97.37862821063364,111.98886064484309,0.2732777918815288
C021,ElasticNet,F1,log10,"{""alpha"": 0.01, ""l1_ratio"": 0.2}",0,8,4.974266821421923,40.27055433514157,51.72342210453241,0.7504940090158015
C021,ElasticNet,F1,log10,"{""alpha"": 0.01, ""l1_ratio"": 0.2}",1,7,11.495476424396319,85.76165038283098,93.82446915533451,0.6992661891337111
C021,ElasticNet,F1,log10,"{""alpha"": 0.01, ""l1_ratio"": 0.2}",2,7,9.980760539539139,76.90496200335167,97.63060508608721,-0.8460234833335978
C021,ElasticNet,F1,log10,"{""alpha"": 0.01, ""l1_ratio"": 0.2}",3,7,11.27372573251294,96.18026486269011,111.92868958005891,0.27405851063315345
C022,ElasticNet,F1,log10,"{""alpha"": 0.01, ""l1_ratio"": 0.8}",0,8,4.73104022926819,38.171708658648186,48.57194261839545,0.7799722675254857
C022,ElasticNet,F1,log10,"{""alpha"": 0.01, ""l1_ratio"": 0.8}",1,7,12.99737876684668,95.35428444305509,102.94071393142448,0.6379868239647659
C022,ElasticNet,F1,log10,"{""alpha"": 0.01, ""l1_ratio"": 0.8}",2,7,9.852188499847976,75.52204580755874,92.00974932253584,-0.6395812927337625
C022,ElasticNet,F1,log10,"{""alpha"": 0.01, ""l1_ratio"": 0.8}",3,7,10.647861137298593,92.1251547929613,112.80260807833841,0.2626782221478037
C023,ElasticNet,F1,log10,"{""alpha"": 0.1, ""l1_ratio"": 0.2}",0,8,5.583074468883412,42.065985140868875,50.794539084710244,0.7593751233496902
C023,ElasticNet,F1,log10,"{""alpha"": 0.1, ""l1_ratio"": 0.2}",1,7,16.722921162785344,119.00017491396245,127.23779825534675,0.4469271794728181
C023,ElasticNet,F1,log10,"{""alpha"": 0.1, ""l1_ratio"": 0.2}",2,7,9.535243334636387,71.9789756786732,79.43535413038688,-0.2220611321675321
C023,ElasticNet,F1,log10,"{""alpha"": 0.1, ""l1_ratio"": 0.2}",3,7,10.687684417330383,96.06506818711387,122.13481308120359,0.13563390377680107
C024,ElasticNet,F1,log10,"{""alpha"": 0.1, ""l1_ratio"": 0.8}",0,8,12.664964321393812,91.0,103.57070372977653,-0.00041531331669175664
C024,ElasticNet,F1,log10,"{""alpha"": 0.1, ""l1_ratio"": 0.8}",1,7,23.337056904424916,160.50779171593754,173.7719980642662,-0.03159591879853818
C024,ElasticNet,F1,log10,"{""alpha"": 0.1, ""l1_ratio"": 0.8}",2,7,9.417215254179464,67.81856146211321,78.37833130539227,-0.18975430658827785
C024,ElasticNet,F1,log10,"{""alpha"": 0.1, ""l1_ratio"": 0.8}",3,7,13.453507578800108,128.23913734691615,170.9485924657275,-0.6933621113339448
C025,RandomForest,F1,log10,"{""max_depth"": 2, ""min_samples_leaf"": 3}",0,8,5.676276336890396,42.265265141741,49.02058606395869,0.7758888444857822
C025,RandomForest,F1,log10,"{""max_depth"": 2, ""min_samples_leaf"": 3}",1,7,12.320005581696956,84.24819994114152,100.1758608468317,0.6571720733701087
C025,RandomForest,F1,log10,"{""max_depth"": 2, ""min_samples_leaf"": 3}",2,7,8.472537784659233,66.59185937797263,85.39048876511072,-0.41216114639842716
C025,RandomForest,F1,log10,"{""max_depth"": 2, ""min_samples_leaf"": 3}",3,7,13.70786934542064,113.42366858802663,130.81232425674156,0.00844660901879124
C026,RandomForest,F1,log10,"{""max_depth"": 2, ""min_samples_leaf"": 5}",0,8,6.65060449511024,48.03695199264011,53.80140616083947,0.730043536753316
C026,RandomForest,F1,log10,"{""max_depth"": 2, ""min_samples_leaf"": 5}",1,7,12.877661810271412,87.44313448718984,105.80600757908023,0.6175535091531914
C026,RandomForest,F1,log10,"{""max_depth"": 2, ""min_samples_leaf"": 5}",2,7,9.055223162918734,71.5782890599447,90.28998584873439,-0.5788629348065584
C026,RandomForest,F1,log10,"{""max_depth"": 2, ""min_samples_leaf"": 5}",3,7,13.581300101578725,113.1026581809693,130.70600194970558,0.010057793607861965
C027,RandomForest,F1,log10,"{""max_depth"": 3, ""min_samples_leaf"": 3}",0,8,5.647164910596499,42.01881187893591,48.95963845404422,0.7764457757342279
C027,RandomForest,F1,log10,"{""max_depth"": 3, ""min_samples_leaf"": 3}",1,7,12.35990868725815,84.57268767155486,100.43037137004502,0.6554278576728116
C027,RandomForest,F1,log10,"{""max_depth"": 3, ""min_samples_leaf"": 3}",2,7,8.547739366080458,67.14594738744721,85.77172284405326,-0.4247987539513578
C027,RandomForest,F1,log10,"{""max_depth"": 3, ""min_samples_leaf"": 3}",3,7,13.686188017217829,113.26270259530729,130.6229278001812,0.01131576908002152
C028,RandomForest,F1,log10,"{""max_depth"": 3, ""min_samples_leaf"": 5}",0,8,6.65060449511024,48.03695199264011,53.80140616083947,0.730043536753316
C028,RandomForest,F1,log10,"{""max_depth"": 3, ""min_samples_leaf"": 5}",1,7,12.877661810271412,87.44313448718984,105.80600757908023,0.6175535091531914
C028,RandomForest,F1,log10,"{""max_depth"": 3, ""min_samples_leaf"": 5}",2,7,9.055223162918734,71.5782890599447,90.28998584873439,-0.5788629348065584
C028,RandomForest,F1,log10,"{""max_depth"": 3, ""min_samples_leaf"": 5}",3,7,13.581300101578725,113.1026581809693,130.70600194970558,0.010057793607861965
C029,Ridge,F2,raw,"{""alpha"": 0.1}",0,8,5.350301617287625,41.34686695946755,47.02450392267992,0.7937685373149399
C029,Ridge,F2,raw,"{""alpha"": 0.1}",1,7,16.49390568992559,107.3323044888396,131.81100580760747,0.4064553786124133
C029,Ridge,F2,raw,"{""alpha"": 0.1}",2,7,12.528800042035284,94.70613812013255,111.15002583722517,-1.3926787662631535
C029,Ridge,F2,raw,"{""alpha"": 0.1}",3,7,11.644071917607752,98.91436621655056,114.8212923335669,0.2360522767987061
C030,Ridge,F2,raw,"{""alpha"": 1.0}",0,8,4.192141097990548,33.855443363092846,42.436122477589485,0.8320508288406461
C030,Ridge,F2,raw,"{""alpha"": 1.0}",1,7,15.060690419220164,101.12502403605372,117.15682134539733,0.5310946520998732
C030,Ridge,F2,raw,"{""alpha"": 1.0}",2,7,12.444184499730447,93.82979024087403,108.86673908892259,-1.2953857897161396
C030,Ridge,F2,raw,"{""alpha"": 1.0}",3,7,11.519290533389052,98.09931708076489,115.19772043467106,0.23103504054534085
C031,Ridge,F2,raw,"{""alpha"": 10.0}",0,8,5.537212126168549,40.540524875792244,50.173582687522206,0.7652223760034388
C031,Ridge,F2,raw,"{""alpha"": 10.0}",1,7,12.766390119217203,94.68410806103779,100.98243118583282,0.6516292605542198
C031,Ridge,F2,raw,"{""alpha"": 10.0}",2,7,12.01432364204504,89.48882726349424,100.29381326202073,-0.9481103213094437
C031,Ridge,F2,raw,"{""alpha"": 10.0}",3,7,10.942050000435675,95.07339938389633,118.1429378023822,0.19121272116649957
C032,Ridge,F2,raw,"{""alpha"": 100.0}",0,8,10.088403201779004,71.64106468159912,84.36568905445282,0.3361985565658351
C032,Ridge,F2,raw,"{""alpha"": 100.0}",1,7,18.786151510235246,132.65174249543287,140.07417654726663,0.32970468805123965
C032,Ridge,F2,raw,"{""alpha"": 100.0}",2,7,10.744457275682171,77.87613993002385,85.68472471175335,-0.4219098772263057
C032,Ridge,F2,raw,"{""alpha"": 100.0}",3,7,12.478043458024377,114.44298618852444,141.3501969626599,-0.15774153865991836
C033,ElasticNet,F2,raw,"{""alpha"": 0.001, ""l1_ratio"": 0.2}",0,8,5.4822549550006485,42.200539743541924,47.69633352943771,0.7878336682166379
C033,ElasticNet,F2,raw,"{""alpha"": 0.001, ""l1_ratio"": 0.2}",1,7,16.707572868096417,108.39141652259897,133.63870803139991,0.3898809819769746
C033,ElasticNet,F2,raw,"{""alpha"": 0.001, ""l1_ratio"": 0.2}",2,7,12.53783225152135,94.79940879327646,111.40935921764553,-1.4038569075161553
C033,ElasticNet,F2,raw,"{""alpha"": 0.001, ""l1_ratio"": 0.2}",3,7,11.655608961497803,98.98852878325006,114.78048852613433,0.2365951453972397
C034,ElasticNet,F2,raw,"{""alpha"": 0.001, ""l1_ratio"": 0.8}",0,8,5.502412245161013,42.33093115896848,47.80167085731598,0.7868954949141768
C034,ElasticNet,F2,raw,"{""alpha"": 0.001, ""l1_ratio"": 0.8}",1,7,16.74222812581524,108.56334597282886,133.9372454496865,0.38715203008127297
C034,ElasticNet,F2,raw,"{""alpha"": 0.001, ""l1_ratio"": 0.8}",2,7,12.539228305172024,94.81400309185456,111.4509800516366,-1.4056533314191944
C034,ElasticNet,F2,raw,"{""alpha"": 0.001, ""l1_ratio"": 0.8}",3,7,11.657404047040803,98.99993909423891,114.77311334735364,0.2366932468511067
C035,ElasticNet,F2,raw,"{""alpha"": 0.01, ""l1_ratio"": 0.2}",0,8,5.2451924466479944,40.66681703309959,46.510023297880494,0.7982564815911134
C035,ElasticNet,F2,raw,"{""alpha"": 0.01, ""l1_ratio"": 0.2}",1,7,16.303067206108643,106.38721833475496,130.19894552776864,0.4208848057542247
C035,ElasticNet,F2,raw,"{""alpha"": 0.01, ""l1_ratio"": 0.2}",2,7,12.520415642533479,94.62018671653591,110.91655599792418,-1.3826377134439172
C035,ElasticNet,F2,raw,"{""alpha"": 0.01, ""l1_ratio"": 0.2}",3,7,11.633237796335495,98.84411201785495,114.85512072524241,0.23560206535801909
C036,ElasticNet,F2,raw,"{""alpha"": 0.01, ""l1_ratio"": 0.8}",0,8,5.43777421182829,41.91249641513852,47.472645572547286,0.7898190520899102
C036,ElasticNet,F2,raw,"{""alpha"": 0.01, ""l1_ratio"": 0.8}",1,7,16.632349306862878,108.01978398784512,132.9903056031697,0.39578709922695154
C036,ElasticNet,F2,raw,"{""alpha"": 0.01, ""l1_ratio"": 0.8}",2,7,12.533859689255381,94.76095947963344,111.31239658682244,-1.3996744427452312
C036,ElasticNet,F2,raw,"{""alpha"": 0.01, ""l1_ratio"": 0.8}",3,7,11.651167240519204,98.95855748564937,114.7839090440475,0.23654964500040654
C037,ElasticNet,F2,raw,"{""alpha"": 0.1, ""l1_ratio"": 0.2}",0,8,4.053056386178314,32.710127119972896,41.11412379282911,0.8423519675211838
C037,ElasticNet,F2,raw,"{""alpha"": 0.1, ""l1_ratio"": 0.2}",1,7,14.330802596944725,98.3017880330578,109.8656933102401,0.5876421874055671
C037,ElasticNet,F2,raw,"{""alpha"": 0.1, ""l1_ratio"": 0.2}",2,7,12.384873727794925,93.21966143918074,107.44409796974057,-1.2357868004633459
C037,ElasticNet,F2,raw,"{""alpha"": 0.1, ""l1_ratio"": 0.2}",3,7,11.415576096357354,97.4079869741876,115.43928140295814,0.22780673579423416
C038,ElasticNet,F2,raw,"{""alpha"": 0.1, ""l1_ratio"": 0.8}",0,8,4.850597794105318,38.11174944214899,44.7840601369145,0.81295185517782
C038,ElasticNet,F2,raw,"{""alpha"": 0.1, ""l1_ratio"": 0.8}",1,7,15.74814045519058,103.86529557886264,124.79616761331353,0.4679499072051273
C038,ElasticNet,F2,raw,"{""alpha"": 0.1, ""l1_ratio"": 0.8}",2,7,12.48394479594933,94.2672237475401,110.06227250523058,-1.3460767239581912
C038,ElasticNet,F2,raw,"{""alpha"": 0.1, ""l1_ratio"": 0.8}",3,7,11.589282619501315,98.54569600963009,114.8827439011154,0.23523433882409417
C039,RandomForest,F2,raw,"{""max_depth"": 2, ""min_samples_leaf"": 3}",0,8,5.751412976718534,40.70501551689054,54.11073661812764,0.7269303908410396
C039,RandomForest,F2,raw,"{""max_depth"": 2, ""min_samples_leaf"": 3}",1,7,12.70314201780917,83.40959810559828,104.55857032270525,0.626518324524181
C039,RandomForest,F2,raw,"{""max_depth"": 2, ""min_samples_leaf"": 3}",2,7,10.85890559399494,83.62287232608666,101.35341524385032,-0.9894912543497987
C039,RandomForest,F2,raw,"{""max_depth"": 2, ""min_samples_leaf"": 3}",3,7,14.30751668176183,117.84631915306919,133.45693031366721,-0.03205072252987673
C040,RandomForest,F2,raw,"{""max_depth"": 2, ""min_samples_leaf"": 5}",0,8,6.70945027182877,48.169796679593475,53.25265054307863,0.7355223763380991
C040,RandomForest,F2,raw,"{""max_depth"": 2, ""min_samples_leaf"": 5}",1,7,13.008172216538233,87.87744395598163,106.76036894489376,0.6106231228141267
C040,RandomForest,F2,raw,"{""max_depth"": 2, ""min_samples_leaf"": 5}",2,7,8.73256082251035,68.95128820708574,87.85026350240769,-0.49469092066860343
C040,RandomForest,F2,raw,"{""max_depth"": 2, ""min_samples_leaf"": 5}",3,7,13.701303111446968,113.74702835854616,131.33602509960397,0.0004914442361777516
C041,RandomForest,F2,raw,"{""max_depth"": 3, ""min_samples_leaf"": 3}",0,8,5.738855538684981,40.57898782467535,54.318345808096495,0.7248309732439145
C041,RandomForest,F2,raw,"{""max_depth"": 3, ""min_samples_leaf"": 3}",1,7,12.780749785164478,84.16007366839524,105.1576434166238,0.6222263034204696
C041,RandomForest,F2,raw,"{""max_depth"": 3, ""min_samples_leaf"": 3}",2,7,10.91281000439617,83.98845160791593,101.33334284713244,-0.9887033203012967
C041,RandomForest,F2,raw,"{""max_depth"": 3, ""min_samples_leaf"": 3}",3,7,14.33164799843188,118.02533151240297,133.5107819960389,-0.03288378351430121
C042,RandomForest,F2,raw,"{""max_depth"": 3, ""min_samples_leaf"": 5}",0,8,6.70945027182877,48.169796679593475,53.25265054307863,0.7355223763380991
C042,RandomForest,F2,raw,"{""max_depth"": 3, ""min_samples_leaf"": 5}",1,7,13.008172216538233,87.87744395598163,106.76036894489376,0.6106231228141267
C042,RandomForest,F2,raw,"{""max_depth"": 3, ""min_samples_leaf"": 5}",2,7,8.73256082251035,68.95128820708574,87.85026350240769,-0.49469092066860343
C042,RandomForest,F2,raw,"{""max_depth"": 3, ""min_samples_leaf"": 5}",3,7,13.701303111446968,113.74702835854616,131.33602509960397,0.0004914442361777516
C043,Ridge,F2,log10,"{""alpha"": 0.1}",0,8,5.090362178347728,41.12680228669211,51.32064537696332,0.7543647475764698
C043,Ridge,F2,log10,"{""alpha"": 0.1}",1,7,17.095079784933706,111.35543985484631,135.64381157441437,0.3714352882876023
C043,Ridge,F2,log10,"{""alpha"": 0.1}",2,7,12.061546178479052,92.36198741986813,115.57428595052721,-1.5869479896750955
C043,Ridge,F2,log10,"{""alpha"": 0.1}",3,7,11.84868229502237,100.4310650341371,116.63643212639661,0.21170779488330438
C044,Ridge,F2,log10,"{""alpha"": 1.0}",0,8,4.928372892966082,39.6820218473803,49.16983814577803,0.7745220726833792
C044,Ridge,F2,log10,"{""alpha"": 1.0}",1,7,15.309405567571973,102.9013188758905,120.4807632907691,0.504109890517325
C044,Ridge,F2,log10,"{""alpha"": 1.0}",2,7,12.031802027510798,91.86148940780478,112.74745521524663,-1.461947322269781
C044,Ridge,F2,log10,"{""alpha"": 1.0}",3,7,11.675315498926754,99.25222853798753,116.39170867220997,0.21501227196225126
C045,Ridge,F2,log10,"{""alpha"": 10.0}",0,8,6.29405719124693,47.04350797143782,55.30296659543031,0.7147646592246137
C045,Ridge,F2,log10,"{""alpha"": 10.0}",1,7,13.355740548146544,98.77781149269263,105.75116128255124,0.6179499013345697
C045,Ridge,F2,log10,"{""alpha"": 10.0}",2,7,11.471314892855315,86.54801565147827,101.00634737825261,-0.9758892212995567
C045,Ridge,F2,log10,"{""alpha"": 10.0}",3,7,10.686269097973415,93.03147651712001,117.46507818514874,0.20046712834650848
C046,Ridge,F2,log10,"{""alpha"": 100.0}",0,8,10.1103989184003,73.34568337880569,84.11186376866169,0.34018681604458845
C046,Ridge,F2,log10,"{""alpha"": 100.0}",1,7,18.664675076096024,132.98071870806135,141.00628309034255,0.320754209885704
C046,Ridge,F2,log10,"{""alpha"": 100.0}",2,7,9.936244398933187,72.85708292268771,80.72242994395506,-0.26198360555393885
C046,Ridge,F2,log10,"{""alpha"": 100.0}",3,7,12.419533208671838,114.9815067873204,144.66589442399123,-0.21269361969997957
C047,ElasticNet,F2,log10,"{""alpha"": 0.001, ""l1_ratio"": 0.2}",0,8,5.077495739429842,41.017137706115804,51.4769626586825,0.7528661104750303
C047,ElasticNet,F2,log10,"{""alpha"": 0.001, ""l1_ratio"": 0.2}",1,7,16.963642773976453,110.62482543217577,134.53780914950585,0.3816437876856673
C047,ElasticNet,F2,log10,"{""alpha"": 0.001, ""l1_ratio"": 0.2}",2,7,12.021746764278838,92.0693388560586,115.24384089084276,-1.572176155112606
C047,ElasticNet,F2,log10,"{""alpha"": 0.001, ""l1_ratio"": 0.2}",3,7,11.82544202360055,100.21351153817656,116.09794780728556,0.21896973031974387
C048,ElasticNet,F2,log10,"{""alpha"": 0.001, ""l1_ratio"": 0.8}",0,8,5.03136353615117,40.634709277491524,51.23869790393558,0.7551485692604156
C048,ElasticNet,F2,log10,"{""alpha"": 0.001, ""l1_ratio"": 0.8}",1,7,16.00478653097053,105.79102280457816,126.34758790747372,0.45463917707917123
C048,ElasticNet,F2,log10,"{""alpha"": 0.001, ""l1_ratio"": 0.8}",2,7,11.899827615859145,91.08536819280917,113.37909267550086,-1.4896093932162504
C048,ElasticNet,F2,log10,"{""alpha"": 0.001, ""l1_ratio"": 0.8}",3,7,11.709359863102913,99.24715487547194,114.45690479461526,0.24089338795609228
C049,ElasticNet,F2,log10,"{""alpha"": 0.01, ""l1_ratio"": 0.2}",0,8,4.9506129955749545,39.988256451283135,50.22604668672449,0.7647311289268854
C049,ElasticNet,F2,log10,"{""alpha"": 0.01, ""l1_ratio"": 0.2}",1,7,14.331684951750095,98.42326645277493,111.74094445336821,0.5734453297038281
C049,ElasticNet,F2,log10,"{""alpha"": 0.01, ""l1_ratio"": 0.2}",2,7,11.690213888029824,89.32463031255135,109.60401383722264,-1.3265810004990968
C049,ElasticNet,F2,log10,"{""alpha"": 0.01, ""l1_ratio"": 0.2}",3,7,11.511333779321479,97.90187793731171,113.92201431779465,0.24797186224023138
C050,ElasticNet,F2,log10,"{""alpha"": 0.01, ""l1_ratio"": 0.8}",0,8,4.73104022926819,38.171708658648186,48.57194261839545,0.7799722675254857
C050,ElasticNet,F2,log10,"{""alpha"": 0.01, ""l1_ratio"": 0.8}",1,7,12.99737876684668,95.35428444305509,102.94071393142448,0.6379868239647659
C050,ElasticNet,F2,log10,"{""alpha"": 0.01, ""l1_ratio"": 0.8}",2,7,11.106339780883703,84.6553092346443,101.39260550065663,-0.991030102291556
C050,ElasticNet,F2,log10,"{""alpha"": 0.01, ""l1_ratio"": 0.8}",3,7,10.739287402982477,92.78834207734566,113.53486852758228,0.2530744725703218
C051,ElasticNet,F2,log10,"{""alpha"": 0.1, ""l1_ratio"": 0.2}",0,8,5.583074468883412,42.065985140868875,50.794539084710244,0.7593751233496902
C051,ElasticNet,F2,log10,"{""alpha"": 0.1, ""l1_ratio"": 0.2}",1,7,16.722921162785344,119.00017491396245,127.23779825534675,0.4469271794728181
C051,ElasticNet,F2,log10,"{""alpha"": 0.1, ""l1_ratio"": 0.2}",2,7,10.348683916751057,77.93309270825286,86.32757544471409,-0.44332570700290597
C051,ElasticNet,F2,log10,"{""alpha"": 0.1, ""l1_ratio"": 0.2}",3,7,10.688646494515803,96.07192882187182,122.13883898677167,0.13557691898197055
C052,ElasticNet,F2,log10,"{""alpha"": 0.1, ""l1_ratio"": 0.8}",0,8,12.664964321393812,91.0,103.57070372977653,-0.00041531331669175664
C052,ElasticNet,F2,log10,"{""alpha"": 0.1, ""l1_ratio"": 0.8}",1,7,23.337056904424916,160.50779171593754,173.7719980642662,-0.03159591879853818
C052,ElasticNet,F2,log10,"{""alpha"": 0.1, ""l1_ratio"": 0.8}",2,7,9.417215254179464,67.81856146211321,78.37833130539227,-0.18975430658827785
C052,ElasticNet,F2,log10,"{""alpha"": 0.1, ""l1_ratio"": 0.8}",3,7,13.453507578800108,128.23913734691615,170.9485924657275,-0.6933621113339448
C053,RandomForest,F2,log10,"{""max_depth"": 2, ""min_samples_leaf"": 3}",0,8,6.066488630716392,43.51300291496236,55.563519178199726,0.7120706310047348
C053,RandomForest,F2,log10,"{""max_depth"": 2, ""min_samples_leaf"": 3}",1,7,12.772139257734,84.79351327918296,104.60558646204991,0.6261823670907465
C053,RandomForest,F2,log10,"{""max_depth"": 2, ""min_samples_leaf"": 3}",2,7,10.477626551990602,81.26227872409554,100.33806579504538,-0.9498298258818048
C053,RandomForest,F2,log10,"{""max_depth"": 2, ""min_samples_leaf"": 3}",3,7,14.170178446153061,117.04555129252715,132.75736497194214,-0.0212593064534341
C054,RandomForest,F2,log10,"{""max_depth"": 2, ""min_samples_leaf"": 5}",0,8,6.4848475538244035,46.6076019250291,53.59905107153271,0.7320704106907807
C054,RandomForest,F2,log10,"{""max_depth"": 2, ""min_samples_leaf"": 5}",1,7,12.909105313843513,87.84614153967262,106.48125451244935,0.6126564361058162
C054,RandomForest,F2,log10,"{""max_depth"": 2, ""min_samples_leaf"": 5}",2,7,9.158363902934964,72.28239823976345,90.94190045647937,-0.6017447557495632
C054,RandomForest,F2,log10,"{""max_depth"": 2, ""min_samples_leaf"": 5}",3,7,13.583898218456763,113.18677745782897,130.86300716049266,0.007678110470764277
C055,RandomForest,F2,log10,"{""max_depth"": 3, ""min_samples_leaf"": 3}",0,8,6.054261934715058,43.375135631552794,55.64509087510926,0.7112246036874388
C055,RandomForest,F2,log10,"{""max_depth"": 3, ""min_samples_leaf"": 3}",1,7,12.866410127394479,85.6525861120546,105.3310329342203,0.6209794896184253
C055,RandomForest,F2,log10,"{""max_depth"": 3, ""min_samples_leaf"": 3}",2,7,10.51809398908065,81.60576293189395,100.9404078048431,-0.9733102395302617
C055,RandomForest,F2,log10,"{""max_depth"": 3, ""min_samples_leaf"": 3}",3,7,14.212859637307865,117.39752770124346,132.8849512224646,-0.02322320890660956
C056,RandomForest,F2,log10,"{""max_depth"": 3, ""min_samples_leaf"": 5}",0,8,6.4848475538244035,46.6076019250291,53.59905107153271,0.7320704106907807
C056,RandomForest,F2,log10,"{""max_depth"": 3, ""min_samples_leaf"": 5}",1,7,12.909105313843513,87.84614153967262,106.48125451244935,0.6126564361058162
C056,RandomForest,F2,log10,"{""max_depth"": 3, ""min_samples_leaf"": 5}",2,7,9.158363902934964,72.28239823976345,90.94190045647937,-0.6017447557495632
C056,RandomForest,F2,log10,"{""max_depth"": 3, ""min_samples_leaf"": 5}",3,7,13.583898218456763,113.18677745782897,130.86300716049266,0.007678110470764277
C057,Ridge,F3,raw,"{""alpha"": 0.1}",0,8,6.046516939035018,47.349430915667526,55.228289300928736,0.7155344632125784
C057,Ridge,F3,raw,"{""alpha"": 0.1}",1,7,23.21069323806541,143.77888086389484,188.91420703687157,-0.21921210287671422
C057,Ridge,F3,raw,"{""alpha"": 0.1}",2,7,12.944060151108951,97.11522000889276,114.31036132238658,-1.530675464522873
C057,Ridge,F3,raw,"{""alpha"": 0.1}",3,7,11.610520049609397,98.47734386210107,116.03165000760579,0.2198614911936172
C058,Ridge,F3,raw,"{""alpha"": 1.0}",0,8,4.915379275873439,39.91884311965755,52.051422285689966,0.7473195286087494
C058,Ridge,F3,raw,"{""alpha"": 1.0}",1,7,19.62707273658752,125.32335591269667,156.26530018183252,0.16579050839074083
C058,Ridge,F3,raw,"{""alpha"": 1.0}",2,7,13.724427743614939,102.20254492819438,115.52039944060114,-1.58453622308912
C058,Ridge,F3,raw,"{""alpha"": 1.0}",3,7,11.466718101336633,97.4912024615285,116.68396027125966,0.21106522207900869
C059,Ridge,F3,raw,"{""alpha"": 10.0}",0,8,6.325358273418957,46.57737857021833,56.13087003178451,0.7061606028922915
C059,Ridge,F3,raw,"{""alpha"": 10.0}",1,7,14.054726294423181,101.49386244406672,106.94286918490438,0.6092907536634231
C059,Ridge,F3,raw,"{""alpha"": 10.0}",2,7,11.856297786357775,87.81326634033981,100.00868664910855,-0.9370494488616854
C059,Ridge,F3,raw,"{""alpha"": 10.0}",3,7,11.47675906339872,99.49424532966766,120.44102602020892,0.15944202542592034
C060,Ridge,F3,raw,"{""alpha"": 100.0}",0,8,10.15731901239299,72.1165526323043,85.57243221598287,0.31707308572710413
C060,Ridge,F3,raw,"{""alpha"": 100.0}",1,7,19.192398628555246,134.89903624040005,142.64036849329884,0.3049197797762706
C060,Ridge,F3,raw,"{""alpha"": 100.0}",2,7,11.290038435509056,81.34275099714428,89.04001077580706,-0.5354499594034765
C060,Ridge,F3,raw,"{""alpha"": 100.0}",3,7,12.680904246185932,116.07459281110688,142.2693781924845,-0.1728477699220139
C061,ElasticNet,F3,raw,"{""alpha"": 0.001, ""l1_ratio"": 0.2}",0,8,6.1707859821885975,48.15795639739356,55.68999870165485,0.7107583088835613
C061,ElasticNet,F3,raw,"{""alpha"": 0.001, ""l1_ratio"": 0.2}",1,7,23.63807326176019,145.98412270933534,192.95855070558372,-0.2719735569674595
C061,ElasticNet,F3,raw,"{""alpha"": 0.001, ""l1_ratio"": 0.2}",2,7,12.788742222274383,96.0754501567983,114.02720781679021,-1.518153727588198
C061,ElasticNet,F3,raw,"{""alpha"": 0.001, ""l1_ratio"": 0.2}",3,7,11.624441514270432,98.57269731914336,115.96132513369255,0.22080686284762996
C062,ElasticNet,F3,raw,"{""alpha"": 0.001, ""l1_ratio"": 0.8}",0,8,6.1897720349056975,48.281486598715006,55.76224248056175,0.7100073853113188
C062,ElasticNet,F3,raw,"{""alpha"": 0.001, ""l1_ratio"": 0.8}",1,7,23.707376693152487,146.3416156963362,193.61707935659396,-0.28067035076573044
C062,ElasticNet,F3,raw,"{""alpha"": 0.001, ""l1_ratio"": 0.8}",2,7,12.761518401899982,95.89281448852842,113.97828716046008,-1.515993483386096
C062,ElasticNet,F3,raw,"{""alpha"": 0.001, ""l1_ratio"": 0.8}",3,7,11.626627717066459,98.58758960495166,115.94906963496494,0.22097155389217493
C063,ElasticNet,F3,raw,"{""alpha"": 0.01, ""l1_ratio"": 0.2}",0,8,5.947203096607156,46.70266216420168,54.87433928957922,0.7191689751077721
C063,ElasticNet,F3,raw,"{""alpha"": 0.01, ""l1_ratio"": 0.2}",1,7,22.830387718666984,141.81649485823246,185.33866866405205,-0.17349732486892733
C063,ElasticNet,F3,raw,"{""alpha"": 0.01, ""l1_ratio"": 0.2}",2,7,13.068096278702049,97.9425128952136,114.54226050024297,-1.540953742538795
C063,ElasticNet,F3,raw,"{""alpha"": 0.01, ""l1_ratio"": 0.2}",3,7,11.59758717723125,98.3884387220581,116.09171680277355,0.21905356423120292
C064,ElasticNet,F3,raw,"{""alpha"": 0.01, ""l1_ratio"": 0.8}",0,8,6.130024472321417,47.89483594408988,55.53279141278864,0.7123890046366517
C064,ElasticNet,F3,raw,"{""alpha"": 0.01, ""l1_ratio"": 0.8}",1,7,23.48301821032603,145.1815759381439,191.4930783051414,-0.2527262764935103
C064,ElasticNet,F3,raw,"{""alpha"": 0.01, ""l1_ratio"": 0.8}",2,7,12.838105511300975,96.40557645069657,114.09976573577141,-1.5213594559296535
C064,ElasticNet,F3,raw,"{""alpha"": 0.01, ""l1_ratio"": 0.8}",3,7,11.619178060630867,98.53557340231275,115.97321060421386,0.2206471276659394
C065,ElasticNet,F3,raw,"{""alpha"": 0.1, ""l1_ratio"": 0.2}",0,8,4.90336553121552,39.527138080518355,51.02211091202964,0.7572141780337303
C065,ElasticNet,F3,raw,"{""alpha"": 0.1, ""l1_ratio"": 0.2}",1,7,17.92297619441715,117.16565552703511,139.4019299369466,0.3361230370927527
C065,ElasticNet,F3,raw,"{""alpha"": 0.1, ""l1_ratio"": 0.2}",2,7,13.778179939177596,102.36795313463071,114.591155754769,-1.5431235460165875
C065,ElasticNet,F3,raw,"{""alpha"": 0.1, ""l1_ratio"": 0.2}",3,7,11.354484919753425,96.72364460140632,117.12447083415928,0.20509713331112933
C066,ElasticNet,F3,raw,"{""alpha"": 0.1, ""l1_ratio"": 0.8}",0,8,5.5782666820573334,44.30712833290774,53.65677401747524,0.7314930119236036
C066,ElasticNet,F3,raw,"{""alpha"": 0.1, ""l1_ratio"": 0.8}",1,7,21.530206780518512,135.12208296667362,173.28579343174187,-0.02583129570677878
C066,ElasticNet,F3,raw,"{""alpha"": 0.1, ""l1_ratio"": 0.8}",2,7,13.364128598001676,99.8907038427847,114.94767595718152,-1.5589726812403772
C066,ElasticNet,F3,raw,"{""alpha"": 0.1, ""l1_ratio"": 0.8}",3,7,11.546703610557408,98.02953155501423,116.19576679778079,0.21765305281722302
C067,RandomForest,F3,raw,"{""max_depth"": 2, ""min_samples_leaf"": 3}",0,8,6.269870828835695,44.00847747391498,55.34458859731954,0.714335151218503
C067,RandomForest,F3,raw,"{""max_depth"": 2, ""min_samples_leaf"": 3}",1,7,13.773797157863305,90.42321372542789,109.4946382966915,0.5904228380204963
C067,RandomForest,F3,raw,"{""max_depth"": 2, ""min_samples_leaf"": 3}",2,7,10.623654002424496,81.91249118474124,99.65414960931696,-0.9233398701352937
C067,RandomForest,F3,raw,"{""max_depth"": 2, ""min_samples_leaf"": 3}",3,7,14.372155624507844,117.8283638795066,135.39497363292807,-0.0622429653936063
C068,RandomForest,F3,raw,"{""max_depth"": 2, ""min_samples_leaf"": 5}",0,8,6.7582860329057235,48.41444555617987,53.69163082282231,0.731144040670394
C068,RandomForest,F3,raw,"{""max_depth"": 2, ""min_samples_leaf"": 5}",1,7,13.151106752758942,88.80976155372772,107.53812725373467,0.6049291707228646
C068,RandomForest,F3,raw,"{""max_depth"": 2, ""min_samples_leaf"": 5}",2,7,8.76088333226875,69.17929189916087,88.15840668778078,-0.5051948523619176
C068,RandomForest,F3,raw,"{""max_depth"": 2, ""min_samples_leaf"": 5}",3,7,13.713465423612774,113.84719842657339,131.4535598942048,-0.0012983099274681553
C069,RandomForest,F3,raw,"{""max_depth"": 3, ""min_samples_leaf"": 3}",0,8,6.243429497078178,43.7448253367003,55.257550668596124,0.715232949047969
C069,RandomForest,F3,raw,"{""max_depth"": 3, ""min_samples_leaf"": 3}",1,7,13.74363411695905,90.31694505230199,109.28951152745606,0.5919560006375233
C069,RandomForest,F3,raw,"{""max_depth"": 3, ""min_samples_leaf"": 3}",2,7,10.819933234885164,83.39872380265237,100.9604886429339,-0.9740954486612141
C069,RandomForest,F3,raw,"{""max_depth"": 3, ""min_samples_leaf"": 3}",3,7,14.372811967393803,117.83656979660543,135.36759972388262,-0.06181348411972709
C070,RandomForest,F3,raw,"{""max_depth"": 3, ""min_samples_leaf"": 5}",0,8,6.7582860329057235,48.41444555617987,53.69163082282231,0.731144040670394
C070,RandomForest,F3,raw,"{""max_depth"": 3, ""min_samples_leaf"": 5}",1,7,13.151106752758942,88.80976155372772,107.53812725373467,0.6049291707228646
C070,RandomForest,F3,raw,"{""max_depth"": 3, ""min_samples_leaf"": 5}",2,7,8.76088333226875,69.17929189916087,88.15840668778078,-0.5051948523619176
C070,RandomForest,F3,raw,"{""max_depth"": 3, ""min_samples_leaf"": 5}",3,7,13.713465423612774,113.84719842657339,131.4535598942048,-0.0012983099274681553
C071,Ridge,F3,log10,"{""alpha"": 0.1}",0,8,5.814990542461418,47.22998241526592,60.72048009503827,0.6561437916544686
C071,Ridge,F3,log10,"{""alpha"": 0.1}",1,7,25.0700954885012,154.24932823666683,207.24968801834365,-0.4673637863247653
C071,Ridge,F3,log10,"{""alpha"": 0.1}",2,7,12.928133594082484,98.44099004530509,118.6331875605337,-1.725697518429861
C071,Ridge,F3,log10,"{""alpha"": 0.1}",3,7,11.836846652154247,100.17246101214461,117.42118244380204,0.201064574517124
C072,Ridge,F3,log10,"{""alpha"": 1.0}",0,8,5.885534213097102,47.13797853708593,59.32951104988543,0.6717172861657177
C072,Ridge,F3,log10,"{""alpha"": 1.0}",1,7,20.844449748839505,132.7453469656146,166.012160464637,0.058479395333898565
C072,Ridge,F3,log10,"{""alpha"": 1.0}",2,7,13.570130781073836,102.56137236736497,118.93303638607166,-1.7394934904963582
C072,Ridge,F3,log10,"{""alpha"": 1.0}",3,7,11.640262159380757,98.78990763404741,117.41896502074239,0.20109474898941615
C073,Ridge,F3,log10,"{""alpha"": 10.0}",0,8,7.089854494469998,53.0322949977337,62.190040788760975,0.6392983243495005
C073,Ridge,F3,log10,"{""alpha"": 10.0}",1,7,14.641078235091816,105.56387041166509,112.13676996632967,0.5704179654849719
C073,Ridge,F3,log10,"{""alpha"": 10.0}",2,7,11.472108216952606,86.27512724921476,100.28450206110044,-0.9477486159557484
C073,Ridge,F3,log10,"{""alpha"": 10.0}",3,7,11.181091259810952,97.09238836384553,119.46127082689422,0.1730618263539685
C074,Ridge,F3,log10,"{""alpha"": 100.0}",0,8,10.280641159900854,74.57709977215005,85.61784946025686,0.31634797160634365
C074,Ridge,F3,log10,"{""alpha"": 100.0}",1,7,19.067258975343375,135.20984587627217,143.47081778279755,0.2968027342517917
C074,Ridge,F3,log10,"{""alpha"": 100.0}",2,7,10.532380572908325,76.73783267194756,84.02890529683715,-0.36748531396036666
C074,Ridge,F3,log10,"{""alpha"": 100.0}",3,7,12.606795709738389,116.46260338713054,145.41439318014835,-0.22527499391406547
C075,ElasticNet,F3,log10,"{""alpha"": 0.001, ""l1_ratio"": 0.2}",0,8,5.8199845001150186,47.282393545747524,60.606340656643845,0.6574353053781699
C075,ElasticNet,F3,log10,"{""alpha"": 0.001, ""l1_ratio"": 0.2}",1,7,24.764325315919674,152.57188173467355,204.406487970279,-0.4273792486285113
C075,ElasticNet,F3,log10,"{""alpha"": 0.001, ""l1_ratio"": 0.2}",2,7,12.665733886985025,96.64553562162017,117.46923438502917,-1.672474290424895
C075,ElasticNet,F3,log10,"{""alpha"": 0.001, ""l1_ratio"": 0.2}",3,7,11.81553768696413,99.97733075691453,116.82055093567469,0.20921708120297722
C076,ElasticNet,F3,log10,"{""alpha"": 0.001, ""l1_ratio"": 0.8}",0,8,5.727464465346786,46.5176850084716,59.64232905539453,0.6682463837954795
C076,ElasticNet,F3,log10,"{""alpha"": 0.001, ""l1_ratio"": 0.8}",1,7,22.40835998955966,140.20799642172128,181.69741536510426,-0.1278400822463619
C076,ElasticNet,F3,log10,"{""alpha"": 0.001, ""l1_ratio"": 0.8}",2,7,12.451847660098478,95.0469942944377,115.29265002020641,-1.5743553998142659
C076,ElasticNet,F3,log10,"{""alpha"": 0.001, ""l1_ratio"": 0.8}",3,7,11.698453123169102,99.023444523149,115.11331761886673,0.23216143490737906
C077,ElasticNet,F3,log10,"{""alpha"": 0.01, ""l1_ratio"": 0.2}",0,8,5.476858956266639,44.43245480867738,57.25248865402808,0.6943001573028881
C077,ElasticNet,F3,log10,"{""alpha"": 0.01, ""l1_ratio"": 0.2}",1,7,17.55171861990182,115.16270462928007,138.18251409492586,0.34768674153736634
C077,ElasticNet,F3,log10,"{""alpha"": 0.01, ""l1_ratio"": 0.2}",2,7,11.813304702059394,90.21390377263906,110.0810093695637,-1.3468755783154411
C077,ElasticNet,F3,log10,"{""alpha"": 0.01, ""l1_ratio"": 0.2}",3,7,11.510994555187283,97.82677707394582,114.75905265683184,0.23688025863979556
C078,ElasticNet,F3,log10,"{""alpha"": 0.01, ""l1_ratio"": 0.8}",0,8,4.731163857261524,38.17274117650338,48.57352165823662,0.7799579613979394
C078,ElasticNet,F3,log10,"{""alpha"": 0.01, ""l1_ratio"": 0.8}",1,7,12.99737876684668,95.35428444305509,102.94071393142448,0.6379868239647659
C078,ElasticNet,F3,log10,"{""alpha"": 0.01, ""l1_ratio"": 0.8}",2,7,11.106339780883703,84.6553092346443,101.39260550065663,-0.991030102291556
C078,ElasticNet,F3,log10,"{""alpha"": 0.01, ""l1_ratio"": 0.8}",3,7,10.739287402982477,92.78834207734566,113.53486852758228,0.2530744725703218
C079,ElasticNet,F3,log10,"{""alpha"": 0.1, ""l1_ratio"": 0.2}",0,8,5.583074468883412,42.065985140868875,50.794539084710244,0.7593751233496902
C079,ElasticNet,F3,log10,"{""alpha"": 0.1, ""l1_ratio"": 0.2}",1,7,16.722921162785344,119.00017491396245,127.23779825534675,0.4469271794728181
C079,ElasticNet,F3,log10,"{""alpha"": 0.1, ""l1_ratio"": 0.2}",2,7,10.348683916751057,77.93309270825286,86.32757544471409,-0.44332570700290597
C079,ElasticNet,F3,log10,"{""alpha"": 0.1, ""l1_ratio"": 0.2}",3,7,10.688646494515803,96.07192882187182,122.13883898677167,0.13557691898197055
C080,ElasticNet,F3,log10,"{""alpha"": 0.1, ""l1_ratio"": 0.8}",0,8,12.664964321393812,91.0,103.57070372977653,-0.00041531331669175664
C080,ElasticNet,F3,log10,"{""alpha"": 0.1, ""l1_ratio"": 0.8}",1,7,23.337056904424916,160.50779171593754,173.7719980642662,-0.03159591879853818
C080,ElasticNet,F3,log10,"{""alpha"": 0.1, ""l1_ratio"": 0.8}",2,7,9.417215254179464,67.81856146211321,78.37833130539227,-0.18975430658827785
C080,ElasticNet,F3,log10,"{""alpha"": 0.1, ""l1_ratio"": 0.8}",3,7,13.453507578800108,128.23913734691615,170.9485924657275,-0.6933621113339448
C081,RandomForest,F3,log10,"{""max_depth"": 2, ""min_samples_leaf"": 3}",0,8,6.307377771460784,44.389972552236046,56.065234574519785,0.7068473910063893
C081,RandomForest,F3,log10,"{""max_depth"": 2, ""min_samples_leaf"": 3}",1,7,13.906504173815085,92.13486576987373,110.08754604246627,0.5859751506714301
C081,RandomForest,F3,log10,"{""max_depth"": 2, ""min_samples_leaf"": 3}",2,7,10.133355138000962,78.79859878769635,98.38335072304397,-0.874599421654745
C081,RandomForest,F3,log10,"{""max_depth"": 2, ""min_samples_leaf"": 3}",3,7,14.19674657220952,116.81672372455583,134.1481377767044,-0.04276891452811871
C082,RandomForest,F3,log10,"{""max_depth"": 2, ""min_samples_leaf"": 5}",0,8,6.524416924409532,46.83768363671193,53.89788887613914,0.7290744361713795
C082,RandomForest,F3,log10,"{""max_depth"": 2, ""min_samples_leaf"": 5}",1,7,13.032999580232406,88.79959914088214,107.56770424096435,0.6047118224748262
C082,RandomForest,F3,log10,"{""max_depth"": 2, ""min_samples_leaf"": 5}",2,7,9.175157515284111,72.41896076435263,91.07432232209658,-0.6064128010206391
C082,RandomForest,F3,log10,"{""max_depth"": 2, ""min_samples_leaf"": 5}",3,7,13.575277039001143,113.14852353162868,130.8223188517566,0.008295085785428702
C083,RandomForest,F3,log10,"{""max_depth"": 3, ""min_samples_leaf"": 3}",0,8,6.259422833018285,43.962705132602125,55.69698958852686,0.7106856860462494
C083,RandomForest,F3,log10,"{""max_depth"": 3, ""min_samples_leaf"": 3}",1,7,13.897438944289986,92.14500149509193,110.02799709798049,0.5864229410980347
C083,RandomForest,F3,log10,"{""max_depth"": 3, ""min_samples_leaf"": 3}",2,7,10.350468893280866,80.44229031085538,100.09221048233864,-0.940286314802014
C083,RandomForest,F3,log10,"{""max_depth"": 3, ""min_samples_leaf"": 3}",3,7,14.244496562261746,117.17027312324853,134.54125047549985,-0.048889406989451656
C084,RandomForest,F3,log10,"{""max_depth"": 3, ""min_samples_leaf"": 5}",0,8,6.524416924409532,46.83768363671193,53.89788887613914,0.7290744361713795
C084,RandomForest,F3,log10,"{""max_depth"": 3, ""min_samples_leaf"": 5}",1,7,13.032999580232406,88.79959914088214,107.56770424096435,0.6047118224748262
C084,RandomForest,F3,log10,"{""max_depth"": 3, ""min_samples_leaf"": 5}",2,7,9.175157515284111,72.41896076435263,91.07432232209658,-0.6064128010206391
C084,RandomForest,F3,log10,"{""max_depth"": 3, ""min_samples_leaf"": 5}",3,7,13.575277039001143,113.14852353162868,130.8223188517566,0.008295085785428702
