candidate_id,fold,cell_id,actual,predicted
C000,0,b1c16,862.0,742.0
C000,0,b1c17,857.0,742.0
C000,0,b1c26,870.0,742.0
C000,0,b1c27,842.0,742.0
C000,0,b1c32,731.0,742.0
C000,0,b1c33,757.0,742.0
C000,0,b1c44,616.0,742.0
C000,0,b1c45,599.0,742.0
C000,1,b1c20,534.0,772.5
C000,1,b1c21,559.0,772.5
C000,1,b1c23,1014.0,772.5
C000,1,b1c28,860.0,772.5
C000,1,b1c29,917.0,772.5
C000,1,b1c42,702.0,772.5
C000,1,b1c43,651.0,772.5
C000,2,b1c11,788.0,799.5
C000,2,b1c18,691.0,799.5
C000,2,b1c19,788.0,799.5
C000,2,b1c30,709.0,799.5
C000,2,b1c31,876.0,799.5
C000,2,b1c36,704.0,799.5
C000,2,b1c37,648.0,799.5
C000,3,b1c9,1054.0,744.0
C000,3,b1c14,880.0,744.0
C000,3,b1c15,719.0,744.0
C000,3,b1c24,1017.0,744.0
C000,3,b1c25,854.0,744.0
C000,3,b1c34,742.0,744.0
C000,3,b1c35,703.0,744.0
C001,0,b1c16,862.0,931.1999428853877
C001,0,b1c17,857.0,866.8628936387385
C001,0,b1c26,870.0,779.7857528023935
C001,0,b1c27,842.0,808.8961107024355
C001,0,b1c32,731.0,705.7413314217027
C001,0,b1c33,757.0,715.9921659029213
C001,0,b1c44,616.0,593.3662272373808
C001,0,b1c45,599.0,595.652037134271
C001,1,b1c20,534.0,612.9920643357642
C001,1,b1c21,559.0,606.3978382878066
C001,1,b1c23,1014.0,875.8175448716287
C001,1,b1c28,860.0,799.3052951207721
C001,1,b1c29,917.0,796.7962324691955
C001,1,b1c42,702.0,729.5146560029372
C001,1,b1c43,651.0,730.2651333030874
C001,2,b1c11,788.0,973.3361522557022
C001,2,b1c18,691.0,716.1111785081162
C001,2,b1c19,788.0,700.4888274233741
C001,2,b1c30,709.0,765.0997101385183
C001,2,b1c31,876.0,782.2026562806199
C001,2,b1c36,704.0,726.1662376437426
C001,2,b1c37,648.0,728.4637661067046
C001,3,b1c9,1054.0,909.9652065083028
C001,3,b1c14,880.0,903.7438003844827
C001,3,b1c15,719.0,890.6032974599711
C001,3,b1c24,1017.0,853.5535737450607
C001,3,b1c25,854.0,895.2480152007539
C001,3,b1c34,742.0,811.4759229446146
C001,3,b1c35,703.0,775.9571483148268
C002,0,b1c16,862.0,925.0729322348816
C002,0,b1c17,857.0,863.3678531846862
C002,0,b1c26,870.0,779.8529590189189
C002,0,b1c27,842.0,807.7724386412319
C002,0,b1c32,731.0,708.8376276038019
C002,0,b1c33,757.0,718.6691097653343
C002,0,b1c44,616.0,601.0596867724751
C002,0,b1c45,599.0,603.2519862644924
C002,1,b1c20,534.0,619.7886199210445
C002,1,b1c21,559.0,613.4524288053983
C002,1,b1c23,1014.0,872.3296251315926
C002,1,b1c28,860.0,798.8113329796826
C002,1,b1c29,917.0,796.400451040559
C002,1,b1c42,702.0,731.7516319142846
C002,1,b1c43,651.0,732.4727427113855
C002,2,b1c11,788.0,966.0909826615068
C002,2,b1c18,691.0,718.9313339736088
C002,2,b1c19,788.0,703.9202922791393
C002,2,b1c30,709.0,766.0029230619517
C002,2,b1c31,876.0,782.4366234854493
C002,2,b1c36,704.0,728.5929342734934
C002,2,b1c37,648.0,730.8005594487743
C002,3,b1c9,1054.0,903.8390976370292
C002,3,b1c14,880.0,897.8611378397934
C002,3,b1c15,719.0,885.2348285079802
C002,3,b1c24,1017.0,849.6348765906098
C002,3,b1c25,854.0,889.6977964241236
C002,3,b1c34,742.0,809.2037425606159
C002,3,b1c35,703.0,775.074833025037
C003,0,b1c16,862.0,883.369730710469
C003,0,b1c17,857.0,839.57902944904
C003,0,b1c26,870.0,780.3103948797858
C003,0,b1c27,842.0,800.124219127879
C003,0,b1c32,731.0,729.912417746477
C003,0,b1c33,757.0,736.8895986353065
C003,0,b1c44,616.0,653.4248468339224
C003,0,b1c45,599.0,654.9806722798702
C003,1,b1c20,534.0,666.7273319318871
C003,1,b1c21,559.0,662.1731945675164
C003,1,b1c23,1014.0,848.2411794269685
C003,1,b1c28,860.0,795.3999069427832
C003,1,b1c29,917.0,793.6670855490381
C003,1,b1c42,702.0,747.2007468020284
C003,1,b1c43,651.0,747.7190451874446
C003,2,b1c11,788.0,916.0540301515944
C003,2,b1c18,691.0,738.4080326571677
C003,2,b1c19,788.0,727.6188464392677
C003,2,b1c30,709.0,772.2407373144142
C003,2,b1c31,876.0,784.0524594938031
C003,2,b1c36,704.0,745.3523078727097
C003,2,b1c37,648.0,746.9390384674429
C003,3,b1c9,1054.0,861.5306582447965
C003,3,b1c14,880.0,857.2339996405334
C003,3,b1c15,719.0,848.1588398082926
C003,3,b1c24,1017.0,822.5713743676826
C003,3,b1c25,854.0,851.3665979980207
C003,3,b1c34,742.0,793.5114967836245
C003,3,b1c35,703.0,768.9813430549273
C004,0,b1c16,862.0,807.5457279388096
C004,0,b1c17,857.0,796.3266226569559
C004,0,b1c26,870.0,781.1420964449983
C004,0,b1c27,842.0,786.2183654672369
C004,0,b1c32,731.0,768.2302180058861
C004,0,b1c33,757.0,770.0177602170737
C004,0,b1c44,616.0,748.6342287638266
C004,0,b1c45,599.0,749.0328286714662
C004,1,b1c20,534.0,755.2183463785576
C004,1,b1c21,559.0,754.02381854528
C004,1,b1c23,1014.0,802.8285358854641
C004,1,b1c28,860.0,788.9685299879729
C004,1,b1c29,917.0,788.514019458466
C004,1,b1c42,702.0,776.3261273281029
C004,1,b1c43,651.0,776.4620744455891
C004,2,b1c11,788.0,821.7220705017594
C004,2,b1c18,691.0,775.1263990278114
C004,2,b1c19,788.0,772.2964485444278
C004,2,b1c30,709.0,784.0005510690564
C004,2,b1c31,876.0,787.0987077062731
C004,2,b1c36,704.0,776.9478482646749
C004,2,b1c37,648.0,777.3640398960803
C004,3,b1c9,1054.0,781.7688462758333
C004,3,b1c14,880.0,780.641853855043
C004,3,b1c15,719.0,778.2614840629799
C004,3,b1c24,1017.0,771.5500177179018
C004,3,b1c25,854.0,779.1028632602856
C004,3,b1c34,742.0,763.9277547450341
C004,3,b1c35,703.0,757.4936160620971
C005,0,b1c16,862.0,931.7925654144625
C005,0,b1c17,857.0,867.2009442528546
C005,0,b1c26,870.0,779.7792524190453
C005,0,b1c27,842.0,809.004795576144
C005,0,b1c32,731.0,705.4418485288423
C005,0,b1c33,757.0,715.7332440024342
C005,0,b1c44,616.0,592.6220931551844
C005,0,b1c45,599.0,594.9169476540496
C005,1,b1c20,534.0,612.3424758613123
C005,1,b1c21,559.0,605.7235878333368
C005,1,b1c23,1014.0,876.1509067391969
C005,1,b1c28,860.0,799.3525061101683
C005,1,b1c29,917.0,796.8340597261374
C005,1,b1c42,702.0,729.3008545043097
C005,1,b1c43,651.0,730.0541385411483
C005,2,b1c11,788.0,974.0287765375357
C005,2,b1c18,691.0,715.8415770683499
C005,2,b1c19,788.0,700.1607859813539
C005,2,b1c30,709.0,765.0133647197807
C005,2,b1c31,876.0,782.1802894657219
C005,2,b1c36,704.0,725.9342501121112
C005,2,b1c37,648.0,728.2403731565049
C005,3,b1c9,1054.0,910.5508005448045
C005,3,b1c14,880.0,904.3061234148611
C005,3,b1c15,719.0,891.1164687844595
C005,3,b1c24,1017.0,853.9281615515661
C005,3,b1c25,854.0,895.7785599699001
C005,3,b1c34,742.0,811.6931204039946
C005,3,b1c35,703.0,776.0414887310473
C006,0,b1c16,862.0,931.8819160926972
C006,0,b1c17,857.0,867.2519127026975
C006,0,b1c26,870.0,779.7782723455035
C006,0,b1c27,842.0,809.0211821741947
C006,0,b1c32,731.0,705.3966949980804
C006,0,b1c33,757.0,715.6942059195343
C006,0,b1c44,616.0,592.509898829657
C006,0,b1c45,599.0,594.8061169981115
C006,1,b1c20,534.0,612.239209707581
C006,1,b1c21,559.0,605.616401123869
C006,1,b1c23,1014.0,876.2039018264228
C006,1,b1c28,860.0,799.3600113192053
C006,1,b1c29,917.0,796.8400731877123
C006,1,b1c42,702.0,729.2668661266005
C006,1,b1c43,651.0,730.0205963550108
C006,2,b1c11,788.0,974.139336317867
C006,2,b1c18,691.0,715.7985420828038
C006,2,b1c19,788.0,700.1084225417221
C006,2,b1c30,709.0,764.9995818785222
C006,2,b1c31,876.0,782.1767191748634
C006,2,b1c36,704.0,725.8972192265221
C006,2,b1c37,648.0,728.2047141763776
C006,3,b1c9,1054.0,910.6441329949192
C006,3,b1c14,880.0,904.39574691324
C006,3,b1c15,719.0,891.1982584442881
C006,3,b1c24,1017.0,853.9878636584609
C006,3,b1c25,854.0,895.8631186233588
C006,3,b1c34,742.0,811.7277375103499
C006,3,b1c35,703.0,776.0549309746475
C007,0,b1c16,862.0,930.7160075764052
C007,0,b1c17,857.0,866.5868416488667
C007,0,b1c26,870.0,779.7910610127125
C007,0,b1c27,842.0,808.8073586800951
C007,0,b1c32,731.0,705.9858890265539
C007,0,b1c33,757.0,716.2036014183923
C007,0,b1c44,616.0,593.9738868171715
C007,0,b1c45,599.0,596.2523108958778
C007,1,b1c20,534.0,613.5916759208346
C007,1,b1c21,559.0,607.0202144530862
C007,1,b1c23,1014.0,875.5098306099443
C007,1,b1c28,860.0,799.261716366995
C007,1,b1c29,917.0,796.7613154988583
C007,1,b1c42,702.0,729.712008419928
C007,1,b1c43,651.0,730.459894923134
C007,2,b1c11,788.0,972.6985414697386
C007,2,b1c18,691.0,716.3593661481036
C007,2,b1c19,788.0,700.7908133155255
C007,2,b1c30,709.0,765.1791973464457
C007,2,b1c31,876.0,782.2232465527206
C007,2,b1c36,704.0,726.3797989586676
C007,2,b1c37,648.0,728.6694154873161
C007,3,b1c9,1054.0,909.4255802700952
C007,3,b1c14,880.0,903.2256184314128
C007,3,b1c15,719.0,890.130408915812
C007,3,b1c24,1017.0,853.2083902283188
C007,3,b1c25,854.0,894.7591169877779
C007,3,b1c34,742.0,811.275774991173
C007,3,b1c35,703.0,775.8794284292114
C008,0,b1c16,862.0,931.6014628026287
C008,0,b1c17,857.0,867.0919332852991
C008,0,b1c26,870.0,779.781348593549
C008,0,b1c27,842.0,808.9697480337144
C008,0,b1c32,731.0,705.5384225877369
C008,0,b1c33,757.0,715.8167383837924
C008,0,b1c44,616.0,592.8620536016499
C008,0,b1c45,599.0,595.1539914934413
C008,1,b1c20,534.0,612.5683497040054
C008,1,b1c21,559.0,605.9580370994158
C008,1,b1c23,1014.0,876.0349906954301
C008,1,b1c28,860.0,799.3360899820939
C008,1,b1c29,917.0,796.8209064941758
C008,1,b1c42,702.0,729.3751972119898
C008,1,b1c43,651.0,730.1275052949343
C008,2,b1c11,788.0,973.7941876897648
C008,2,b1c18,691.0,715.9328899096275
C008,2,b1c19,788.0,700.2718921985672
C008,2,b1c30,709.0,765.0426095395527
C008,2,b1c31,876.0,782.1878650091628
C008,2,b1c36,704.0,726.0128232854319
C008,2,b1c37,648.0,728.3160353822772
C008,3,b1c9,1054.0,910.3504902944466
C008,3,b1c14,880.0,904.1137733225172
C008,3,b1c15,719.0,890.9409316886604
C008,3,b1c24,1017.0,853.8000287964062
C008,3,b1c25,854.0,895.5970800556431
C008,3,b1c34,742.0,811.6188251162123
C008,3,b1c35,703.0,776.0126389668158
C009,0,b1c16,862.0,920.7399049437411
C009,0,b1c17,857.0,860.896157518579
C009,0,b1c26,870.0,779.9004873140289
C009,0,b1c27,842.0,806.9777767767084
C009,0,b1c32,731.0,711.0273309720149
C009,0,b1c33,757.0,720.5622468062709
C009,0,b1c44,616.0,606.5005080849194
C009,0,b1c45,599.0,608.6266769368202
C009,1,b1c20,534.0,625.1675964724086
C009,1,b1c21,559.0,619.0356211294314
C009,1,b1c23,1014.0,869.5691918122026
C009,1,b1c28,860.0,798.4203980802555
C009,1,b1c29,917.0,796.0872189927388
C009,1,b1c42,702.0,733.5220347046576
C009,1,b1c43,651.0,734.2199040628684
C009,2,b1c11,788.0,960.3716965081517
C009,2,b1c18,691.0,721.1575449538215
C009,2,b1c19,788.0,706.6290666121827
C009,2,b1c30,709.0,766.715913020208
C009,2,b1c31,876.0,782.6213155589093
C009,2,b1c36,704.0,730.508551603424
C009,2,b1c37,648.0,732.645207752833
C009,3,b1c9,1054.0,898.9985390577892
C009,3,b1c14,880.0,893.2129389181263
C009,3,b1c15,719.0,880.9929207996797
C009,3,b1c24,1017.0,846.53850929956
C009,3,b1c25,854.0,885.3122786867787
C009,3,b1c34,742.0,807.4083741656922
C009,3,b1c35,703.0,774.3776696322001
C010,0,b1c16,862.0,928.8513708347211
C010,0,b1c17,857.0,865.5231939393984
C010,0,b1c26,870.0,779.8115139199704
C010,0,b1c27,842.0,808.4653909032396
C010,0,b1c32,731.0,706.9281866580753
C010,0,b1c33,757.0,717.018277312724
C010,0,b1c44,616.0,596.3152418658382
C010,0,b1c45,599.0,598.5652078682326
C010,1,b1c20,534.0,615.7958577865909
C010,1,b1c21,559.0,609.3080792831611
C010,1,b1c23,1014.0,874.3786680168139
C010,1,b1c28,860.0,799.1015201646543
C010,1,b1c29,917.0,796.6329601522629
C010,1,b1c42,702.0,730.4374790904842
C010,1,b1c43,651.0,731.1758417823022
C010,2,b1c11,788.0,970.4097008483163
C010,2,b1c18,691.0,717.2502888938344
C010,2,b1c19,788.0,701.8748564218664
C010,2,b1c30,709.0,765.4645337215395
C010,2,b1c31,876.0,782.2971597490279
C010,2,b1c36,704.0,727.1464230866234
C010,2,b1c37,648.0,729.4076380307171
C010,3,b1c9,1054.0,907.4710645198105
C010,3,b1c14,880.0,901.3487734652517
C010,3,b1c15,719.0,888.4176157967111
C010,3,b1c24,1017.0,851.9581422373166
C010,3,b1c25,854.0,892.9883371592773
C010,3,b1c34,742.0,810.5508429925208
C010,3,b1c35,703.0,775.5979285135477
C011,0,b1c16,862.0,913.0226544289045
C011,0,b1c17,857.0,880.168253996004
C011,0,b1c26,870.0,829.1961744551747
C011,0,b1c27,842.0,853.4443360990861
C011,0,b1c32,731.0,663.9361079291081
C011,0,b1c33,757.0,673.9826285843786
C011,0,b1c44,616.0,648.8686608391607
C011,0,b1c45,599.0,648.8686608391607
C011,1,b1c20,534.0,690.0708574388575
C011,1,b1c21,559.0,690.0708574388575
C011,1,b1c23,1014.0,877.8904514837014
C011,1,b1c28,860.0,835.0555087412584
C011,1,b1c29,917.0,834.2371158841155
C011,1,b1c42,702.0,704.522205803456
C011,1,b1c43,651.0,704.522205803456
C011,2,b1c11,788.0,928.5719420764417
C011,2,b1c18,691.0,676.8224499019498
C011,2,b1c19,788.0,676.8224499019498
C011,2,b1c30,709.0,726.0805386465385
C011,2,b1c31,876.0,749.3844234654233
C011,2,b1c36,704.0,690.8257587042585
C011,2,b1c37,648.0,690.8257587042585
C011,3,b1c9,1054.0,878.472366041366
C011,3,b1c14,880.0,878.472366041366
C011,3,b1c15,719.0,878.472366041366
C011,3,b1c24,1017.0,873.7141914381915
C011,3,b1c25,854.0,878.472366041366
C011,3,b1c34,742.0,871.6404533429535
C011,3,b1c35,703.0,863.7357667332668
C012,0,b1c16,862.0,886.4549698958447
C012,0,b1c17,857.0,883.8784680643429
C012,0,b1c26,870.0,829.2820855718361
C012,0,b1c27,842.0,871.9711411320164
C012,0,b1c32,731.0,672.0381408406412
C012,0,b1c33,757.0,672.2136963961968
C012,0,b1c44,616.0,672.0381408406412
C012,0,b1c45,599.0,672.0381408406412
C012,1,b1c20,534.0,700.9860516330072
C012,1,b1c21,559.0,700.9860516330072
C012,1,b1c23,1014.0,870.1340613134147
C012,1,b1c28,860.0,838.4813773399801
C012,1,b1c29,917.0,837.7010797209325
C012,1,b1c42,702.0,701.9179604649161
C012,1,b1c43,651.0,701.9179604649161
C012,2,b1c11,788.0,892.2049814689666
C012,2,b1c18,691.0,661.5080816590814
C012,2,b1c19,788.0,661.5080816590814
C012,2,b1c30,709.0,699.6206276468625
C012,2,b1c31,876.0,724.143905151765
C012,2,b1c36,704.0,662.7256315166312
C012,2,b1c37,648.0,662.7256315166312
C012,3,b1c9,1054.0,869.5816586792834
C012,3,b1c14,880.0,869.5816586792834
C012,3,b1c15,719.0,869.5816586792834
C012,3,b1c24,1017.0,869.5816586792834
C012,3,b1c25,854.0,869.5816586792834
C012,3,b1c34,742.0,869.5816586792834
C012,3,b1c35,703.0,862.3009704415953
C013,0,b1c16,862.0,913.1767795815296
C013,0,b1c17,857.0,879.8045699855701
C013,0,b1c26,870.0,829.6058391053393
C013,0,b1c27,842.0,852.2148047138047
C013,0,b1c32,731.0,664.0509941077443
C013,0,b1c33,757.0,674.2815853775854
C013,0,b1c44,616.0,648.6578644781144
C013,0,b1c45,599.0,648.6578644781144
C013,1,b1c20,534.0,689.7730050875051
C013,1,b1c21,559.0,689.7730050875051
C013,1,b1c23,1014.0,876.5955944610946
C013,1,b1c28,860.0,834.8266495911491
C013,1,b1c29,917.0,834.0082567340064
C013,1,b1c42,702.0,705.5825368335371
C013,1,b1c43,651.0,705.5825368335371
C013,2,b1c11,788.0,929.2847702020199
C013,2,b1c18,691.0,676.3195062530062
C013,2,b1c19,788.0,676.3195062530062
C013,2,b1c30,709.0,727.7457560125059
C013,2,b1c31,876.0,751.754550986051
C013,2,b1c36,704.0,691.0750094997594
C013,2,b1c37,648.0,691.0750094997594
C013,3,b1c9,1054.0,878.63736026936
C013,3,b1c14,880.0,878.63736026936
C013,3,b1c15,719.0,878.63736026936
C013,3,b1c24,1017.0,873.4531142376142
C013,3,b1c25,854.0,878.63736026936
C013,3,b1c34,742.0,871.4086816979318
C013,3,b1c35,703.0,863.0274145021647
C014,0,b1c16,862.0,886.4549698958447
C014,0,b1c17,857.0,883.8784680643429
C014,0,b1c26,870.0,829.2820855718361
C014,0,b1c27,842.0,871.9711411320164
C014,0,b1c32,731.0,672.0381408406412
C014,0,b1c33,757.0,672.2136963961968
C014,0,b1c44,616.0,672.0381408406412
C014,0,b1c45,599.0,672.0381408406412
C014,1,b1c20,534.0,700.9860516330072
C014,1,b1c21,559.0,700.9860516330072
C014,1,b1c23,1014.0,870.1340613134147
C014,1,b1c28,860.0,838.4813773399801
C014,1,b1c29,917.0,837.7010797209325
C014,1,b1c42,702.0,701.9179604649161
C014,1,b1c43,651.0,701.9179604649161
C014,2,b1c11,788.0,892.2049814689666
C014,2,b1c18,691.0,661.5080816590814
C014,2,b1c19,788.0,661.5080816590814
C014,2,b1c30,709.0,699.6206276468625
C014,2,b1c31,876.0,724.143905151765
C014,2,b1c36,704.0,662.7256315166312
C014,2,b1c37,648.0,662.7256315166312
C014,3,b1c9,1054.0,869.5816586792834
C014,3,b1c14,880.0,869.5816586792834
C014,3,b1c15,719.0,869.5816586792834
C014,3,b1c24,1017.0,869.5816586792834
C014,3,b1c25,854.0,869.5816586792834
C014,3,b1c34,742.0,869.5816586792834
C014,3,b1c35,703.0,862.3009704415953
C015,0,b1c16,862.0,938.9049863529781
C015,0,b1c17,857.0,861.6803232381802
C015,0,b1c26,870.0,767.1770415407374
C015,0,b1c27,842.0,797.5565721149005
C015,0,b1c32,731.0,695.0177406611423
C015,0,b1c33,757.0,704.5876037476369
C015,0,b1c44,616.0,598.2576067081037
C015,0,b1c45,599.0,600.0847321093187
C015,1,b1c20,534.0,621.6555811417419
C015,1,b1c21,559.0,616.3666255366867
C015,1,b1c23,1014.0,873.8718691303237
C015,1,b1c28,860.0,791.3936522800329
C015,1,b1c29,917.0,788.8249805851324
C015,1,b1c42,702.0,722.969157307945
C015,1,b1c43,651.0,723.6725191395079
C015,2,b1c11,788.0,993.2027185010394
C015,2,b1c18,691.0,703.3240994023472
C015,2,b1c19,788.0,688.7355689163063
C015,2,b1c30,709.0,751.104947416401
C015,2,b1c31,876.0,768.5397540273688
C015,2,b1c36,704.0,712.8767987695891
C015,2,b1c37,648.0,715.0776876905878
C015,3,b1c9,1054.0,921.4968334155965
C015,3,b1c14,880.0,913.6620970315092
C015,3,b1c15,719.0,897.3322504629396
C015,3,b1c24,1017.0,852.8447328022704
C015,3,b1c25,854.0,903.0706708193525
C015,3,b1c34,742.0,804.9887208685358
C015,3,b1c35,703.0,766.6885983308921
C016,0,b1c16,862.0,931.2618037164409
C016,0,b1c17,857.0,857.6719885560012
C016,0,b1c26,870.0,767.2458278786215
C016,0,b1c27,842.0,796.3618874716908
C016,0,b1c32,731.0,697.8945649336042
C016,0,b1c33,757.0,707.1083414023549
C016,0,b1c44,616.0,604.4294969616511
C016,0,b1c45,599.0,606.1998441617299
C016,1,b1c20,534.0,627.1543149527453
C016,1,b1c21,559.0,622.0265107187537
C016,1,b1c23,1014.0,869.9314398320938
C016,1,b1c28,860.0,790.8872944308662
C016,1,b1c29,917.0,788.4205583655144
C016,1,b1c42,702.0,725.0677150459613
C016,1,b1c43,651.0,725.7455028792062
C016,2,b1c11,788.0,983.5947732457089
C016,2,b1c18,691.0,705.9903664436501
C016,2,b1c19,788.0,691.9137994027732
C016,2,b1c30,709.0,752.0157141029101
C016,2,b1c31,876.0,768.7810458971434
C016,2,b1c36,704.0,715.2016242838619
C016,2,b1c37,648.0,717.3231600976536
C016,3,b1c9,1054.0,913.7816028851544
C016,3,b1c14,880.0,906.3152271699684
C016,3,b1c15,719.0,890.7450698896338
C016,3,b1c24,1017.0,848.2702802720452
C016,3,b1c25,854.0,896.217783535124
C016,3,b1c34,742.0,802.4823207337207
C016,3,b1c35,703.0,765.7607549466636
C017,0,b1c16,862.0,880.866053737057
C017,0,b1c17,857.0,830.8803833711144
C017,0,b1c26,870.0,767.7141826400508
C017,0,b1c27,842.0,788.2777299838457
C017,0,b1c32,731.0,717.7944326035113
C017,0,b1c33,757.0,724.5068742524618
C017,0,b1c44,616.0,648.1639478658352
C017,0,b1c45,599.0,649.5106582219145
C017,1,b1c20,534.0,666.481200575437
C017,1,b1c21,559.0,662.5599590321316
C017,1,b1c23,1014.0,843.1986572048068
C017,1,b1c28,860.0,787.3990945553321
C017,1,b1c29,917.0,785.6331724280903
C017,1,b1c42,702.0,739.7281380450542
C017,1,b1c43,651.0,740.2250828172248
C017,2,b1c11,788.0,919.7296431058066
C017,2,b1c18,691.0,724.6822950476371
C017,2,b1c19,788.0,714.2675185350388
C017,2,b1c30,709.0,758.335919252848
C017,2,b1c31,876.0,770.4495373961885
C017,2,b1c36,704.0,731.4657746609207
C017,2,b1c37,648.0,733.0246549729042
C017,3,b1c9,1054.0,862.2330655268847
C017,3,b1c14,880.0,857.163503535084
C017,3,b1c15,719.0,846.5536119135759
C017,3,b1c24,1017.0,817.3408109749438
C017,3,b1c25,854.0,850.2887547390965
C017,3,b1c34,742.0,785.3842498160558
C017,3,b1c35,703.0,759.3834194806149
C018,0,b1c16,862.0,796.121066396575
C018,0,b1c17,857.0,784.2942183483395
C018,0,b1c26,870.0,768.5664693467606
C018,0,b1c27,842.0,773.7889291685525
C018,0,b1c32,731.0,755.441041249135
C018,0,b1c33,757.0,757.2446921815095
C018,0,b1c44,616.0,735.9479342236618
C018,0,b1c45,599.0,736.3393852486017
C018,1,b1c20,534.0,747.4528908692218
C018,1,b1c21,559.0,746.2969001623251
C018,1,b1c23,1014.0,795.014721776919
C018,1,b1c28,860.0,780.8647672398976
C018,1,b1c29,917.0,780.4050379275607
C018,1,b1c42,702.0,768.1776336982849
C018,1,b1c43,651.0,768.3129593746976
C018,2,b1c11,788.0,810.3896795469736
C018,2,b1c18,691.0,761.2776386011892
C018,2,b1c19,788.0,758.3926049906636
C018,2,b1c30,709.0,770.3958811700925
C018,2,b1c31,876.0,773.6049088745597
C018,2,b1c36,704.0,763.1403437783325
C018,2,b1c37,648.0,763.5666014573262
C018,3,b1c9,1054.0,772.8283385688788
C018,3,b1c14,880.0,771.6339022594891
C018,3,b1c15,719.0,769.1171451234873
C018,3,b1c24,1017.0,762.0652464194319
C018,3,b1c25,854.0,770.0057932418731
C018,3,b1c34,742.0,754.1347340409783
C018,3,b1c35,703.0,747.5046651191973
C019,0,b1c16,862.0,939.0357049066463
C019,0,b1c17,857.0,861.7487541536124
C019,0,b1c26,870.0,767.1758700430504
C019,0,b1c27,842.0,797.5769351892853
C019,0,b1c32,731.0,694.9688461809343
C019,0,b1c33,757.0,704.544749114966
C019,0,b1c44,616.0,598.1530363325778
C019,0,b1c45,599.0,599.9811171434221
C019,1,b1c20,534.0,621.7597923273123
C019,1,b1c21,559.0,616.4738732234661
C019,1,b1c23,1014.0,873.7967008195586
C019,1,b1c28,860.0,791.3840112639086
C019,1,b1c29,917.0,788.8172808962827
C019,1,b1c42,702.0,723.0090443917194
C019,1,b1c43,651.0,723.7119208764877
C019,2,b1c11,788.0,993.420574803718
C019,2,b1c18,691.0,703.2640586593341
C019,2,b1c19,788.0,688.6640294726691
C019,2,b1c30,709.0,751.0844111790341
C019,2,b1c31,876.0,768.5343108080575
C019,2,b1c36,704.0,712.824432689828
C019,2,b1c37,648.0,715.0271058975648
C019,3,b1c9,1054.0,921.5778304788179
C019,3,b1c14,880.0,913.7392139204798
C019,3,b1c15,719.0,897.4013686083829
C019,3,b1c24,1017.0,852.8926835639992
C019,3,b1c25,854.0,903.142586030633
C019,3,b1c34,742.0,805.014963737337
C019,3,b1c35,703.0,766.6983038146619
C020,0,b1c16,862.0,937.3127357536728
C020,0,b1c17,857.0,860.8464542720077
C020,0,b1c26,870.0,767.1913245178121
C020,0,b1c27,842.0,797.3083484741662
C020,0,b1c32,731.0,695.6141360913715
C020,0,b1c33,757.0,705.1102946635516
C020,0,b1c44,616.0,599.5339938748359
C020,0,b1c45,599.0,601.3494398054607
C020,1,b1c20,534.0,623.5633489855229
C020,1,b1c21,559.0,618.3300898566279
C020,1,b1c23,1014.0,872.4987946440505
C020,1,b1c28,860.0,791.2174306792368
C020,1,b1c29,917.0,788.6842402457962
C020,1,b1c42,702.0,723.6986507041536
C020,1,b1c43,651.0,724.3931315360388
C020,2,b1c11,788.0,991.4523116108577
C020,2,b1c18,691.0,703.8071728753881
C020,2,b1c19,788.0,689.311206353425
C020,2,b1c30,709.0,751.2701337274495
C020,2,b1c31,876.0,768.5835333694249
C020,2,b1c36,704.0,713.2981010451041
C020,2,b1c37,648.0,715.4846297866337
C020,3,b1c9,1054.0,919.7171752033225
C020,3,b1c14,880.0,911.9676255412184
C020,3,b1c15,719.0,895.813404723782
C020,3,b1c24,1017.0,851.7907805523581
C020,3,b1c25,854.0,901.4904079546909
C020,3,b1c34,742.0,804.4117489605569
C020,3,b1c35,703.0,766.4751660498679
C021,0,b1c16,862.0,932.2503355003663
C021,0,b1c17,857.0,858.1912004921334
C021,0,b1c26,870.0,767.2368993217776
C021,0,b1c27,842.0,796.5168519340938
C021,0,b1c32,731.0,697.5204924968164
C021,0,b1c33,757.0,706.780650498602
C021,0,b1c44,616.0,603.6248268124226
C021,0,b1c45,599.0,605.4026197523452
C021,1,b1c20,534.0,628.4045110785031
C021,1,b1c21,559.0,623.3136098266453
C021,1,b1c23,1014.0,869.0428282803284
C021,1,b1c28,860.0,790.7728329964799
C021,1,b1c29,917.0,788.3291321970238
C021,1,b1c42,702.0,725.5431209414286
C021,1,b1c43,651.0,726.2151043070719
C021,2,b1c11,788.0,985.3829666933625
C021,2,b1c18,691.0,705.4913974488834
C021,2,b1c19,788.0,691.3188226354267
C021,2,b1c30,709.0,751.8454499814769
C021,2,b1c31,876.0,768.7359538274802
C021,2,b1c36,704.0,714.7666464450597
C021,2,b1c37,648.0,716.9030499175861
C021,3,b1c9,1054.0,914.293689792227
C021,3,b1c14,880.0,906.8029408405362
C021,3,b1c15,719.0,891.1824966791531
C021,3,b1c24,1017.0,848.5743328322557
C021,3,b1c25,854.0,896.672801740693
C021,3,b1c34,742.0,802.6490908732476
C021,3,b1c35,703.0,765.8225465296836
C022,0,b1c16,862.0,915.276137292503
C022,0,b1c17,857.0,849.2426170235162
C022,0,b1c26,870.0,767.3915582074274
C022,0,b1c27,842.0,793.837096580563
C022,0,b1c32,731.0,704.0279249037067
C022,0,b1c33,757.0,712.477839351233
C022,0,b1c44,616.0,617.714500411658
C022,0,b1c45,599.0,619.3600676314707
C022,1,b1c20,534.0,646.8801292927606
C022,1,b1c21,559.0,642.345823142889
C022,1,b1c23,1014.0,856.2152136501007
C022,1,b1c28,860.0,789.1092229499853
C022,1,b1c29,917.0,787.0000250783006
C022,1,b1c42,702.0,732.4959337439924
C022,1,b1c43,651.0,733.0825666001303
C022,2,b1c11,788.0,966.0201593352166
C022,2,b1c18,691.0,710.962316690766
C022,2,b1c19,788.0,697.8473855608823
C022,2,b1c30,709.0,753.7078504951232
C022,2,b1c31,876.0,769.2287738827646
C022,2,b1c36,704.0,719.5336007314471
C022,2,b1c37,648.0,721.5065528440052
C022,3,b1c9,1054.0,895.9909706153301
C022,3,b1c14,880.0,889.3645679886638
C022,3,b1c15,719.0,875.5292792519241
C022,3,b1c24,1017.0,837.6686058059354
C022,3,b1c25,854.0,880.3948131255381
C022,3,b1c34,742.0,796.6515981807996
C022,3,b1c35,703.0,763.5954014250689
C023,0,b1c16,862.0,871.6590622310346
C023,0,b1c17,857.0,825.9152752891138
C023,0,b1c26,870.0,767.8026682981485
C023,0,b1c27,842.0,786.7601928904293
C023,0,b1c32,731.0,721.6159422269665
C023,0,b1c33,757.0,727.8405078111111
C023,0,b1c44,616.0,656.772170250024
C023,0,b1c45,599.0,658.0312351616616
C023,1,b1c20,534.0,693.458290696906
C023,1,b1c21,559.0,690.4176198478683
C023,1,b1c23,1014.0,826.2023036937387
C023,1,b1c28,860.0,785.1316528570501
C023,1,b1c29,917.0,783.8199662454575
C023,1,b1c42,702.0,749.4521623823971
C023,1,b1c43,651.0,749.827074266812
C023,2,b1c11,788.0,913.926620173471
C023,2,b1c18,691.0,726.4699144202255
C023,2,b1c19,788.0,716.4119433658785
C023,2,b1c30,709.0,758.9345270558774
C023,2,b1c31,876.0,770.6070309636938
C023,2,b1c36,704.0,733.0181229945988
C023,2,b1c37,648.0,734.522619436112
C023,3,b1c9,1054.0,849.473905207373
C023,3,b1c14,880.0,844.9798188061909
C023,3,b1c15,719.0,835.5656521295008
C023,3,b1c24,1017.0,809.5833121754517
C023,3,b1c25,854.0,838.8811923136603
C023,3,b1c34,742.0,781.0534229009664
C023,3,b1c35,703.0,757.7546307820058
C024,0,b1c16,862.0,768.8602537954346
C024,0,b1c17,857.0,768.8602537954346
C024,0,b1c26,870.0,768.8602537954346
C024,0,b1c27,842.0,768.8602537954346
C024,0,b1c32,731.0,768.8602537954346
C024,0,b1c33,757.0,768.8602537954346
C024,0,b1c44,616.0,768.8602537954346
C024,0,b1c45,599.0,768.8602537954346
C024,1,b1c20,534.0,778.5545420115628
C024,1,b1c21,559.0,778.5545420115628
C024,1,b1c23,1014.0,778.5545420115628
C024,1,b1c28,860.0,778.5545420115628
C024,1,b1c29,917.0,778.5545420115628
C024,1,b1c42,702.0,778.5545420115628
C024,1,b1c43,651.0,778.5545420115628
C024,2,b1c11,788.0,774.7299302347925
C024,2,b1c18,691.0,774.7299302347925
C024,2,b1c19,788.0,774.7299302347925
C024,2,b1c30,709.0,774.7299302347925
C024,2,b1c31,876.0,774.7299302347925
C024,2,b1c36,704.0,774.7299302347925
C024,2,b1c37,648.0,774.7299302347925
C024,3,b1c9,1054.0,743.3260385715869
C024,3,b1c14,880.0,743.3260385715869
C024,3,b1c15,719.0,743.3260385715869
C024,3,b1c24,1017.0,743.3260385715869
C024,3,b1c25,854.0,743.3260385715869
C024,3,b1c34,742.0,743.3260385715869
C024,3,b1c35,703.0,743.3260385715869
C025,0,b1c16,862.0,905.8023323099355
C025,0,b1c17,857.0,872.5193306050952
C025,0,b1c26,870.0,822.5296692949643
C025,0,b1c27,842.0,848.8816189968755
C025,0,b1c32,731.0,659.4458199970732
C025,0,b1c33,757.0,672.2996437736728
C025,0,b1c44,616.0,641.5969861438659
C025,0,b1c45,599.0,641.5969861438659
C025,1,b1c20,534.0,686.0032191427133
C025,1,b1c21,559.0,686.0032191427133
C025,1,b1c23,1014.0,872.4797336171323
C025,1,b1c28,860.0,832.0005771169743
C025,1,b1c29,917.0,831.179974325008
C025,1,b1c42,702.0,704.1956231808393
C025,1,b1c43,651.0,704.1956231808393
C025,2,b1c11,788.0,922.4386535580638
C025,2,b1c18,691.0,674.5581292249225
C025,2,b1c19,788.0,674.5581292249225
C025,2,b1c30,709.0,721.9141489215665
C025,2,b1c31,876.0,743.093528383977
C025,2,b1c36,704.0,690.6406767429569
C025,2,b1c37,648.0,690.6406767429569
C025,3,b1c9,1054.0,875.1367584778646
C025,3,b1c14,880.0,875.1367584778646
C025,3,b1c15,719.0,875.1367584778646
C025,3,b1c24,1017.0,871.6391715152567
C025,3,b1c25,854.0,875.1367584778646
C025,3,b1c34,742.0,870.7385078230789
C025,3,b1c35,703.0,861.8663438083643
C026,0,b1c16,862.0,878.9484263349148
C026,0,b1c17,857.0,876.2633133234255
C026,0,b1c26,870.0,820.8154786991169
C026,0,b1c27,842.0,868.1008121971776
C026,0,b1c32,731.0,666.811541561062
C026,0,b1c33,757.0,667.012998776342
C026,0,b1c44,616.0,666.811541561062
C026,0,b1c45,599.0,666.811541561062
C026,1,b1c20,534.0,697.9901299916303
C026,1,b1c21,559.0,697.9901299916303
C026,1,b1c23,1014.0,864.6688813909193
C026,1,b1c28,860.0,834.4960471079291
C026,1,b1c29,917.0,833.7133900740832
C026,1,b1c42,702.0,698.4768709999453
C026,1,b1c43,651.0,698.4768709999453
C026,2,b1c11,788.0,886.0335805197734
C026,2,b1c18,691.0,654.8196183066367
C026,2,b1c19,788.0,654.8196183066367
C026,2,b1c30,709.0,692.4624766009249
C026,2,b1c31,876.0,714.8838438859623
C026,2,b1c36,704.0,658.543649095238
C026,2,b1c37,648.0,658.543649095238
C026,3,b1c9,1054.0,866.9677988348625
C026,3,b1c14,880.0,866.9677988348625
C026,3,b1c15,719.0,866.9677988348625
C026,3,b1c24,1017.0,866.9677988348625
C026,3,b1c25,854.0,866.9677988348625
C026,3,b1c34,742.0,866.9677988348625
C026,3,b1c35,703.0,858.718607266785
C027,0,b1c16,862.0,906.1348762364817
C027,0,b1c17,857.0,871.9769883288753
C027,0,b1c26,870.0,822.9717049419859
C027,0,b1c27,842.0,847.5842729913696
C027,0,b1c32,731.0,659.4658759786311
C027,0,b1c33,757.0,672.2947011433891
C027,0,b1c44,616.0,641.5933197693834
C027,0,b1c45,599.0,641.5933197693834
C027,1,b1c20,534.0,685.9514120852403
C027,1,b1c21,559.0,685.9514120852403
C027,1,b1c23,1014.0,871.352667897524
C027,1,b1c28,860.0,832.0345969928944
C027,1,b1c29,917.0,831.2139606470989
C027,1,b1c42,702.0,704.8536075339604
C027,1,b1c43,651.0,704.8536075339604
C027,2,b1c11,788.0,923.9534618408826
C027,2,b1c18,691.0,673.1634888325818
C027,2,b1c19,788.0,673.1634888325818
C027,2,b1c30,709.0,722.534057780307
C027,2,b1c31,876.0,744.1389102438955
C027,2,b1c36,704.0,689.603164182299
C027,2,b1c37,648.0,689.603164182299
C027,3,b1c9,1054.0,875.5209714430993
C027,3,b1c14,880.0,875.5209714430993
C027,3,b1c15,719.0,875.5209714430993
C027,3,b1c24,1017.0,871.353264310104
C027,3,b1c25,854.0,875.5209714430993
C027,3,b1c34,742.0,870.3702881672318
C027,3,b1c35,703.0,860.8218943100233
C028,0,b1c16,862.0,878.9484263349148
C028,0,b1c17,857.0,876.2633133234255
C028,0,b1c26,870.0,820.8154786991169
C028,0,b1c27,842.0,868.1008121971776
C028,0,b1c32,731.0,666.811541561062
C028,0,b1c33,757.0,667.012998776342
C028,0,b1c44,616.0,666.811541561062
C028,0,b1c45,599.0,666.811541561062
C028,1,b1c20,534.0,697.9901299916303
C028,1,b1c21,559.0,697.9901299916303
C028,1,b1c23,1014.0,864.6688813909193
C028,1,b1c28,860.0,834.4960471079291
C028,1,b1c29,917.0,833.7133900740832
C028,1,b1c42,702.0,698.4768709999453
C028,1,b1c43,651.0,698.4768709999453
C028,2,b1c11,788.0,886.0335805197734
C028,2,b1c18,691.0,654.8196183066367
C028,2,b1c19,788.0,654.8196183066367
C028,2,b1c30,709.0,692.4624766009249
C028,2,b1c31,876.0,714.8838438859623
C028,2,b1c36,704.0,658.543649095238
C028,2,b1c37,648.0,658.543649095238
C028,3,b1c9,1054.0,866.9677988348625
C028,3,b1c14,880.0,866.9677988348625
C028,3,b1c15,719.0,866.9677988348625
C028,3,b1c24,1017.0,866.9677988348625
C028,3,b1c25,854.0,866.9677988348625
C028,3,b1c34,742.0,866.9677988348625
C028,3,b1c35,703.0,858.718607266785
C029,0,b1c16,862.0,915.0658558451904
C029,0,b1c17,857.0,848.5171753599444
C029,0,b1c26,870.0,780.7314401765661
C029,0,b1c27,842.0,809.7386392420534
C029,0,b1c32,731.0,691.1857709803303
C029,0,b1c33,757.0,707.0674667985654
C029,0,b1c44,616.0,582.8234262273197
C029,0,b1c45,599.0,574.2270013846706
C029,1,b1c20,534.0,802.9835359489381
C029,1,b1c21,559.0,682.8011659611258
C029,1,b1c23,1014.0,917.2017748054651
C029,1,b1c28,860.0,812.8094909992436
C029,1,b1c29,917.0,804.5491136961242
C029,1,b1c42,702.0,698.3077556639512
C029,1,b1c43,651.0,749.4095646765975
C029,2,b1c11,788.0,987.5687178101679
C029,2,b1c18,691.0,708.5095959609608
C029,2,b1c19,788.0,662.1024437808092
C029,2,b1c30,709.0,742.8563887763914
C029,2,b1c31,876.0,767.9236318793102
C029,2,b1c36,704.0,762.8428890760122
C029,2,b1c37,648.0,767.1914508775149
C029,3,b1c9,1054.0,909.5582740634886
C029,3,b1c14,880.0,906.8540047645715
C029,3,b1c15,719.0,894.3590724466991
C029,3,b1c24,1017.0,847.6431684361222
C029,3,b1c25,854.0,888.4530214860343
C029,3,b1c34,742.0,810.6764280444521
C029,3,b1c35,703.0,776.2594792737077
C030,0,b1c16,862.0,904.826364782063
C030,0,b1c17,857.0,845.2320561811764
C030,0,b1c26,870.0,780.4160044307298
C030,0,b1c27,842.0,806.8704634276099
C030,0,b1c32,731.0,700.2977411888347
C030,0,b1c33,757.0,712.2315249253348
C030,0,b1c44,616.0,600.9407585789828
C030,0,b1c45,599.0,597.9942691446518
C030,1,b1c20,534.0,750.7968971177994
C030,1,b1c21,559.0,664.939528513909
C030,1,b1c23,1014.0,901.5310998395898
C030,1,b1c28,860.0,809.1734200461217
C030,1,b1c29,917.0,802.7808569723159
C030,1,b1c42,702.0,712.3041047265838
C030,1,b1c43,651.0,748.3200147521113
C030,2,b1c11,788.0,977.562041625866
C030,2,b1c18,691.0,705.9644528167989
C030,2,b1c19,788.0,672.3983753600173
C030,2,b1c30,709.0,744.4318901921852
C030,2,b1c31,876.0,764.7844660536949
C030,2,b1c36,704.0,769.3369736830094
C030,2,b1c37,648.0,772.696014781971
C030,3,b1c9,1054.0,903.7222933214051
C030,3,b1c14,880.0,901.5829543562331
C030,3,b1c15,719.0,890.3849087847723
C030,3,b1c24,1017.0,845.5843199234729
C030,3,b1c25,854.0,883.1309071390461
C030,3,b1c34,742.0,809.6426085937662
C030,3,b1c35,703.0,778.2604539364145
C031,0,b1c16,862.0,859.6725764246024
C031,0,b1c17,857.0,824.4187030209646
C031,0,b1c26,870.0,779.9125136765258
C031,0,b1c27,842.0,796.732186237363
C031,0,b1c32,731.0,728.7915137485472
C031,0,b1c33,757.0,730.2555578245091
C031,0,b1c44,616.0,665.1155329003349
C031,0,b1c45,599.0,674.9917170385152
C031,1,b1c20,534.0,622.6271285912329
C031,1,b1c21,559.0,632.0610288431178
C031,1,b1c23,1014.0,849.9579581238563
C031,1,b1c28,860.0,798.2539225784848
C031,1,b1c29,917.0,797.2649495546256
C031,1,b1c42,702.0,757.1120981613556
C031,1,b1c43,651.0,751.4653310885249
C031,2,b1c11,788.0,931.6083175658471
C031,2,b1c18,691.0,706.4984419969584
C031,2,b1c19,788.0,711.4452562428621
C031,2,b1c30,709.0,752.4663997820969
C031,2,b1c31,876.0,757.8175906412604
C031,2,b1c36,704.0,790.401530582106
C031,2,b1c37,648.0,790.7099478015738
C031,3,b1c9,1054.0,869.8838360022469
C031,3,b1c14,880.0,867.477404419591
C031,3,b1c15,719.0,861.6124591021775
C031,3,b1c24,1017.0,834.7336512488113
C031,3,b1c25,854.0,857.5678846826912
C031,3,b1c34,742.0,801.8080677120017
C031,3,b1c35,703.0,783.6202758610531
C032,0,b1c16,862.0,806.0544756265141
C032,0,b1c17,857.0,795.0408535112701
C032,0,b1c26,870.0,780.7180538699249
C032,0,b1c27,842.0,786.288132004882
C032,0,b1c32,731.0,762.500031648285
C032,0,b1c33,757.0,761.4488992184826
C032,0,b1c44,616.0,741.5316274949872
C032,0,b1c45,599.0,747.7494741036293
C032,1,b1c20,534.0,697.4988519158511
C032,1,b1c21,559.0,716.1375561092518
C032,1,b1c23,1014.0,805.2251547860158
C032,1,b1c28,860.0,790.2710857060048
C032,1,b1c29,917.0,790.7145520210142
C032,1,b1c42,702.0,782.4492106049757
C032,1,b1c43,651.0,773.6873713509863
C032,2,b1c11,788.0,842.9720428229995
C032,2,b1c18,691.0,751.8615831255212
C032,2,b1c19,788.0,761.394843796768
C032,2,b1c30,709.0,773.6370707860605
C032,2,b1c31,876.0,773.1140179056343
C032,2,b1c36,704.0,793.809661953657
C032,2,b1c37,648.0,793.3614825243311
C032,3,b1c9,1054.0,796.5041446023926
C032,3,b1c14,880.0,794.288020819686
C032,3,b1c15,719.0,793.0376740098781
C032,3,b1c24,1017.0,789.038173334054
C032,3,b1c25,854.0,795.2670730881605
C032,3,b1c34,742.0,773.3950804028217
C032,3,b1c35,703.0,768.7655607512645
C033,0,b1c16,862.0,916.1364726346605
C033,0,b1c17,857.0,848.8088098433323
C033,0,b1c26,870.0,780.7706999586848
C033,0,b1c27,842.0,810.0594354173236
C033,0,b1c32,731.0,690.1259895823086
C033,0,b1c33,757.0,706.4709660244305
C033,0,b1c44,616.0,580.7846409477171
C033,0,b1c45,599.0,571.5116129125283
C033,1,b1c20,534.0,808.9611313494488
C033,1,b1c21,559.0,684.8847897621254
C033,1,b1c23,1014.0,918.9507042974258
C033,1,b1c28,860.0,813.2203932678187
C033,1,b1c29,917.0,804.7489809874303
C033,1,b1c42,702.0,696.7451529382165
C033,1,b1c43,651.0,749.5592260375099
C033,2,b1c11,788.0,988.629035910197
C033,2,b1c18,691.0,708.8190081912894
C033,2,b1c19,788.0,660.9816043658681
C033,2,b1c30,709.0,742.6901343254995
C033,2,b1c31,876.0,768.2792931452391
C033,2,b1c36,704.0,762.1300568762791
C033,2,b1c37,648.0,766.5885237607773
C033,3,b1c9,1054.0,910.142504790236
C033,3,b1c14,880.0,907.3623094790044
C033,3,b1c15,719.0,894.7303702690085
C033,3,b1c24,1017.0,847.8693335271053
C033,3,b1c25,854.0,889.0184471383201
C033,3,b1c34,742.0,810.7774687688267
C033,3,b1c35,703.0,776.042944144932
C034,0,b1c16,862.0,916.3026627802269
C034,0,b1c17,857.0,848.8554994671238
C034,0,b1c26,870.0,780.7766549542256
C034,0,b1c27,842.0,810.1086485503923
C034,0,b1c32,731.0,689.9647827004604
C034,0,b1c33,757.0,706.3805002522831
C034,0,b1c44,616.0,580.4726338110531
C034,0,b1c45,599.0,571.0964937729407
C034,1,b1c20,534.0,809.9292331368619
C034,1,b1c21,559.0,685.2234240969555
C034,1,b1c23,1014.0,919.2328599878183
C034,1,b1c28,860.0,813.286382773348
C034,1,b1c29,917.0,804.7808498629713
C034,1,b1c42,702.0,696.4918776498644
C034,1,b1c43,651.0,749.5827348499867
C034,2,b1c11,788.0,988.7996231783546
C034,2,b1c18,691.0,708.8694810541887
C034,2,b1c19,788.0,660.8016605225475
C034,2,b1c30,709.0,742.6639539348322
C034,2,b1c31,876.0,768.3372581734925
C034,2,b1c36,704.0,762.0138516058585
C034,2,b1c37,648.0,766.490030565788
C034,3,b1c9,1054.0,910.2362584772611
C034,3,b1c14,880.0,907.442119869082
C034,3,b1c15,719.0,894.78785258906
C034,3,b1c24,1017.0,847.9083632599711
C034,3,b1c25,854.0,889.1123853813425
C034,3,b1c34,742.0,810.7939535687335
C034,3,b1c35,703.0,776.0078839886866
C035,0,b1c16,862.0,914.2152457895605
C035,0,b1c17,857.0,848.2862996178957
C035,0,b1c26,870.0,780.700260786268
C035,0,b1c27,842.0,809.4833923316343
C035,0,b1c32,731.0,692.030765536657
C035,0,b1c33,757.0,707.544300061413
C035,0,b1c44,616.0,584.4473418886903
C035,0,b1c45,599.0,576.3883493022056
C035,1,b1c20,534.0,797.6357814879161
C035,1,b1c21,559.0,680.9447278600077
C035,1,b1c23,1014.0,915.6290999439047
C035,1,b1c28,860.0,812.4393232757863
C035,1,b1c29,917.0,804.368209205145
C035,1,b1c42,702.0,699.7084342456551
C035,1,b1c43,651.0,749.2750856658521
C035,2,b1c11,788.0,986.6083760097629
C035,2,b1c18,691.0,708.2355644127209
C035,2,b1c19,788.0,663.1162505438298
C035,2,b1c30,709.0,743.0091164347465
C035,2,b1c31,876.0,767.6063653375876
C035,2,b1c36,704.0,763.4806351650491
C035,2,b1c37,648.0,767.7302308748893
C035,3,b1c9,1054.0,909.0249334060456
C035,3,b1c14,880.0,906.3814925066165
C035,3,b1c15,719.0,894.0096726281432
C035,3,b1c24,1017.0,847.4489821449762
C035,3,b1c25,854.0,887.9520524559952
C035,3,b1c34,742.0,810.5849981106571
C035,3,b1c35,703.0,776.4544839745945
C036,0,b1c16,862.0,915.8374548144502
C036,0,b1c17,857.0,848.7617878731332
C036,0,b1c26,870.0,780.7560462314894
C036,0,b1c27,842.0,809.9557924600183
C036,0,b1c32,731.0,690.4985128196271
C036,0,b1c33,757.0,706.6836458207471
C036,0,b1c44,616.0,581.4575680573349
C036,0,b1c45,599.0,572.424130230992
C036,1,b1c20,534.0,806.8464084863718
C036,1,b1c21,559.0,684.15532680642
C036,1,b1c23,1014.0,918.3275234473099
C036,1,b1c28,860.0,813.0685030685507
C036,1,b1c29,917.0,804.6718697080976
C036,1,b1c42,702.0,697.2854908304424
C036,1,b1c43,651.0,749.4901396765246
C036,2,b1c11,788.0,988.2589163932543
C036,2,b1c18,691.0,708.710816523952
C036,2,b1c19,788.0,661.385680856804
C036,2,b1c30,709.0,742.7559762646332
C036,2,b1c31,876.0,768.15986226899
C036,2,b1c36,704.0,762.3636440125059
C036,2,b1c37,648.0,766.7829062888827
C036,3,b1c9,1054.0,909.9441997593846
C036,3,b1c14,880.0,907.1708206372621
C036,3,b1c15,719.0,894.582525643108
C036,3,b1c24,1017.0,847.8244882206228
C036,3,b1c25,854.0,888.8616659616629
C036,3,b1c34,742.0,810.7474013605829
C036,3,b1c35,703.0,776.116176776937
C037,0,b1c16,862.0,898.4815089174175
C037,0,b1c17,857.0,842.8761205680111
C037,0,b1c26,870.0,780.2617088124075
C037,0,b1c27,842.0,805.2215627662624
C037,0,b1c32,731.0,705.3094396051661
C037,0,b1c33,757.0,715.1240970109867
C037,0,b1c44,616.0,611.3118644126314
C037,0,b1c45,599.0,611.3043012178308
C037,1,b1c20,534.0,719.7505112048601
C037,1,b1c21,559.0,654.7425895342448
C037,1,b1c23,1014.0,891.6980835271692
C037,1,b1c28,860.0,806.9318867728912
C037,1,b1c29,917.0,801.6823188543551
C037,1,b1c42,702.0,721.0353563605479
C037,1,b1c43,651.0,747.8963482861673
C037,2,b1c11,788.0,970.729382032879
C037,2,b1c18,691.0,704.6715614361865
C037,2,b1c19,788.0,679.1292189044009
C037,2,b1c30,709.0,745.5370597028575
C037,2,b1c31,876.0,762.9123920117676
C037,2,b1c36,704.0,773.4517541228485
C037,2,b1c37,648.0,776.1894836956621
C037,3,b1c9,1054.0,899.4018180402991
C037,3,b1c14,880.0,897.4542742490037
C037,3,b1c15,719.0,887.1306204415766
C037,3,b1c24,1017.0,844.2891943634247
C037,3,b1c25,854.0,879.5709470234564
C037,3,b1c34,742.0,808.8456843826227
C037,3,b1c35,703.0,779.5453951263776
C038,0,b1c16,862.0,911.4175797611729
C038,0,b1c17,857.0,847.7440692547426
C038,0,b1c26,870.0,780.5753655675655
C038,0,b1c27,842.0,808.5549926169645
C038,0,b1c32,731.0,695.302957069858
C038,0,b1c33,757.0,709.4194402488585
C038,0,b1c44,616.0,590.4555539596586
C038,0,b1c45,599.0,584.4712055063333
C038,1,b1c20,534.0,779.0862786402719
C038,1,b1c21,559.0,674.6180235277399
C038,1,b1c23,1014.0,910.0793521550175
C038,1,b1c28,860.0,811.09168483195
C038,1,b1c29,917.0,803.6816360842192
C038,1,b1c42,702.0,704.5073852554028
C038,1,b1c43,651.0,748.6980546998108
C038,2,b1c11,788.0,983.2158680750128
C038,2,b1c18,691.0,707.3164010335827
C038,2,b1c19,788.0,666.7682555777548
C038,2,b1c30,709.0,743.6155870250269
C038,2,b1c31,876.0,766.5547650590551
C038,2,b1c36,704.0,765.5732178760582
C038,2,b1c37,648.0,769.4725128599099
C038,3,b1c9,1054.0,907.1408389227126
C038,3,b1c14,880.0,904.5265255661869
C038,3,b1c15,719.0,892.5561819650612
C038,3,b1c24,1017.0,847.0598472315446
C038,3,b1c25,854.0,886.5225219383378
C038,3,b1c34,742.0,810.2948402477591
C038,3,b1c35,703.0,777.1204885043228
C039,0,b1c16,862.0,853.4306952491951
C039,0,b1c17,857.0,852.7610695045694
C039,0,b1c26,870.0,824.1329456469456
C039,0,b1c27,842.0,848.5547970177969
C039,0,b1c32,731.0,688.6499814444813
C039,0,b1c33,757.0,653.3589008584008
C039,0,b1c44,616.0,640.7689383764383
C039,0,b1c45,599.0,688.6499814444813
C039,1,b1c20,534.0,712.7752761497763
C039,1,b1c21,559.0,712.7752761497763
C039,1,b1c23,1014.0,895.1341460113957
C039,1,b1c28,860.0,843.6854508639507
C039,1,b1c29,917.0,841.8906929274426
C039,1,b1c42,702.0,686.055971916972
C039,1,b1c43,651.0,676.0828961593962
C039,2,b1c11,788.0,957.9737603415107
C039,2,b1c18,691.0,660.8445530118025
C039,2,b1c19,788.0,691.3951086968586
C039,2,b1c30,709.0,720.2710706978207
C039,2,b1c31,876.0,722.9785774225772
C039,2,b1c36,704.0,738.7563206793203
C039,2,b1c37,648.0,737.5771936951934
C039,3,b1c9,1054.0,871.561366448366
C039,3,b1c14,880.0,865.8328796758793
C039,3,b1c15,719.0,865.8328796758793
C039,3,b1c24,1017.0,884.1413955488954
C039,3,b1c25,854.0,884.6243677711176
C039,3,b1c34,742.0,885.5301733266733
C039,3,b1c35,703.0,877.4724549709548
C040,0,b1c16,862.0,881.9003511719759
C040,0,b1c17,857.0,880.1859128325376
C040,0,b1c26,870.0,826.293222767973
C040,0,b1c27,842.0,867.5653322002073
C040,0,b1c32,731.0,672.7348341658344
C040,0,b1c33,757.0,672.0583262293264
C040,0,b1c44,616.0,672.0583262293264
C040,0,b1c45,599.0,672.7348341658344
C040,1,b1c20,534.0,701.2438095695151
C040,1,b1c21,559.0,701.2438095695151
C040,1,b1c23,1014.0,865.979663766517
C040,1,b1c28,860.0,836.6279990331017
C040,1,b1c29,917.0,835.8477014140541
C040,1,b1c42,702.0,704.8025867460424
C040,1,b1c43,651.0,701.3072660204716
C040,2,b1c11,788.0,897.8163850653698
C040,2,b1c18,691.0,661.4843989237881
C040,2,b1c19,788.0,667.086729865994
C040,2,b1c30,709.0,698.9851168692413
C040,2,b1c31,876.0,718.4101046407288
C040,2,b1c36,704.0,680.8362784576531
C040,2,b1c37,648.0,679.6452611416357
C040,3,b1c9,1054.0,869.3266923030669
C040,3,b1c14,880.0,869.3266923030669
C040,3,b1c15,719.0,869.3266923030669
C040,3,b1c24,1017.0,869.3266923030669
C040,3,b1c25,854.0,869.3266923030669
C040,3,b1c34,742.0,869.3266923030669
C040,3,b1c35,703.0,863.2291985098232
C041,0,b1c16,862.0,853.3186360028859
C041,0,b1c17,857.0,853.6247696007694
C041,0,b1c26,870.0,823.825128066378
C041,0,b1c27,842.0,848.0932907647906
C041,0,b1c32,731.0,689.7885103415103
C041,0,b1c33,757.0,652.9995076960078
C041,0,b1c44,616.0,640.3066531986533
C041,0,b1c45,599.0,689.7885103415103
C041,1,b1c20,534.0,712.8466012876015
C041,1,b1c21,559.0,712.8466012876015
C041,1,b1c23,1014.0,894.464353082103
C041,1,b1c28,860.0,842.9586005291003
C041,1,b1c29,917.0,837.4162156084653
C041,1,b1c42,702.0,685.6464774299775
C041,1,b1c43,651.0,674.9129597532097
C041,2,b1c11,788.0,958.1174997595001
C041,2,b1c18,691.0,659.706687469937
C041,2,b1c19,788.0,689.6182350889849
C041,2,b1c30,709.0,721.7514491341992
C041,2,b1c31,876.0,724.5509372294375
C041,2,b1c36,704.0,738.5525995670993
C041,2,b1c37,648.0,737.3734725829723
C041,3,b1c9,1054.0,871.4613338143333
C041,3,b1c14,880.0,865.3848973063969
C041,3,b1c15,719.0,865.3848973063969
C041,3,b1c24,1017.0,884.9151234968732
C041,3,b1c25,854.0,885.3980957190954
C041,3,b1c34,742.0,886.5617068302067
C041,3,b1c35,703.0,877.5939753487252
C042,0,b1c16,862.0,881.9003511719759
C042,0,b1c17,857.0,880.1859128325376
C042,0,b1c26,870.0,826.293222767973
C042,0,b1c27,842.0,867.5653322002073
C042,0,b1c32,731.0,672.7348341658344
C042,0,b1c33,757.0,672.0583262293264
C042,0,b1c44,616.0,672.0583262293264
C042,0,b1c45,599.0,672.7348341658344
C042,1,b1c20,534.0,701.2438095695151
C042,1,b1c21,559.0,701.2438095695151
C042,1,b1c23,1014.0,865.979663766517
C042,1,b1c28,860.0,836.6279990331017
C042,1,b1c29,917.0,835.8477014140541
C042,1,b1c42,702.0,704.8025867460424
C042,1,b1c43,651.0,701.3072660204716
C042,2,b1c11,788.0,897.8163850653698
C042,2,b1c18,691.0,661.4843989237881
C042,2,b1c19,788.0,667.086729865994
C042,2,b1c30,709.0,698.9851168692413
C042,2,b1c31,876.0,718.4101046407288
C042,2,b1c36,704.0,680.8362784576531
C042,2,b1c37,648.0,679.6452611416357
C042,3,b1c9,1054.0,869.3266923030669
C042,3,b1c14,880.0,869.3266923030669
C042,3,b1c15,719.0,869.3266923030669
C042,3,b1c24,1017.0,869.3266923030669
C042,3,b1c25,854.0,869.3266923030669
C042,3,b1c34,742.0,869.3266923030669
C042,3,b1c35,703.0,863.2291985098232
C043,0,b1c16,862.0,920.459930722475
C043,0,b1c17,857.0,847.5881290869432
C043,0,b1c26,870.0,767.4766482021622
C043,0,b1c27,842.0,796.4414748455855
C043,0,b1c32,731.0,691.0068287230362
C043,0,b1c33,757.0,701.0628860252153
C043,0,b1c44,616.0,600.2736017975917
C043,0,b1c45,599.0,600.4040562515961
C043,1,b1c20,534.0,811.77278388795
C043,1,b1c21,559.0,690.1110485533098
C043,1,b1c23,1014.0,921.752419252509
C043,1,b1c28,860.0,803.9349502171309
C043,1,b1c29,917.0,795.0619839879101
C043,1,b1c42,702.0,689.8341890757497
C043,1,b1c43,651.0,739.187789075964
C043,2,b1c11,788.0,1006.663848249581
C043,2,b1c18,691.0,691.3230849630049
C043,2,b1c19,788.0,662.3913902716524
C043,2,b1c30,709.0,730.7253023854771
C043,2,b1c31,876.0,750.9112340404464
C043,2,b1c36,704.0,751.9020694252916
C043,2,b1c37,648.0,755.2222312278211
C043,3,b1c9,1054.0,920.5047854597442
C043,3,b1c14,880.0,921.3223172714004
C043,3,b1c15,719.0,907.7700880472694
C043,3,b1c24,1017.0,843.1419753927943
C043,3,b1c25,854.0,887.7989180984578
C043,3,b1c34,742.0,805.1733727852879
C043,3,b1c35,703.0,771.5995198890828
C044,0,b1c16,862.0,907.733358383444
C044,0,b1c17,857.0,842.5538792913111
C044,0,b1c26,870.0,767.2761820786467
C044,0,b1c27,842.0,793.8218354718539
C044,0,b1c32,731.0,697.3706892748
C044,0,b1c33,757.0,704.6958967504049
C044,0,b1c44,616.0,612.5713299655705
C044,0,b1c45,599.0,616.0126292281855
C044,1,b1c20,534.0,756.7655074565009
C044,1,b1c21,559.0,673.519732853906
C044,1,b1c23,1014.0,902.7990135974268
C044,1,b1c28,860.0,800.1371843089781
C044,1,b1c29,917.0,793.2837090992567
C044,1,b1c42,702.0,702.9847834020629
C044,1,b1c43,651.0,738.2591154244252
C044,2,b1c11,788.0,994.6328637611866
C044,2,b1c18,691.0,689.5014511235361
C044,2,b1c19,788.0,670.1992803510711
C044,2,b1c30,709.0,731.9634032205694
C044,2,b1c31,876.0,748.1704272798571
C044,2,b1c36,704.0,757.9030593885655
C044,2,b1c37,648.0,760.4022582387763
C044,3,b1c9,1054.0,913.6955473578379
C044,3,b1c14,880.0,914.4770001393196
C044,3,b1c15,719.0,902.3363740670623
C044,3,b1c24,1017.0,841.7957674481847
C044,3,b1c25,854.0,882.9811905227576
C044,3,b1c34,742.0,804.1439792782652
C044,3,b1c35,703.0,773.3183705645307
C045,0,b1c16,862.0,854.4348713931337
C045,0,b1c17,857.0,816.2553016353022
C045,0,b1c26,870.0,767.0956677791204
C045,0,b1c27,842.0,784.3225054975571
C045,0,b1c32,731.0,718.6375393917623
C045,0,b1c33,757.0,718.6307127578402
C045,0,b1c44,616.0,660.2798541506723
C045,0,b1c45,599.0,671.4448080755461
C045,1,b1c20,534.0,635.7014206495247
C045,1,b1c21,559.0,642.4303224539306
C045,1,b1c23,1014.0,843.7238540063508
C045,1,b1c28,860.0,789.1847943934355
C045,1,b1c29,917.0,788.0900186359768
C045,1,b1c42,702.0,747.1081359090109
C045,1,b1c43,651.0,742.2034684721453
C045,2,b1c11,788.0,939.1680374714982
C045,2,b1c18,691.0,691.8480203095714
C045,2,b1c19,788.0,701.3518576811732
C045,2,b1c30,709.0,738.8019437905441
C045,2,b1c31,876.0,742.5075323888176
C045,2,b1c36,704.0,777.9729811498614
C045,2,b1c37,648.0,777.9045169088635
C045,3,b1c9,1054.0,873.8378282861922
C045,3,b1c14,880.0,871.9901325315799
C045,3,b1c15,719.0,865.7190773625962
C045,3,b1c24,1017.0,832.3126582974271
C045,3,b1c25,854.0,857.5594792912322
C045,3,b1c34,742.0,795.7304287355181
C045,3,b1c35,703.0,777.3519693456929
C046,0,b1c16,862.0,795.0217630573052
C046,0,b1c17,857.0,783.3945056420949
C046,0,b1c26,870.0,768.0906119058244
C046,0,b1c27,842.0,773.883605500313
C046,0,b1c32,731.0,749.6279811022357
C046,0,b1c33,757.0,748.3506185315887
C046,0,b1c44,616.0,728.6678147579391
C046,0,b1c45,599.0,735.2107758073969
C046,1,b1c20,534.0,695.6106587014614
C046,1,b1c21,559.0,712.3159520902777
C046,1,b1c23,1014.0,796.9913180384939
C046,1,b1c28,860.0,781.8882543104569
C046,1,b1c29,917.0,782.3217694803656
C046,1,b1c42,702.0,773.8664285590432
C046,1,b1c43,651.0,765.2733334349634
C046,2,b1c11,788.0,834.5295844571225
C046,2,b1c18,691.0,737.0783193898011
C046,2,b1c19,788.0,747.4700865776205
C046,2,b1c30,709.0,759.642730466934
C046,2,b1c31,876.0,758.8532894052024
C046,2,b1c36,704.0,780.803226216025
C046,2,b1c37,648.0,780.2690959117542
C046,3,b1c9,1054.0,789.6283227069422
C046,3,b1c14,880.0,787.2731599806606
C046,3,b1c15,719.0,786.0123796271465
C046,3,b1c24,1017.0,781.5520574635738
C046,3,b1c25,854.0,788.1642407923298
C046,3,b1c34,742.0,764.5923718823418
C046,3,b1c35,703.0,759.8835769452608
C047,0,b1c16,862.0,923.3107106021583
C047,0,b1c17,857.0,850.1149954115363
C047,0,b1c26,870.0,767.3881071650011
C047,0,b1c27,842.0,796.4859401874289
C047,0,b1c32,731.0,692.1703572219407
C047,0,b1c33,757.0,701.8570150275796
C047,0,b1c44,616.0,600.5896853513284
C047,0,b1c45,599.0,601.432491411583
C047,1,b1c20,534.0,808.7212482053352
C047,1,b1c21,559.0,688.5695512510578
C047,1,b1c23,1014.0,921.5848899276622
C047,1,b1c28,860.0,804.0194598615309
C047,1,b1c29,917.0,795.2104592861847
C047,1,b1c42,702.0,690.431258269049
C047,1,b1c43,651.0,739.3290459132642
C047,2,b1c11,788.0,1006.3230223600548
C047,2,b1c18,691.0,691.2497000014421
C047,2,b1c19,788.0,663.147826483232
C047,2,b1c30,709.0,731.1139818221079
C047,2,b1c31,876.0,751.0448857794927
C047,2,b1c36,704.0,751.3692741330563
C047,2,b1c37,648.0,754.6221059384739
C047,3,b1c9,1054.0,920.6420742850565
C047,3,b1c14,880.0,920.4682357509565
C047,3,b1c15,719.0,906.7552156800115
C047,3,b1c24,1017.0,844.7014690929794
C047,3,b1c25,854.0,889.6713118130372
C047,3,b1c34,742.0,805.3883258034743
C047,3,b1c35,703.0,771.5550350977924
C048,0,b1c16,862.0,924.5012674266989
C048,0,b1c17,857.0,851.9654731514565
C048,0,b1c26,870.0,767.2955498151465
C048,0,b1c27,842.0,796.1936062987062
C048,0,b1c32,731.0,694.3114928267546
C048,0,b1c33,757.0,703.4095628366191
C048,0,b1c44,616.0,602.6713198930212
C048,0,b1c45,599.0,604.4234116149374
C048,1,b1c20,534.0,782.0279156257043
C048,1,b1c21,559.0,679.0145702396638
C048,1,b1c23,1014.0,914.7108102219107
C048,1,b1c28,860.0,802.8271194125947
C048,1,b1c29,917.0,794.8669843722406
C048,1,b1c42,702.0,696.1143359045278
C048,1,b1c43,651.0,739.0139236779529
C048,2,b1c11,788.0,1001.6761745568547
C048,2,b1c18,691.0,690.3787288543449
C048,2,b1c19,788.0,667.8488622533328
C048,2,b1c30,709.0,732.6549227089481
C048,2,b1c31,876.0,750.557659509498
C048,2,b1c36,704.0,751.6299717900359
C048,2,b1c37,648.0,754.4217589110011
C048,3,b1c9,1054.0,919.125345258811
C048,3,b1c14,880.0,916.0185120006141
C048,3,b1c15,719.0,902.2444076820369
C048,3,b1c24,1017.0,848.9931658046215
C048,3,b1c25,854.0,893.8790585526345
C048,3,b1c34,742.0,805.7548472315841
C048,3,b1c35,703.0,771.9517697248664
C049,0,b1c16,862.0,919.7624532296456
C049,0,b1c17,857.0,849.5053120730105
C049,0,b1c26,870.0,767.3389849820705
C049,0,b1c27,842.0,795.4294940140193
C049,0,b1c32,731.0,696.2136518758377
C049,0,b1c33,757.0,705.0841510899829
C049,0,b1c44,616.0,606.6879353526011
C049,0,b1c45,599.0,608.4031277681415
C049,1,b1c20,534.0,724.2443158500226
C049,1,b1c21,559.0,661.1441737425902
C049,1,b1c23,1014.0,894.9217718075386
C049,1,b1c28,860.0,797.9852099967926
C049,1,b1c29,917.0,792.1696523658027
C049,1,b1c42,702.0,708.2162882783232
C049,1,b1c43,651.0,735.4347214686223
C049,2,b1c11,788.0,990.9273686156067
C049,2,b1c18,691.0,688.9778025086416
C049,2,b1c19,788.0,677.35985118185
C049,2,b1c30,709.0,735.5268326093322
C049,2,b1c31,876.0,749.3492558251138
C049,2,b1c36,704.0,753.3093401193028
C049,2,b1c37,648.0,755.1957803592231
C049,3,b1c9,1054.0,913.9257789489329
C049,3,b1c14,880.0,910.1747796561881
C049,3,b1c15,719.0,896.8258758884513
C049,3,b1c24,1017.0,847.3847702123695
C049,3,b1c25,854.0,890.8977080245054
C049,3,b1c34,742.0,804.2879768313177
C049,3,b1c35,703.0,771.437354322022
C050,0,b1c16,862.0,915.276137292503
C050,0,b1c17,857.0,849.2426170235162
C050,0,b1c26,870.0,767.3915582074274
C050,0,b1c27,842.0,793.837096580563
C050,0,b1c32,731.0,704.0279249037067
C050,0,b1c33,757.0,712.477839351233
C050,0,b1c44,616.0,617.714500411658
C050,0,b1c45,599.0,619.3600676314707
C050,1,b1c20,534.0,646.8801292927606
C050,1,b1c21,559.0,642.345823142889
C050,1,b1c23,1014.0,856.2152136501007
C050,1,b1c28,860.0,789.1092229499853
C050,1,b1c29,917.0,787.0000250783006
C050,1,b1c42,702.0,732.4959337439924
C050,1,b1c43,651.0,733.0825666001303
C050,2,b1c11,788.0,970.0447970239865
C050,2,b1c18,691.0,698.1107797876501
C050,2,b1c19,788.0,686.9869821086842
C050,2,b1c30,709.0,741.0455381497445
C050,2,b1c31,876.0,754.1918974074737
C050,2,b1c36,704.0,749.3962863373821
C050,2,b1c37,648.0,751.1686428599048
C050,3,b1c9,1054.0,895.8136753189797
C050,3,b1c14,880.0,890.6346230113601
C050,3,b1c15,719.0,877.6828089070183
C050,3,b1c24,1017.0,837.1841129765604
C050,3,b1c25,854.0,878.1218625693607
C050,3,b1c34,742.0,797.281518918176
C050,3,b1c35,703.0,765.7953694310447
C051,0,b1c16,862.0,871.6590622310346
C051,0,b1c17,857.0,825.9152752891138
C051,0,b1c26,870.0,767.8026682981485
C051,0,b1c27,842.0,786.7601928904293
C051,0,b1c32,731.0,721.6159422269665
C051,0,b1c33,757.0,727.8405078111111
C051,0,b1c44,616.0,656.772170250024
C051,0,b1c45,599.0,658.0312351616616
C051,1,b1c20,534.0,693.458290696906
C051,1,b1c21,559.0,690.4176198478683
C051,1,b1c23,1014.0,826.2023036937387
C051,1,b1c28,860.0,785.1316528570501
C051,1,b1c29,917.0,783.8199662454575
C051,1,b1c42,702.0,749.4521623823971
C051,1,b1c43,651.0,749.827074266812
C051,2,b1c11,788.0,917.6409335641737
C051,2,b1c18,691.0,717.6584176786015
C051,2,b1c19,788.0,708.7961441187234
C051,2,b1c30,709.0,750.6296401576568
C051,2,b1c31,876.0,760.9105209942649
C051,2,b1c36,704.0,751.9669551365521
C051,2,b1c37,648.0,753.3423675337742
C051,3,b1c9,1054.0,849.4759702420132
C051,3,b1c14,880.0,844.9935492772382
C051,3,b1c15,719.0,835.586343099058
C051,3,b1c24,1017.0,809.581422475581
C051,3,b1c25,854.0,838.865673471112
C051,3,b1c34,742.0,781.0599327882537
C051,3,b1c35,703.0,757.7738413317355
C052,0,b1c16,862.0,768.8602537954346
C052,0,b1c17,857.0,768.8602537954346
C052,0,b1c26,870.0,768.8602537954346
C052,0,b1c27,842.0,768.8602537954346
C052,0,b1c32,731.0,768.8602537954346
C052,0,b1c33,757.0,768.8602537954346
C052,0,b1c44,616.0,768.8602537954346
C052,0,b1c45,599.0,768.8602537954346
C052,1,b1c20,534.0,778.5545420115628
C052,1,b1c21,559.0,778.5545420115628
C052,1,b1c23,1014.0,778.5545420115628
C052,1,b1c28,860.0,778.5545420115628
C052,1,b1c29,917.0,778.5545420115628
C052,1,b1c42,702.0,778.5545420115628
C052,1,b1c43,651.0,778.5545420115628
C052,2,b1c11,788.0,774.7299302347925
C052,2,b1c18,691.0,774.7299302347925
C052,2,b1c19,788.0,774.7299302347925
C052,2,b1c30,709.0,774.7299302347925
C052,2,b1c31,876.0,774.7299302347925
C052,2,b1c36,704.0,774.7299302347925
C052,2,b1c37,648.0,774.7299302347925
C052,3,b1c9,1054.0,743.3260385715869
C052,3,b1c14,880.0,743.3260385715869
C052,3,b1c15,719.0,743.3260385715869
C052,3,b1c24,1017.0,743.3260385715869
C052,3,b1c25,854.0,743.3260385715869
C052,3,b1c34,742.0,743.3260385715869
C052,3,b1c35,703.0,743.3260385715869
C053,0,b1c16,862.0,842.2441340480294
C053,0,b1c17,857.0,845.5715256447252
C053,0,b1c26,870.0,817.8954865225011
C053,0,b1c27,842.0,844.7240849719402
C053,0,b1c32,731.0,686.1865255441525
C053,0,b1c33,757.0,650.8226621838337
C053,0,b1c44,616.0,639.913746746848
C053,0,b1c45,599.0,686.1865255441525
C053,1,b1c20,534.0,709.0394722035765
C053,1,b1c21,559.0,709.0394722035765
C053,1,b1c23,1014.0,888.8215708312955
C053,1,b1c28,860.0,838.8563618675372
C053,1,b1c29,917.0,836.7575417891081
C053,1,b1c42,702.0,683.4760229117461
C053,1,b1c43,651.0,674.3871459468147
C053,2,b1c11,788.0,948.4657826286353
C053,2,b1c18,691.0,657.2131169042026
C053,2,b1c19,788.0,692.7805335654225
C053,2,b1c30,709.0,719.2600082209153
C053,2,b1c31,876.0,709.84342223525
C053,2,b1c36,704.0,728.0493389522725
C053,2,b1c37,648.0,726.8978939717208
C053,3,b1c9,1054.0,869.6933404886003
C053,3,b1c14,880.0,864.5008225190962
C053,3,b1c15,719.0,864.5008225190962
C053,3,b1c24,1017.0,880.6440207458221
C053,3,b1c25,854.0,881.1009970280977
C053,3,b1c34,742.0,882.4068917381319
C053,3,b1c35,703.0,873.1483315158828
C054,0,b1c16,862.0,874.1458539005266
C054,0,b1c17,857.0,872.3215188857544
C054,0,b1c26,870.0,817.3458321724169
C054,0,b1c27,842.0,861.7392747863687
C054,0,b1c32,731.0,667.4914130630727
C054,0,b1c33,757.0,666.8330116514761
C054,0,b1c44,616.0,666.8330116514761
C054,0,b1c45,599.0,667.4914130630727
C054,1,b1c20,534.0,698.0259130463784
C054,1,b1c21,559.0,698.0259130463784
C054,1,b1c23,1014.0,862.1311098355077
C054,1,b1c28,860.0,833.323757209638
C054,1,b1c29,917.0,832.542199642875
C054,1,b1c42,702.0,700.2831079511832
C054,1,b1c43,651.0,698.1513393241553
C054,2,b1c11,788.0,891.2657797543621
C054,2,b1c18,691.0,654.5746835090272
C054,2,b1c19,788.0,659.1581348643211
C054,2,b1c30,709.0,692.3092164311942
C054,2,b1c31,876.0,710.1989791461307
C054,2,b1c36,704.0,673.079390197289
C054,2,b1c37,648.0,672.0314120719441
C054,3,b1c9,1054.0,866.1881600879273
C054,3,b1c14,880.0,866.1881600879273
C054,3,b1c15,719.0,866.1881600879273
C054,3,b1c24,1017.0,866.1881600879273
C054,3,b1c25,854.0,866.1881600879273
C054,3,b1c34,742.0,866.1881600879273
C054,3,b1c35,703.0,859.3074422048028
C055,0,b1c16,862.0,841.868010064335
C055,0,b1c17,857.0,846.3276067682906
C055,0,b1c26,870.0,817.4160774317056
C055,0,b1c27,842.0,843.6768747946533
C055,0,b1c32,731.0,687.2244016678103
C055,0,b1c33,757.0,651.1516515250337
C055,0,b1c44,616.0,640.087556047134
C055,0,b1c45,599.0,687.2244016678103
C055,1,b1c20,534.0,709.2314372645062
C055,1,b1c21,559.0,709.2314372645062
C055,1,b1c23,1014.0,887.990328580375
C055,1,b1c28,860.0,838.020731981194
C055,1,b1c29,917.0,832.4040660164222
C055,1,b1c42,702.0,683.0940948613949
C055,1,b1c43,651.0,673.614449694756
C055,2,b1c11,788.0,950.6801073713439
C055,2,b1c18,691.0,656.5134249940523
C055,2,b1c19,788.0,691.1714043400327
C055,2,b1c30,709.0,718.7572756867725
C055,2,b1c31,876.0,710.0542005774595
C055,2,b1c36,704.0,727.3461601230803
C055,2,b1c37,648.0,726.1958272536056
C055,3,b1c9,1054.0,868.9452808545695
C055,3,b1c14,880.0,863.49204601348
C055,3,b1c15,719.0,863.49204601348
C055,3,b1c24,1017.0,881.827480510085
C055,3,b1c25,854.0,882.368763835144
C055,3,b1c34,742.0,883.8368225902808
C055,3,b1c35,703.0,873.349868847934
C056,0,b1c16,862.0,874.1458539005266
C056,0,b1c17,857.0,872.3215188857544
C056,0,b1c26,870.0,817.3458321724169
C056,0,b1c27,842.0,861.7392747863687
C056,0,b1c32,731.0,667.4914130630727
C056,0,b1c33,757.0,666.8330116514761
C056,0,b1c44,616.0,666.8330116514761
C056,0,b1c45,599.0,667.4914130630727
C056,1,b1c20,534.0,698.0259130463784
C056,1,b1c21,559.0,698.0259130463784
C056,1,b1c23,1014.0,862.1311098355077
C056,1,b1c28,860.0,833.323757209638
C056,1,b1c29,917.0,832.542199642875
C056,1,b1c42,702.0,700.2831079511832
C056,1,b1c43,651.0,698.1513393241553
C056,2,b1c11,788.0,891.2657797543621
C056,2,b1c18,691.0,654.5746835090272
C056,2,b1c19,788.0,659.1581348643211
C056,2,b1c30,709.0,692.3092164311942
C056,2,b1c31,876.0,710.1989791461307
C056,2,b1c36,704.0,673.079390197289
C056,2,b1c37,648.0,672.0314120719441
C056,3,b1c9,1054.0,866.1881600879273
C056,3,b1c14,880.0,866.1881600879273
C056,3,b1c15,719.0,866.1881600879273
C056,3,b1c24,1017.0,866.1881600879273
C056,3,b1c25,854.0,866.1881600879273
C056,3,b1c34,742.0,866.1881600879273
C056,3,b1c35,703.0,859.3074422048028
C057,0,b1c16,862.0,916.187733008519
C057,0,b1c17,857.0,860.2653543117077
C057,0,b1c26,870.0,771.5062413811372
C057,0,b1c27,842.0,783.2800150758484
C057,0,b1c32,731.0,684.4395926830309
C057,0,b1c33,757.0,685.8762612535386
C057,0,b1c44,616.0,592.4040730785591
C057,0,b1c45,599.0,576.1514565227723
C057,1,b1c20,534.0,944.2703506402434
C057,1,b1c21,559.0,774.0564037785963
C057,1,b1c23,1014.0,931.8144293311199
C057,1,b1c28,860.0,808.1726747088991
C057,1,b1c29,917.0,812.3407771513799
C057,1,b1c42,702.0,679.2937771458327
C057,1,b1c43,651.0,770.7470699656559
C057,2,b1c11,788.0,998.1547892296579
C057,2,b1c18,691.0,671.5899021729355
C057,2,b1c19,788.0,662.2406935542082
C057,2,b1c30,709.0,738.9564454352977
C057,2,b1c31,876.0,788.092518047293
C057,2,b1c36,704.0,783.4332711630371
C057,2,b1c37,648.0,775.1851480086932
C057,3,b1c9,1054.0,909.8107544180966
C057,3,b1c14,880.0,902.276159743207
C057,3,b1c15,719.0,889.1773321429199
C057,3,b1c24,1017.0,840.264388142747
C057,3,b1c25,854.0,873.1794605457368
C057,3,b1c34,742.0,813.2349822654954
C057,3,b1c35,703.0,788.5486148981919
C058,0,b1c16,862.0,907.0646140189713
C058,0,b1c17,857.0,857.7808297357309
C058,0,b1c26,870.0,770.9057002732002
C058,0,b1c27,842.0,779.8575953618731
C058,0,b1c32,731.0,692.725687832417
C058,0,b1c33,757.0,690.2514130945607
C058,0,b1c44,616.0,609.5959843144842
C058,0,b1c45,599.0,598.1583179209066
C058,1,b1c20,534.0,854.3764255326303
C058,1,b1c21,559.0,732.9537927977213
C058,1,b1c23,1014.0,912.2181486034227
C058,1,b1c28,860.0,803.9561259931676
C058,1,b1c29,917.0,808.9115576323828
C058,1,b1c42,702.0,698.2655523704832
C058,1,b1c43,651.0,764.2846576579814
C058,2,b1c11,788.0,994.4289131391149
C058,2,b1c18,691.0,643.268957166694
C058,2,b1c19,788.0,672.6702009920825
C058,2,b1c30,709.0,741.1531789030547
C058,2,b1c31,876.0,788.9648612465169
C058,2,b1c36,704.0,796.0598958180439
C058,2,b1c37,648.0,782.6798460424407
C058,3,b1c9,1054.0,904.1634455537442
C058,3,b1c14,880.0,896.3193772025043
C058,3,b1c15,719.0,884.5337762141909
C058,3,b1c24,1017.0,837.4544063735706
C058,3,b1c25,854.0,866.2533213518008
C058,3,b1c34,742.0,812.309820525451
C058,3,b1c35,703.0,791.6399738640674
C059,0,b1c16,862.0,863.7226930692042
C059,0,b1c17,857.0,834.7850111070752
C059,0,b1c26,870.0,771.6185836029665
C059,0,b1c27,842.0,775.2815318074332
C059,0,b1c32,731.0,720.7291066714947
C059,0,b1c33,757.0,714.0487006926185
C059,0,b1c44,616.0,673.0681874305085
C059,0,b1c45,599.0,672.2910819436221
C059,1,b1c20,534.0,651.9844231601554
C059,1,b1c21,559.0,652.2495199689041
C059,1,b1c23,1014.0,853.5633943080638
C059,1,b1c28,860.0,794.0686220868057
C059,1,b1c29,917.0,799.5877497808011
C059,1,b1c42,702.0,752.4458468938772
C059,1,b1c43,651.0,755.997013261201
C059,2,b1c11,788.0,937.7879595708555
C059,2,b1c18,691.0,700.3303315534731
C059,2,b1c19,788.0,709.9840651398001
C059,2,b1c30,709.0,747.335862760856
C059,2,b1c31,876.0,781.270735022741
C059,2,b1c36,704.0,803.1126092311218
C059,2,b1c37,648.0,793.3809014286132
C059,3,b1c9,1054.0,871.7001249202508
C059,3,b1c14,880.0,862.9407806606937
C059,3,b1c15,719.0,855.9473440296415
C059,3,b1c24,1017.0,826.2346674776377
C059,3,b1c25,854.0,840.9327594232831
C059,3,b1c34,742.0,804.61682700936
C059,3,b1c35,703.0,796.7038787505373
C060,0,b1c16,862.0,807.0285513037173
C060,0,b1c17,857.0,796.8719511734067
C060,0,b1c26,870.0,778.2239955311271
C060,0,b1c27,842.0,781.0937417833153
C060,0,b1c32,731.0,759.7260719745918
C060,0,b1c33,757.0,758.8242088018649
C060,0,b1c44,616.0,745.9760629521941
C060,0,b1c45,599.0,747.6243171213501
C060,1,b1c20,534.0,704.6969520804785
C060,1,b1c21,559.0,722.8779906060657
C060,1,b1c23,1014.0,804.9030498660334
C060,1,b1c28,860.0,790.3067185787564
C060,1,b1c29,917.0,791.3833218429028
C060,1,b1c42,702.0,782.341420435329
C060,1,b1c43,651.0,775.9699808486197
C060,2,b1c11,788.0,837.5561036229115
C060,2,b1c18,691.0,793.4784353192532
C060,2,b1c19,788.0,759.967856169893
C060,2,b1c30,709.0,767.8138398456333
C060,2,b1c31,876.0,780.0926748551534
C060,2,b1c36,704.0,793.2442809817808
C060,2,b1c37,648.0,793.3671282354776
C060,3,b1c9,1054.0,797.7590737227091
C060,3,b1c14,880.0,793.9634042970065
C060,3,b1c15,719.0,791.928554167586
C060,3,b1c24,1017.0,786.2186595074647
C060,3,b1c25,854.0,790.3184879182786
C060,3,b1c34,742.0,774.7317575051928
C060,3,b1c35,703.0,773.1214634504283
C061,0,b1c16,862.0,917.1290143114911
C061,0,b1c17,857.0,860.4394172015913
C061,0,b1c26,870.0,771.5887076385724
C061,0,b1c27,842.0,783.707072566956
C061,0,b1c32,731.0,683.477279885638
C061,0,b1c33,757.0,685.417876742546
C061,0,b1c44,616.0,590.4787496785486
C061,0,b1c45,599.0,573.6350938216729
C061,1,b1c20,534.0,954.9430080048514
C061,1,b1c21,559.0,778.9880250510245
C061,1,b1c23,1014.0,934.0784694725901
C061,1,b1c28,860.0,808.6725955553615
C061,1,b1c29,917.0,812.7432133142149
C061,1,b1c42,702.0,677.0948664362786
C061,1,b1c43,651.0,771.5469706879165
C061,2,b1c11,788.0,998.105820196722
C061,2,b1c18,691.0,676.9239519097855
C061,2,b1c19,788.0,661.0002789317174
C061,2,b1c30,709.0,738.675214723342
C061,2,b1c31,876.0,787.8185711026281
C061,2,b1c36,704.0,781.4215882436515
C061,2,b1c37,648.0,774.0683298780035
C061,3,b1c9,1054.0,910.3828685908791
C061,3,b1c14,880.0,902.8754017399492
C061,3,b1c15,719.0,889.6323725496477
C061,3,b1c24,1017.0,840.5866468471069
C061,3,b1c25,854.0,873.9546966796806
C061,3,b1c34,742.0,813.3242446226825
C061,3,b1c35,703.0,788.1916810800294
C062,0,b1c16,862.0,917.2754903072142
C062,0,b1c17,857.0,860.4676530899881
C062,0,b1c26,870.0,771.6018459214373
C062,0,b1c27,842.0,783.7740888187858
C062,0,b1c32,731.0,683.3315954975114
C062,0,b1c33,757.0,685.3497661437334
C062,0,b1c44,616.0,590.1834493027434
C062,0,b1c45,599.0,573.2505049232709
C062,1,b1c20,534.0,956.6747476700432
C062,1,b1c21,559.0,779.7875287782957
C062,1,b1c23,1014.0,934.4458718802796
C062,1,b1c28,860.0,808.7551289847291
C062,1,b1c29,917.0,812.8086256195776
C062,1,b1c42,702.0,676.73891837918
C062,1,b1c43,651.0,771.6775782897805
C062,2,b1c11,788.0,998.0841121904277
C062,2,b1c18,691.0,677.8523436610458
C062,2,b1c19,788.0,660.7979352059705
C062,2,b1c30,709.0,738.6297401940246
C062,2,b1c31,876.0,787.7664031059329
C062,2,b1c36,704.0,781.0750850801132
C062,2,b1c37,648.0,773.8774459280825
C062,3,b1c9,1054.0,910.474757492371
C062,3,b1c14,880.0,902.9703952844543
C062,3,b1c15,719.0,889.7038416836415
C062,3,b1c24,1017.0,840.6418612436381
C062,3,b1c25,854.0,874.08396147899
C062,3,b1c34,742.0,813.3386665408045
C062,3,b1c35,703.0,788.1328809827805
C063,0,b1c16,862.0,915.4402135713569
C063,0,b1c17,857.0,860.1243493141002
C063,0,b1c26,870.0,771.4435794478743
C063,0,b1c27,842.0,782.9491076964712
C063,0,b1c32,731.0,685.2093760529772
C063,0,b1c33,757.0,686.251193604019
C063,0,b1c44,616.0,593.9357100835308
C063,0,b1c45,599.0,578.1542986869712
C063,1,b1c20,534.0,934.7732443325932
C063,1,b1c21,559.0,769.6697349381667
C063,1,b1c23,1014.0,929.7946315324191
C063,1,b1c28,860.0,807.733089753539
C063,1,b1c29,917.0,811.9827255720853
C063,1,b1c42,702.0,681.2582454274269
C063,1,b1c43,651.0,770.0411770223376
C063,2,b1c11,788.0,998.0977249003847
C063,2,b1c18,691.0,667.2873569005985
C063,2,b1c19,788.0,663.3377994001868
C063,2,b1c30,709.0,739.2047837149588
C063,2,b1c31,876.0,788.2894002697587
C063,2,b1c36,704.0,785.0922294263745
C063,2,b1c37,648.0,776.1174087953212
C063,3,b1c9,1054.0,909.2895020327823
C063,3,b1c14,880.0,901.7250357685646
C063,3,b1c15,719.0,888.7551549509764
C063,3,b1c24,1017.0,839.9874956729919
C063,3,b1c25,854.0,872.4981738079912
C063,3,b1c34,742.0,813.1535786878039
C063,3,b1c35,703.0,788.8641255448448
C064,0,b1c16,862.0,916.8742562158684
C064,0,b1c17,857.0,860.4317038838599
C064,0,b1c26,870.0,771.5649912848675
C064,0,b1c27,842.0,783.5787021851604
C064,0,b1c32,731.0,683.8257113856848
C064,0,b1c33,757.0,685.5898465746077
C064,0,b1c44,616.0,591.1036638043689
C064,0,b1c45,599.0,574.48435731232
C064,1,b1c20,534.0,951.097212831259
C064,1,b1c21,559.0,777.1889773308892
C064,1,b1c23,1014.0,933.2779971346403
C064,1,b1c28,860.0,808.5123335660741
C064,1,b1c29,917.0,812.600805554451
C064,1,b1c42,702.0,677.886191798572
C064,1,b1c43,651.0,771.2621694585965
C064,2,b1c11,788.0,998.0862215832043
C064,2,b1c18,691.0,675.1960560973499
C064,2,b1c19,788.0,661.4462064806337
C064,2,b1c30,709.0,738.7874660703011
C064,2,b1c31,876.0,787.8685300710154
C064,2,b1c36,704.0,782.0538508563633
C064,2,b1c37,648.0,774.4222892940063
C064,3,b1c9,1054.0,910.1875906195777
C064,3,b1c14,880.0,902.6550525488823
C064,3,b1c15,719.0,889.4592269323116
C064,3,b1c24,1017.0,840.5136704812951
C064,3,b1c25,854.0,873.7355174623847
C064,3,b1c34,742.0,813.2959369681761
C064,3,b1c35,703.0,788.3045410053074
C065,0,b1c16,862.0,901.2373922657805
C065,0,b1c17,857.0,855.5637801806616
C065,0,b1c26,870.0,770.7000431998459
C065,0,b1c27,842.0,778.2860906830755
C065,0,b1c32,731.0,697.277299254959
C065,0,b1c33,757.0,693.0883129214498
C065,0,b1c44,616.0,619.4721496705915
C065,0,b1c45,599.0,610.4230889477666
C065,1,b1c20,534.0,803.4467686882567
C065,1,b1c21,559.0,710.2088959815951
C065,1,b1c23,1014.0,900.4551586665287
C065,1,b1c28,860.0,801.5814125377043
C065,1,b1c29,917.0,806.8915343386032
C065,1,b1c42,702.0,709.5280388389591
C065,1,b1c43,651.0,760.903990723271
C065,2,b1c11,788.0,988.7837418304592
C065,2,b1c18,691.0,639.2903297181495
C065,2,b1c19,788.0,679.0197750975904
C065,2,b1c30,709.0,742.357220145524
C065,2,b1c31,876.0,788.35455665692
C065,2,b1c36,704.0,800.3427459663221
C065,2,b1c37,648.0,785.7566254727693
C065,3,b1c9,1054.0,900.0247425855242
C065,3,b1c14,880.0,891.9534629665379
C065,3,b1c15,719.0,881.0100860891705
C065,3,b1c24,1017.0,835.7259633370512
C065,3,b1c25,854.0,861.9236433791322
C065,3,b1c34,742.0,811.5541481304505
C065,3,b1c35,703.0,793.3748775671286
C066,0,b1c16,862.0,913.0312172674778
C066,0,b1c17,857.0,859.8824185874616
C066,0,b1c26,870.0,771.2606731446351
C066,0,b1c27,842.0,781.8839743403192
C066,0,b1c32,731.0,688.2749590214935
C066,0,b1c33,757.0,687.8500040470674
C066,0,b1c44,616.0,599.5199825550649
C066,0,b1c45,599.0,585.6670160830975
C066,1,b1c20,534.0,902.1863384766933
C066,1,b1c21,559.0,754.7770011955923
C066,1,b1c23,1014.0,922.6604852537608
C066,1,b1c28,860.0,806.3178263400774
C066,1,b1c29,917.0,810.6424139414831
C066,1,b1c42,702.0,687.9916695433533
C066,1,b1c43,651.0,767.5036361731044
C066,2,b1c11,788.0,996.9694596044715
C066,2,b1c18,691.0,656.4731230624815
C066,2,b1c19,788.0,667.1336275386152
C066,2,b1c30,709.0,740.1335368852868
C066,2,b1c31,876.0,788.3392961162901
C066,2,b1c36,704.0,789.4202467635239
C066,2,b1c37,648.0,778.6577303635976
C066,3,b1c9,1054.0,907.4472632704958
C066,3,b1c14,880.0,899.638267925249
C066,3,b1c15,719.0,887.0931905016093
C066,3,b1c24,1017.0,839.3733973041391
C066,3,b1c25,854.0,870.5737476014024
C066,3,b1c34,742.0,812.8778163686718
C066,3,b1c35,703.0,789.8443590628019
C067,0,b1c16,862.0,869.4820444555444
C067,0,b1c17,857.0,868.5460058922558
C067,0,b1c26,870.0,821.8637425444925
C067,0,b1c27,842.0,840.5551567229064
C067,0,b1c32,731.0,674.7168448403446
C067,0,b1c33,757.0,665.4858600936102
C067,0,b1c44,616.0,658.8199461926962
C067,0,b1c45,599.0,691.8414274521772
C067,1,b1c20,534.0,709.9631258186254
C067,1,b1c21,559.0,723.9441588874085
C067,1,b1c23,1014.0,894.4511250878754
C067,1,b1c28,860.0,845.3019684944683
C067,1,b1c29,917.0,834.4606259018758
C067,1,b1c42,702.0,692.6543453953453
C067,1,b1c43,651.0,716.9232762515261
C067,2,b1c11,788.0,953.6146274651277
C067,2,b1c18,691.0,662.8510745365743
C067,2,b1c19,788.0,691.4402475857476
C067,2,b1c30,709.0,720.4853953731454
C067,2,b1c31,876.0,723.7090545750544
C067,2,b1c36,704.0,735.9576262348761
C067,2,b1c37,648.0,735.3301659174158
C067,3,b1c9,1054.0,883.1986636604136
C067,3,b1c14,880.0,871.0559295334293
C067,3,b1c15,719.0,871.0559295334293
C067,3,b1c24,1017.0,873.7780882635881
C067,3,b1c25,854.0,873.7780882635881
C067,3,b1c34,742.0,889.7399083694079
C067,3,b1c35,703.0,885.2573024475519
C068,0,b1c16,862.0,882.0461667637915
C068,0,b1c17,857.0,880.3317284243533
C068,0,b1c26,870.0,824.8191150238653
C068,0,b1c27,842.0,864.5475990999743
C068,0,b1c32,731.0,672.8055446035447
C068,0,b1c33,757.0,672.6355181485183
C068,0,b1c44,616.0,674.7241982831985
C068,0,b1c45,599.0,673.9260496540497
C068,1,b1c20,534.0,702.0570187677242
C068,1,b1c21,559.0,702.807341519047
C068,1,b1c23,1014.0,865.7016634890167
C068,1,b1c28,860.0,836.1504117315144
C068,1,b1c29,917.0,835.1698788662317
C068,1,b1c42,702.0,705.2979919889475
C068,1,b1c43,651.0,703.5279326871381
C068,2,b1c11,788.0,898.283198252183
C068,2,b1c18,691.0,661.9369915163807
C068,2,b1c19,788.0,665.9413462681104
C068,2,b1c30,709.0,699.0204994496239
C068,2,b1c31,876.0,718.3856813603055
C068,2,b1c36,704.0,680.2110059708804
C068,2,b1c37,648.0,679.467369607244
C068,3,b1c9,1054.0,869.3633589697337
C068,3,b1c14,880.0,868.9632450096196
C068,3,b1c15,719.0,868.9632450096196
C068,3,b1c24,1017.0,868.9632450096196
C068,3,b1c25,854.0,868.9632450096196
C068,3,b1c34,742.0,869.3633589697337
C068,3,b1c35,703.0,863.9303889860137
C069,0,b1c16,862.0,869.1053912938913
C069,0,b1c17,857.0,867.7897127224626
C069,0,b1c26,870.0,822.8080714285716
C069,0,b1c27,842.0,840.4975224867723
C069,0,b1c32,731.0,675.8805836940836
C069,0,b1c33,757.0,665.5899580327081
C069,0,b1c44,616.0,659.1765347522846
C069,0,b1c45,599.0,692.6630995670994
C069,1,b1c20,534.0,708.7027021774517
C069,1,b1c21,559.0,723.4391201668699
C069,1,b1c23,1014.0,894.6360490897993
C069,1,b1c28,860.0,845.9088015873017
C069,1,b1c29,917.0,832.6699246031749
C069,1,b1c42,702.0,693.1277846690346
C069,1,b1c43,651.0,717.4193529711027
C069,2,b1c11,788.0,955.0146201298704
C069,2,b1c18,691.0,662.3024603174601
C069,2,b1c19,788.0,691.140563131313
C069,2,b1c30,709.0,723.5299755892256
C069,2,b1c31,876.0,720.5559481721984
C069,2,b1c36,704.0,736.9843680856179
C069,2,b1c37,648.0,736.2610744348242
C069,3,b1c9,1054.0,883.4988959836458
C069,3,b1c14,880.0,870.7225189995188
C069,3,b1c15,719.0,870.7225189995188
C069,3,b1c24,1017.0,873.5381539201536
C069,3,b1c25,854.0,873.5381539201536
C069,3,b1c34,742.0,890.3835018037514
C069,3,b1c35,703.0,884.9713827561324
C070,0,b1c16,862.0,882.0461667637915
C070,0,b1c17,857.0,880.3317284243533
C070,0,b1c26,870.0,824.8191150238653
C070,0,b1c27,842.0,864.5475990999743
C070,0,b1c32,731.0,672.8055446035447
C070,0,b1c33,757.0,672.6355181485183
C070,0,b1c44,616.0,674.7241982831985
C070,0,b1c45,599.0,673.9260496540497
C070,1,b1c20,534.0,702.0570187677242
C070,1,b1c21,559.0,702.807341519047
C070,1,b1c23,1014.0,865.7016634890167
C070,1,b1c28,860.0,836.1504117315144
C070,1,b1c29,917.0,835.1698788662317
C070,1,b1c42,702.0,705.2979919889475
C070,1,b1c43,651.0,703.5279326871381
C070,2,b1c11,788.0,898.283198252183
C070,2,b1c18,691.0,661.9369915163807
C070,2,b1c19,788.0,665.9413462681104
C070,2,b1c30,709.0,699.0204994496239
C070,2,b1c31,876.0,718.3856813603055
C070,2,b1c36,704.0,680.2110059708804
C070,2,b1c37,648.0,679.467369607244
C070,3,b1c9,1054.0,869.3633589697337
C070,3,b1c14,880.0,868.9632450096196
C070,3,b1c15,719.0,868.9632450096196
C070,3,b1c24,1017.0,868.9632450096196
C070,3,b1c25,854.0,868.9632450096196
C070,3,b1c34,742.0,869.3633589697337
C070,3,b1c35,703.0,863.9303889860137
C071,0,b1c16,862.0,919.8868017506057
C071,0,b1c17,857.0,859.0104729493253
C071,0,b1c26,870.0,757.2494765559567
C071,0,b1c27,842.0,767.7158619429167
C071,0,b1c32,731.0,683.4661454061023
C071,0,b1c33,757.0,682.0750508549645
C071,0,b1c44,616.0,611.0115831608741
C071,0,b1c45,599.0,602.4607025430107
C071,1,b1c20,534.0,995.4321398679821
C071,1,b1c21,559.0,788.0591951596393
C071,1,b1c23,1014.0,940.2663860472695
C071,1,b1c28,860.0,799.6163114299856
C071,1,b1c29,917.0,803.8270602817746
C071,1,b1c42,702.0,671.7090404229971
C071,1,b1c43,651.0,762.6727608110732
C071,2,b1c11,788.0,1014.3354108178114
C071,2,b1c18,691.0,664.6581638575751
C071,2,b1c19,788.0,663.3983853399768
C071,2,b1c30,709.0,732.0814264194838
C071,2,b1c31,876.0,751.5991604306136
C071,2,b1c36,704.0,758.2357318844603
C071,2,b1c37,648.0,758.0900708235456
C071,3,b1c9,1054.0,921.4082255520976
C071,3,b1c14,880.0,918.2889196149224
C071,3,b1c15,719.0,903.3170865501262
C071,3,b1c24,1017.0,836.865962018334
C071,3,b1c25,854.0,874.7272368640522
C071,3,b1c34,742.0,808.1380799157836
C071,3,b1c35,703.0,782.0100917105595
C072,0,b1c16,862.0,908.6175817553612
C072,0,b1c17,857.0,854.7461974617735
C072,0,b1c26,870.0,756.8838699477396
C072,0,b1c27,842.0,765.0115329052408
C072,0,b1c32,731.0,689.1761951298138
C072,0,b1c33,757.0,685.2543542080581
C072,0,b1c44,616.0,622.7592435040355
C072,0,b1c45,599.0,616.7991526899165
C072,1,b1c20,534.0,880.1556942745231
C072,1,b1c21,559.0,744.5114792136428
C072,1,b1c23,1014.0,915.843853389061
C072,1,b1c28,860.0,795.1252852474643
C072,1,b1c29,917.0,800.1854225865123
C072,1,b1c42,702.0,689.3307770872827
C072,1,b1c43,651.0,756.0355935814567
C072,2,b1c11,788.0,1009.7069174016568
C072,2,b1c18,691.0,643.1538101020941
C072,2,b1c19,788.0,671.3138433624426
C072,2,b1c30,709.0,733.3513499101585
C072,2,b1c31,876.0,753.6181029392505
C072,2,b1c36,704.0,771.1633828415834
C072,2,b1c37,648.0,765.7937128219434
C072,3,b1c9,1054.0,914.7065439583106
C072,3,b1c14,880.0,910.6042992906036
C072,3,b1c15,719.0,897.1435824958303
C072,3,b1c24,1017.0,834.5927130536493
C072,3,b1c25,854.0,867.9096138194527
C072,3,b1c34,742.0,807.2039346606634
C072,3,b1c35,703.0,784.9671801837417
C073,0,b1c16,862.0,858.0413789235357
C073,0,b1c17,857.0,826.2515417646318
C073,0,b1c26,870.0,758.2531095997376
C073,0,b1c27,842.0,762.1182744317795
C073,0,b1c32,731.0,710.3514387655599
C073,0,b1c33,757.0,704.4328584315344
C073,0,b1c44,616.0,669.8202283112311
C073,0,b1c45,599.0,669.8867335874176
C073,1,b1c20,534.0,664.3610692628865
C073,1,b1c21,559.0,662.7589201591168
C073,1,b1c23,1014.0,847.5138349775079
C073,1,b1c28,860.0,785.0091443678361
C073,1,b1c29,917.0,790.7202611232954
C073,1,b1c42,702.0,742.4221790427014
C073,1,b1c43,651.0,747.6481648855904
C073,2,b1c11,788.0,941.3226404181536
C073,2,b1c18,691.0,694.0895828696906
C073,2,b1c19,788.0,700.6835766133634
C073,2,b1c30,709.0,736.1225263659229
C073,2,b1c31,876.0,753.1928743501037
C073,2,b1c36,704.0,783.3085911453734
C073,2,b1c37,648.0,778.9590009088299
C073,3,b1c9,1054.0,876.0338010722577
C073,3,b1c14,880.0,868.4473065716223
C073,3,b1c15,719.0,860.5791297044279
C073,3,b1c24,1017.0,824.2239186245862
C073,3,b1c25,854.0,841.693447732537
C073,3,b1c34,742.0,798.8743712221319
C073,3,b1c35,703.0,789.5916916213621
C074,0,b1c16,862.0,795.9318118585779
C074,0,b1c17,857.0,785.0746998836312
C074,0,b1c26,870.0,765.4226748000779
C074,0,b1c27,842.0,768.5084950674076
C074,0,b1c32,731.0,746.6616743156509
C074,0,b1c33,757.0,745.9842678743956
C074,0,b1c44,616.0,733.6047790334819
C074,0,b1c45,599.0,735.2722943121578
C074,1,b1c20,534.0,702.6166744724654
C074,1,b1c21,559.0,719.0217890615729
C074,1,b1c23,1014.0,796.6449970102847
C074,1,b1c28,860.0,781.9147333226002
C074,1,b1c29,917.0,783.0512047989276
C074,1,b1c42,702.0,773.7406182704806
C074,1,b1c43,651.0,767.7007744611988
C074,2,b1c11,788.0,827.5064751899389
C074,2,b1c18,691.0,781.4187277958197
C074,2,b1c19,788.0,746.0823900303877
C074,2,b1c30,709.0,754.1280964970041
C074,2,b1c31,876.0,762.6483108883126
C074,2,b1c36,704.0,778.6496019751427
C074,2,b1c37,648.0,780.1926281644279
C074,3,b1c9,1054.0,791.0065473361884
C074,3,b1c14,880.0,787.364398540644
C074,3,b1c15,719.0,785.2243545060122
C074,3,b1c24,1017.0,779.0131012885995
C074,3,b1c25,854.0,783.71422039217
C074,3,b1c34,742.0,766.0499668093375
C074,3,b1c35,703.0,764.0621699521658
C075,0,b1c16,862.0,921.3605031210135
C075,0,b1c17,857.0,859.657174806487
C075,0,b1c26,870.0,757.5283274774773
C075,0,b1c27,842.0,768.6142848032513
C075,0,b1c32,731.0,683.6501246002455
C075,0,b1c33,757.0,682.6059627664222
C075,0,b1c44,616.0,610.0755065318742
C075,0,b1c45,599.0,601.7156766177502
C075,1,b1c20,534.0,988.3103453633695
C075,1,b1c21,559.0,784.5221985367983
C075,1,b1c23,1014.0,939.5741519882956
C075,1,b1c28,860.0,800.2676772873153
C075,1,b1c29,917.0,803.7163707373328
C075,1,b1c42,702.0,672.7043994321492
C075,1,b1c43,651.0,762.4332276876402
C075,2,b1c11,788.0,1011.4733085523756
C075,2,b1c18,691.0,671.24666700292
C075,2,b1c19,788.0,664.0529067624431
C075,2,b1c30,709.0,732.7652598974319
C075,2,b1c31,876.0,749.303225922541
C075,2,b1c36,704.0,754.6231752239432
C075,2,b1c37,648.0,756.2598053654946
C075,3,b1c9,1054.0,921.5043036950088
C075,3,b1c14,880.0,917.5981794948273
C075,3,b1c15,719.0,902.5091696451382
C075,3,b1c24,1017.0,838.6921191189102
C075,3,b1c25,854.0,877.157775106615
C075,3,b1c34,742.0,808.2461902022485
C075,3,b1c35,703.0,781.5264236634919
C076,0,b1c16,862.0,921.4458779429027
C076,0,b1c17,857.0,859.2240571907884
C076,0,b1c26,870.0,758.3068723028186
C076,0,b1c27,842.0,770.6198267874598
C076,0,b1c32,731.0,685.2141304625945
C076,0,b1c33,757.0,684.8499676458224
C076,0,b1c44,616.0,610.3535130127042
C076,0,b1c45,599.0,602.8158551454814
C076,1,b1c20,534.0,927.7340854657541
C076,1,b1c21,559.0,759.1063087977284
C076,1,b1c23,1014.0,929.3775808269654
C076,1,b1c28,860.0,800.6950050076491
C076,1,b1c29,917.0,802.1561197780826
C076,1,b1c42,702.0,681.5153820180798
C076,1,b1c43,651.0,759.3596683193434
C076,2,b1c11,788.0,1005.6534424245892
C076,2,b1c18,691.0,673.388102504513
C076,2,b1c19,788.0,668.7160235967247
C076,2,b1c30,709.0,734.5008405425475
C076,2,b1c31,876.0,747.5426248176958
C076,2,b1c36,704.0,753.3691159750733
C076,2,b1c37,648.0,755.4523120377872
C076,3,b1c9,1054.0,919.8619064929492
C076,3,b1c14,880.0,913.4242842524665
C076,3,b1c15,719.0,898.4532007937904
C076,3,b1c24,1017.0,843.291931127344
C076,3,b1c25,854.0,882.1664721211157
C076,3,b1c34,742.0,808.2832226457873
C076,3,b1c35,703.0,780.9907694691763
C077,0,b1c16,862.0,917.5204558210784
C077,0,b1c17,857.0,855.6998741652216
C077,0,b1c26,870.0,759.8526597459529
C077,0,b1c27,842.0,774.1687346734788
C077,0,b1c32,731.0,688.633824921422
C077,0,b1c33,757.0,689.6375261902751
C077,0,b1c44,616.0,613.0543541943093
C077,0,b1c45,599.0,606.9861565390004
C077,1,b1c20,534.0,801.4734550448818
C077,1,b1c21,559.0,706.7799413731774
C077,1,b1c23,1014.0,902.5524162410032
C077,1,b1c28,860.0,799.9679980474269
C077,1,b1c29,917.0,797.2372413750398
C077,1,b1c42,702.0,701.9176433452391
C077,1,b1c43,651.0,750.5608349956104
C077,2,b1c11,788.0,992.001720839178
C077,2,b1c18,691.0,685.3841187022584
C077,2,b1c19,788.0,677.2215432315513
C077,2,b1c30,709.0,735.8472511957013
C077,2,b1c31,876.0,748.7752736125803
C077,2,b1c36,704.0,753.6296245588187
C077,2,b1c37,648.0,755.3996653611655
C077,3,b1c9,1054.0,914.4368344844739
C077,3,b1c14,880.0,908.7510280770541
C077,3,b1c15,719.0,894.5174258271593
C077,3,b1c24,1017.0,841.9821664765616
C077,3,b1c25,854.0,880.9601075431207
C077,3,b1c34,742.0,805.9617008893925
C077,3,b1c35,703.0,778.0161781419297
C078,0,b1c16,862.0,915.2783404053826
C078,0,b1c17,857.0,849.245899701383
C078,0,b1c26,870.0,767.3900444527069
C078,0,b1c27,842.0,793.832791798163
C078,0,b1c32,731.0,704.0266029800653
C078,0,b1c33,757.0,712.4745030579223
C078,0,b1c44,616.0,617.7146101467815
C078,0,b1c45,599.0,619.3588208501035
C078,1,b1c20,534.0,646.8801292927606
C078,1,b1c21,559.0,642.345823142889
C078,1,b1c23,1014.0,856.2152136501007
C078,1,b1c28,860.0,789.1092229499853
C078,1,b1c29,917.0,787.0000250783006
C078,1,b1c42,702.0,732.4959337439924
C078,1,b1c43,651.0,733.0825666001303
C078,2,b1c11,788.0,970.0447970239865
C078,2,b1c18,691.0,698.1107797876501
C078,2,b1c19,788.0,686.9869821086842
C078,2,b1c30,709.0,741.0455381497445
C078,2,b1c31,876.0,754.1918974074737
C078,2,b1c36,704.0,749.3962863373821
C078,2,b1c37,648.0,751.1686428599048
C078,3,b1c9,1054.0,895.8136753189797
C078,3,b1c14,880.0,890.6346230113601
C078,3,b1c15,719.0,877.6828089070183
C078,3,b1c24,1017.0,837.1841129765604
C078,3,b1c25,854.0,878.1218625693607
C078,3,b1c34,742.0,797.281518918176
C078,3,b1c35,703.0,765.7953694310447
C079,0,b1c16,862.0,871.6590622310346
C079,0,b1c17,857.0,825.9152752891138
C079,0,b1c26,870.0,767.8026682981485
C079,0,b1c27,842.0,786.7601928904293
C079,0,b1c32,731.0,721.6159422269665
C079,0,b1c33,757.0,727.8405078111111
C079,0,b1c44,616.0,656.772170250024
C079,0,b1c45,599.0,658.0312351616616
C079,1,b1c20,534.0,693.458290696906
C079,1,b1c21,559.0,690.4176198478683
C079,1,b1c23,1014.0,826.2023036937387
C079,1,b1c28,860.0,785.1316528570501
C079,1,b1c29,917.0,783.8199662454575
C079,1,b1c42,702.0,749.4521623823971
C079,1,b1c43,651.0,749.827074266812
C079,2,b1c11,788.0,917.6409335641737
C079,2,b1c18,691.0,717.6584176786015
C079,2,b1c19,788.0,708.7961441187234
C079,2,b1c30,709.0,750.6296401576568
C079,2,b1c31,876.0,760.9105209942649
C079,2,b1c36,704.0,751.9669551365521
C079,2,b1c37,648.0,753.3423675337742
C079,3,b1c9,1054.0,849.4759702420132
C079,3,b1c14,880.0,844.9935492772382
C079,3,b1c15,719.0,835.586343099058
C079,3,b1c24,1017.0,809.581422475581
C079,3,b1c25,854.0,838.865673471112
C079,3,b1c34,742.0,781.0599327882537
C079,3,b1c35,703.0,757.7738413317355
C080,0,b1c16,862.0,768.8602537954346
C080,0,b1c17,857.0,768.8602537954346
C080,0,b1c26,870.0,768.8602537954346
C080,0,b1c27,842.0,768.8602537954346
C080,0,b1c32,731.0,768.8602537954346
C080,0,b1c33,757.0,768.8602537954346
C080,0,b1c44,616.0,768.8602537954346
C080,0,b1c45,599.0,768.8602537954346
C080,1,b1c20,534.0,778.5545420115628
C080,1,b1c21,559.0,778.5545420115628
C080,1,b1c23,1014.0,778.5545420115628
C080,1,b1c28,860.0,778.5545420115628
C080,1,b1c29,917.0,778.5545420115628
C080,1,b1c42,702.0,778.5545420115628
C080,1,b1c43,651.0,778.5545420115628
C080,2,b1c11,788.0,774.7299302347925
C080,2,b1c18,691.0,774.7299302347925
C080,2,b1c19,788.0,774.7299302347925
C080,2,b1c30,709.0,774.7299302347925
C080,2,b1c31,876.0,774.7299302347925
C080,2,b1c36,704.0,774.7299302347925
C080,2,b1c37,648.0,774.7299302347925
C080,3,b1c9,1054.0,743.3260385715869
C080,3,b1c14,880.0,743.3260385715869
C080,3,b1c15,719.0,743.3260385715869
C080,3,b1c24,1017.0,743.3260385715869
C080,3,b1c25,854.0,743.3260385715869
C080,3,b1c34,742.0,743.3260385715869
C080,3,b1c35,703.0,743.3260385715869
C081,0,b1c16,862.0,859.3703704268693
C081,0,b1c17,857.0,860.7885330189077
C081,0,b1c26,870.0,815.6523409883897
C081,0,b1c27,842.0,832.5431582370059
C081,0,b1c32,731.0,671.087048396747
C081,0,b1c33,757.0,664.592664438788
C081,0,b1c44,616.0,658.1520207831467
C081,0,b1c45,599.0,689.4248091036338
C081,1,b1c20,534.0,707.4956636517913
C081,1,b1c21,559.0,721.4761288629218
C081,1,b1c23,1014.0,887.2192654189556
C081,1,b1c28,860.0,842.1281574158102
C081,1,b1c29,917.0,829.6418043193107
C081,1,b1c42,702.0,689.498948114755
C081,1,b1c43,651.0,715.4604431432344
C081,2,b1c11,788.0,944.6303439730576
C081,2,b1c18,691.0,661.2741685045672
C081,2,b1c19,788.0,692.4927513817037
C081,2,b1c30,709.0,718.5841503824545
C081,2,b1c31,876.0,711.4398583256032
C081,2,b1c36,704.0,724.6180829068992
C081,2,b1c37,648.0,722.9643924633372
C081,3,b1c9,1054.0,880.7384197979073
C081,3,b1c14,880.0,868.1240219046825
C081,3,b1c15,719.0,868.1240219046825
C081,3,b1c24,1017.0,870.6698686756196
C081,3,b1c25,854.0,870.6698686756196
C081,3,b1c34,742.0,885.8689367936829
C081,3,b1c35,703.0,879.5865490761153
C082,0,b1c16,862.0,874.9272117554298
C082,0,b1c17,857.0,873.101246053413
C082,0,b1c26,870.0,816.4279581738368
C082,0,b1c27,842.0,859.0448808051523
C082,0,b1c32,731.0,667.4653148716293
C082,0,b1c33,757.0,667.2307298051676
C082,0,b1c44,616.0,668.3310161623588
C082,0,b1c45,599.0,668.4211171679754
C082,1,b1c20,534.0,698.3060605820785
C082,1,b1c21,559.0,699.3447774704787
C082,1,b1c23,1014.0,859.9798638770549
C082,1,b1c28,860.0,832.5650850005916
C082,1,b1c29,917.0,830.9518071854651
C082,1,b1c42,702.0,702.2158441999086
C082,1,b1c43,651.0,700.2272677968207
C082,2,b1c11,788.0,892.0192732796154
C082,2,b1c18,691.0,654.9478628027364
C082,2,b1c19,788.0,658.1405649680275
C082,2,b1c30,709.0,692.3477246755458
C082,2,b1c31,876.0,710.9978190253397
C082,2,b1c36,704.0,671.6465456183731
C082,2,b1c37,648.0,670.9939691608756
C082,3,b1c9,1054.0,866.1635707437762
C082,3,b1c14,880.0,865.7069337495205
C082,3,b1c15,719.0,865.7069337495205
C082,3,b1c24,1017.0,865.7069337495205
C082,3,b1c25,854.0,865.7069337495205
C082,3,b1c34,742.0,866.1635707437762
C082,3,b1c35,703.0,859.0396647214008
C083,0,b1c16,862.0,858.4183734949063
C083,0,b1c17,857.0,858.9009332386936
C083,0,b1c26,870.0,817.3238130687106
C083,0,b1c27,842.0,832.4340618177264
C083,0,b1c32,731.0,671.9516182074091
C083,0,b1c33,757.0,665.5808869810119
C083,0,b1c44,616.0,658.485882379733
C083,0,b1c45,599.0,690.0235790121546
C083,1,b1c20,534.0,706.5299067103808
C083,1,b1c21,559.0,721.3561938852721
C083,1,b1c23,1014.0,887.8125832055483
C083,1,b1c28,860.0,842.6244412116624
C083,1,b1c29,917.0,827.4889076027582
C083,1,b1c42,702.0,690.0327411723069
C083,1,b1c43,651.0,716.0875830622665
C083,2,b1c11,788.0,948.2864066365665
C083,2,b1c18,691.0,659.9949375209793
C083,2,b1c19,788.0,693.7931975573501
C083,2,b1c30,709.0,720.7340534464319
C083,2,b1c31,876.0,708.077361171867
C083,2,b1c36,704.0,725.8664805906553
C083,2,b1c37,648.0,724.0745877525304
C083,3,b1c9,1054.0,881.4537932265284
C083,3,b1c14,880.0,867.300791752171
C083,3,b1c15,719.0,867.300791752171
C083,3,b1c24,1017.0,869.8511686006016
C083,3,b1c25,854.0,869.8511686006016
C083,3,b1c34,742.0,887.9241258559321
C083,3,b1c35,703.0,880.7215792333361
C084,0,b1c16,862.0,874.9272117554298
C084,0,b1c17,857.0,873.101246053413
C084,0,b1c26,870.0,816.4279581738368
C084,0,b1c27,842.0,859.0448808051523
C084,0,b1c32,731.0,667.4653148716293
C084,0,b1c33,757.0,667.2307298051676
C084,0,b1c44,616.0,668.3310161623588
C084,0,b1c45,599.0,668.4211171679754
C084,1,b1c20,534.0,698.3060605820785
C084,1,b1c21,559.0,699.3447774704787
C084,1,b1c23,1014.0,859.9798638770549
C084,1,b1c28,860.0,832.5650850005916
C084,1,b1c29,917.0,830.9518071854651
C084,1,b1c42,702.0,702.2158441999086
C084,1,b1c43,651.0,700.2272677968207
C084,2,b1c11,788.0,892.0192732796154
C084,2,b1c18,691.0,654.9478628027364
C084,2,b1c19,788.0,658.1405649680275
C084,2,b1c30,709.0,692.3477246755458
C084,2,b1c31,876.0,710.9978190253397
C084,2,b1c36,704.0,671.6465456183731
C084,2,b1c37,648.0,670.9939691608756
C084,3,b1c9,1054.0,866.1635707437762
C084,3,b1c14,880.0,865.7069337495205
C084,3,b1c15,719.0,865.7069337495205
C084,3,b1c24,1017.0,865.7069337495205
C084,3,b1c25,854.0,865.7069337495205
C084,3,b1c34,742.0,866.1635707437762
C084,3,b1c35,703.0,859.0396647214008
