dataset,policy,n,MAPE_pct,bias_cycles
Test (Batch 2),3.6C(30%)-6C,2,2.654338455628802,11.214048481002607
Test (Batch 2),3.6C(9%)-5C,2,64.75373443863052,255.43052843633188
Test (Batch 2),4.65C(44%)-5C,2,13.753708560381337,68.622876223862
Test (Batch 2),4.65C(69%)-6C,2,16.860835571121754,76.55787147996861
Test (Batch 2),4.8C(80%)-4.8C,5,32.412585155380626,156.31980972410227
Test (Batch 2),4.8C(80%)-4.8C-newstructure,3,16.942600000051875,134.35887053173238
Test (Batch 2),5.2C(50%)-4.25C,5,43.5509405764167,196.5518587251534
Test (Batch 2),5.2C(58%)-4C,4,32.93076484798958,156.49786376540487
Test (Batch 2),5.2C(58%)-4C-newstructure,3,14.969134881584628,55.333372074770296
Test (Batch 2),5.6C(26%)-4.5C,6,17.909231130183365,80.03370923453244
Test (Batch 2),5.6C(26%)-4.5C-newstructure,3,13.89753201276619,72.15542821572801
Test (Batch 2),6C(60%)-3C,2,34.84333302739637,139.3371632439585
Test (Batch 3),3.7C(31%)-5.9C-newstructure,3,6.444927961737801,9.283684063830037
Test (Batch 3),4.8C(80%)-4.8C-newstructure,4,24.7251946920015,-418.15224311523707
Test (Batch 3),5.3C(54%)-4C-newstructure,8,5.954442676152144,-58.45693695437426
Test (Batch 3),5.6C(19%)-4.6C-newstructure,7,10.666486761798543,18.94600503194155
Test (Batch 3),5.6C(36%)-4.3C-newstructure,8,13.595141208187215,27.270942549217295
Test (Batch 3),5.9C(15%)-4.6C-newstructure,2,5.357448631753403,46.181817648961044
Test (Batch 3),5.9C(60%)-3.1C-newstructure,2,9.702996263676406,0.6928696270797445
Test (Batch 3),5C(67%)-4C-newstructure,6,17.848863772151994,-107.34529559529985
Valid (Batch 1 Hold-out),4.4C(80%)-4.4C,1,10.478161018990907,-112.53544934396234
Valid (Batch 1 Hold-out),4.8C(80%)-4.8C,2,15.133954135778552,29.122219925505078
Valid (Batch 1 Hold-out),7C(40%)-3.6C,2,2.00601658548226,11.98896954927119
Valid (Batch 1 Hold-out),8C(15%)-3.6C,2,9.817995591623216,-100.47077920575458
