candidate_id,fold,fit_ids,score_ids,policy_overlap,imputer_fit_rows
C000,0,b1c9;b1c11;b1c14;b1c15;b1c18;b1c19;b1c20;b1c21;b1c23;b1c24;b1c25;b1c28;b1c29;b1c30;b1c31;b1c34;b1c35;b1c36;b1c37;b1c42;b1c43,b1c16;b1c17;b1c26;b1c27;b1c32;b1c33;b1c44;b1c45,0,21
C000,1,b1c9;b1c11;b1c14;b1c15;b1c16;b1c17;b1c18;b1c19;b1c24;b1c25;b1c26;b1c27;b1c30;b1c31;b1c32;b1c33;b1c34;b1c35;b1c36;b1c37;b1c44;b1c45,b1c20;b1c21;b1c23;b1c28;b1c29;b1c42;b1c43,0,22
C000,2,b1c9;b1c14;b1c15;b1c16;b1c17;b1c20;b1c21;b1c23;b1c24;b1c25;b1c26;b1c27;b1c28;b1c29;b1c32;b1c33;b1c34;b1c35;b1c42;b1c43;b1c44;b1c45,b1c11;b1c18;b1c19;b1c30;b1c31;b1c36;b1c37,0,22
C000,3,b1c11;b1c16;b1c17;b1c18;b1c19;b1c20;b1c21;b1c23;b1c26;b1c27;b1c28;b1c29;b1c30;b1c31;b1c32;b1c33;b1c36;b1c37;b1c42;b1c43;b1c44;b1c45,b1c9;b1c14;b1c15;b1c24;b1c25;b1c34;b1c35,0,22
C001,0,b1c9;b1c11;b1c14;b1c15;b1c18;b1c19;b1c20;b1c21;b1c23;b1c24;b1c25;b1c28;b1c29;b1c30;b1c31;b1c34;b1c35;b1c36;b1c37;b1c42;b1c43,b1c16;b1c17;b1c26;b1c27;b1c32;b1c33;b1c44;b1c45,0,21
C001,1,b1c9;b1c11;b1c14;b1c15;b1c16;b1c17;b1c18;b1c19;b1c24;b1c25;b1c26;b1c27;b1c30;b1c31;b1c32;b1c33;b1c34;b1c35;b1c36;b1c37;b1c44;b1c45,b1c20;b1c21;b1c23;b1c28;b1c29;b1c42;b1c43,0,22
C001,2,b1c9;b1c14;b1c15;b1c16;b1c17;b1c20;b1c21;b1c23;b1c24;b1c25;b1c26;b1c27;b1c28;b1c29;b1c32;b1c33;b1c34;b1c35;b1c42;b1c43;b1c44;b1c45,b1c11;b1c18;b1c19;b1c30;b1c31;b1c36;b1c37,0,22
C001,3,b1c11;b1c16;b1c17;b1c18;b1c19;b1c20;b1c21;b1c23;b1c26;b1c27;b1c28;b1c29;b1c30;b1c31;b1c32;b1c33;b1c36;b1c37;b1c42;b1c43;b1c44;b1c45,b1c9;b1c14;b1c15;b1c24;b1c25;b1c34;b1c35,0,22
C002,0,b1c9;b1c11;b1c14;b1c15;b1c18;b1c19;b1c20;b1c21;b1c23;b1c24;b1c25;b1c28;b1c29;b1c30;b1c31;b1c34;b1c35;b1c36;b1c37;b1c42;b1c43,b1c16;b1c17;b1c26;b1c27;b1c32;b1c33;b1c44;b1c45,0,21
C002,1,b1c9;b1c11;b1c14;b1c15;b1c16;b1c17;b1c18;b1c19;b1c24;b1c25;b1c26;b1c27;b1c30;b1c31;b1c32;b1c33;b1c34;b1c35;b1c36;b1c37;b1c44;b1c45,b1c20;b1c21;b1c23;b1c28;b1c29;b1c42;b1c43,0,22
C002,2,b1c9;b1c14;b1c15;b1c16;b1c17;b1c20;b1c21;b1c23;b1c24;b1c25;b1c26;b1c27;b1c28;b1c29;b1c32;b1c33;b1c34;b1c35;b1c42;b1c43;b1c44;b1c45,b1c11;b1c18;b1c19;b1c30;b1c31;b1c36;b1c37,0,22
C002,3,b1c11;b1c16;b1c17;b1c18;b1c19;b1c20;b1c21;b1c23;b1c26;b1c27;b1c28;b1c29;b1c30;b1c31;b1c32;b1c33;b1c36;b1c37;b1c42;b1c43;b1c44;b1c45,b1c9;b1c14;b1c15;b1c24;b1c25;b1c34;b1c35,0,22
C003,0,b1c9;b1c11;b1c14;b1c15;b1c18;b1c19;b1c20;b1c21;b1c23;b1c24;b1c25;b1c28;b1c29;b1c30;b1c31;b1c34;b1c35;b1c36;b1c37;b1c42;b1c43,b1c16;b1c17;b1c26;b1c27;b1c32;b1c33;b1c44;b1c45,0,21
C003,1,b1c9;b1c11;b1c14;b1c15;b1c16;b1c17;b1c18;b1c19;b1c24;b1c25;b1c26;b1c27;b1c30;b1c31;b1c32;b1c33;b1c34;b1c35;b1c36;b1c37;b1c44;b1c45,b1c20;b1c21;b1c23;b1c28;b1c29;b1c42;b1c43,0,22
C003,2,b1c9;b1c14;b1c15;b1c16;b1c17;b1c20;b1c21;b1c23;b1c24;b1c25;b1c26;b1c27;b1c28;b1c29;b1c32;b1c33;b1c34;b1c35;b1c42;b1c43;b1c44;b1c45,b1c11;b1c18;b1c19;b1c30;b1c31;b1c36;b1c37,0,22
C003,3,b1c11;b1c16;b1c17;b1c18;b1c19;b1c20;b1c21;b1c23;b1c26;b1c27;b1c28;b1c29;b1c30;b1c31;b1c32;b1c33;b1c36;b1c37;b1c42;b1c43;b1c44;b1c45,b1c9;b1c14;b1c15;b1c24;b1c25;b1c34;b1c35,0,22
C004,0,b1c9;b1c11;b1c14;b1c15;b1c18;b1c19;b1c20;b1c21;b1c23;b1c24;b1c25;b1c28;b1c29;b1c30;b1c31;b1c34;b1c35;b1c36;b1c37;b1c42;b1c43,b1c16;b1c17;b1c26;b1c27;b1c32;b1c33;b1c44;b1c45,0,21
C004,1,b1c9;b1c11;b1c14;b1c15;b1c16;b1c17;b1c18;b1c19;b1c24;b1c25;b1c26;b1c27;b1c30;b1c31;b1c32;b1c33;b1c34;b1c35;b1c36;b1c37;b1c44;b1c45,b1c20;b1c21;b1c23;b1c28;b1c29;b1c42;b1c43,0,22
C004,2,b1c9;b1c14;b1c15;b1c16;b1c17;b1c20;b1c21;b1c23;b1c24;b1c25;b1c26;b1c27;b1c28;b1c29;b1c32;b1c33;b1c34;b1c35;b1c42;b1c43;b1c44;b1c45,b1c11;b1c18;b1c19;b1c30;b1c31;b1c36;b1c37,0,22
C004,3,b1c11;b1c16;b1c17;b1c18;b1c19;b1c20;b1c21;b1c23;b1c26;b1c27;b1c28;b1c29;b1c30;b1c31;b1c32;b1c33;b1c36;b1c37;b1c42;b1c43;b1c44;b1c45,b1c9;b1c14;b1c15;b1c24;b1c25;b1c34;b1c35,0,22
C005,0,b1c9;b1c11;b1c14;b1c15;b1c18;b1c19;b1c20;b1c21;b1c23;b1c24;b1c25;b1c28;b1c29;b1c30;b1c31;b1c34;b1c35;b1c36;b1c37;b1c42;b1c43,b1c16;b1c17;b1c26;b1c27;b1c32;b1c33;b1c44;b1c45,0,21
C005,1,b1c9;b1c11;b1c14;b1c15;b1c16;b1c17;b1c18;b1c19;b1c24;b1c25;b1c26;b1c27;b1c30;b1c31;b1c32;b1c33;b1c34;b1c35;b1c36;b1c37;b1c44;b1c45,b1c20;b1c21;b1c23;b1c28;b1c29;b1c42;b1c43,0,22
C005,2,b1c9;b1c14;b1c15;b1c16;b1c17;b1c20;b1c21;b1c23;b1c24;b1c25;b1c26;b1c27;b1c28;b1c29;b1c32;b1c33;b1c34;b1c35;b1c42;b1c43;b1c44;b1c45,b1c11;b1c18;b1c19;b1c30;b1c31;b1c36;b1c37,0,22
C005,3,b1c11;b1c16;b1c17;b1c18;b1c19;b1c20;b1c21;b1c23;b1c26;b1c27;b1c28;b1c29;b1c30;b1c31;b1c32;b1c33;b1c36;b1c37;b1c42;b1c43;b1c44;b1c45,b1c9;b1c14;b1c15;b1c24;b1c25;b1c34;b1c35,0,22
C006,0,b1c9;b1c11;b1c14;b1c15;b1c18;b1c19;b1c20;b1c21;b1c23;b1c24;b1c25;b1c28;b1c29;b1c30;b1c31;b1c34;b1c35;b1c36;b1c37;b1c42;b1c43,b1c16;b1c17;b1c26;b1c27;b1c32;b1c33;b1c44;b1c45,0,21
C006,1,b1c9;b1c11;b1c14;b1c15;b1c16;b1c17;b1c18;b1c19;b1c24;b1c25;b1c26;b1c27;b1c30;b1c31;b1c32;b1c33;b1c34;b1c35;b1c36;b1c37;b1c44;b1c45,b1c20;b1c21;b1c23;b1c28;b1c29;b1c42;b1c43,0,22
C006,2,b1c9;b1c14;b1c15;b1c16;b1c17;b1c20;b1c21;b1c23;b1c24;b1c25;b1c26;b1c27;b1c28;b1c29;b1c32;b1c33;b1c34;b1c35;b1c42;b1c43;b1c44;b1c45,b1c11;b1c18;b1c19;b1c30;b1c31;b1c36;b1c37,0,22
C006,3,b1c11;b1c16;b1c17;b1c18;b1c19;b1c20;b1c21;b1c23;b1c26;b1c27;b1c28;b1c29;b1c30;b1c31;b1c32;b1c33;b1c36;b1c37;b1c42;b1c43;b1c44;b1c45,b1c9;b1c14;b1c15;b1c24;b1c25;b1c34;b1c35,0,22
C007,0,b1c9;b1c11;b1c14;b1c15;b1c18;b1c19;b1c20;b1c21;b1c23;b1c24;b1c25;b1c28;b1c29;b1c30;b1c31;b1c34;b1c35;b1c36;b1c37;b1c42;b1c43,b1c16;b1c17;b1c26;b1c27;b1c32;b1c33;b1c44;b1c45,0,21
C007,1,b1c9;b1c11;b1c14;b1c15;b1c16;b1c17;b1c18;b1c19;b1c24;b1c25;b1c26;b1c27;b1c30;b1c31;b1c32;b1c33;b1c34;b1c35;b1c36;b1c37;b1c44;b1c45,b1c20;b1c21;b1c23;b1c28;b1c29;b1c42;b1c43,0,22
C007,2,b1c9;b1c14;b1c15;b1c16;b1c17;b1c20;b1c21;b1c23;b1c24;b1c25;b1c26;b1c27;b1c28;b1c29;b1c32;b1c33;b1c34;b1c35;b1c42;b1c43;b1c44;b1c45,b1c11;b1c18;b1c19;b1c30;b1c31;b1c36;b1c37,0,22
C007,3,b1c11;b1c16;b1c17;b1c18;b1c19;b1c20;b1c21;b1c23;b1c26;b1c27;b1c28;b1c29;b1c30;b1c31;b1c32;b1c33;b1c36;b1c37;b1c42;b1c43;b1c44;b1c45,b1c9;b1c14;b1c15;b1c24;b1c25;b1c34;b1c35,0,22
C008,0,b1c9;b1c11;b1c14;b1c15;b1c18;b1c19;b1c20;b1c21;b1c23;b1c24;b1c25;b1c28;b1c29;b1c30;b1c31;b1c34;b1c35;b1c36;b1c37;b1c42;b1c43,b1c16;b1c17;b1c26;b1c27;b1c32;b1c33;b1c44;b1c45,0,21
C008,1,b1c9;b1c11;b1c14;b1c15;b1c16;b1c17;b1c18;b1c19;b1c24;b1c25;b1c26;b1c27;b1c30;b1c31;b1c32;b1c33;b1c34;b1c35;b1c36;b1c37;b1c44;b1c45,b1c20;b1c21;b1c23;b1c28;b1c29;b1c42;b1c43,0,22
C008,2,b1c9;b1c14;b1c15;b1c16;b1c17;b1c20;b1c21;b1c23;b1c24;b1c25;b1c26;b1c27;b1c28;b1c29;b1c32;b1c33;b1c34;b1c35;b1c42;b1c43;b1c44;b1c45,b1c11;b1c18;b1c19;b1c30;b1c31;b1c36;b1c37,0,22
C008,3,b1c11;b1c16;b1c17;b1c18;b1c19;b1c20;b1c21;b1c23;b1c26;b1c27;b1c28;b1c29;b1c30;b1c31;b1c32;b1c33;b1c36;b1c37;b1c42;b1c43;b1c44;b1c45,b1c9;b1c14;b1c15;b1c24;b1c25;b1c34;b1c35,0,22
C009,0,b1c9;b1c11;b1c14;b1c15;b1c18;b1c19;b1c20;b1c21;b1c23;b1c24;b1c25;b1c28;b1c29;b1c30;b1c31;b1c34;b1c35;b1c36;b1c37;b1c42;b1c43,b1c16;b1c17;b1c26;b1c27;b1c32;b1c33;b1c44;b1c45,0,21
C009,1,b1c9;b1c11;b1c14;b1c15;b1c16;b1c17;b1c18;b1c19;b1c24;b1c25;b1c26;b1c27;b1c30;b1c31;b1c32;b1c33;b1c34;b1c35;b1c36;b1c37;b1c44;b1c45,b1c20;b1c21;b1c23;b1c28;b1c29;b1c42;b1c43,0,22
C009,2,b1c9;b1c14;b1c15;b1c16;b1c17;b1c20;b1c21;b1c23;b1c24;b1c25;b1c26;b1c27;b1c28;b1c29;b1c32;b1c33;b1c34;b1c35;b1c42;b1c43;b1c44;b1c45,b1c11;b1c18;b1c19;b1c30;b1c31;b1c36;b1c37,0,22
C009,3,b1c11;b1c16;b1c17;b1c18;b1c19;b1c20;b1c21;b1c23;b1c26;b1c27;b1c28;b1c29;b1c30;b1c31;b1c32;b1c33;b1c36;b1c37;b1c42;b1c43;b1c44;b1c45,b1c9;b1c14;b1c15;b1c24;b1c25;b1c34;b1c35,0,22
C010,0,b1c9;b1c11;b1c14;b1c15;b1c18;b1c19;b1c20;b1c21;b1c23;b1c24;b1c25;b1c28;b1c29;b1c30;b1c31;b1c34;b1c35;b1c36;b1c37;b1c42;b1c43,b1c16;b1c17;b1c26;b1c27;b1c32;b1c33;b1c44;b1c45,0,21
C010,1,b1c9;b1c11;b1c14;b1c15;b1c16;b1c17;b1c18;b1c19;b1c24;b1c25;b1c26;b1c27;b1c30;b1c31;b1c32;b1c33;b1c34;b1c35;b1c36;b1c37;b1c44;b1c45,b1c20;b1c21;b1c23;b1c28;b1c29;b1c42;b1c43,0,22
C010,2,b1c9;b1c14;b1c15;b1c16;b1c17;b1c20;b1c21;b1c23;b1c24;b1c25;b1c26;b1c27;b1c28;b1c29;b1c32;b1c33;b1c34;b1c35;b1c42;b1c43;b1c44;b1c45,b1c11;b1c18;b1c19;b1c30;b1c31;b1c36;b1c37,0,22
C010,3,b1c11;b1c16;b1c17;b1c18;b1c19;b1c20;b1c21;b1c23;b1c26;b1c27;b1c28;b1c29;b1c30;b1c31;b1c32;b1c33;b1c36;b1c37;b1c42;b1c43;b1c44;b1c45,b1c9;b1c14;b1c15;b1c24;b1c25;b1c34;b1c35,0,22
C011,0,b1c9;b1c11;b1c14;b1c15;b1c18;b1c19;b1c20;b1c21;b1c23;b1c24;b1c25;b1c28;b1c29;b1c30;b1c31;b1c34;b1c35;b1c36;b1c37;b1c42;b1c43,b1c16;b1c17;b1c26;b1c27;b1c32;b1c33;b1c44;b1c45,0,21
C011,1,b1c9;b1c11;b1c14;b1c15;b1c16;b1c17;b1c18;b1c19;b1c24;b1c25;b1c26;b1c27;b1c30;b1c31;b1c32;b1c33;b1c34;b1c35;b1c36;b1c37;b1c44;b1c45,b1c20;b1c21;b1c23;b1c28;b1c29;b1c42;b1c43,0,22
C011,2,b1c9;b1c14;b1c15;b1c16;b1c17;b1c20;b1c21;b1c23;b1c24;b1c25;b1c26;b1c27;b1c28;b1c29;b1c32;b1c33;b1c34;b1c35;b1c42;b1c43;b1c44;b1c45,b1c11;b1c18;b1c19;b1c30;b1c31;b1c36;b1c37,0,22
C011,3,b1c11;b1c16;b1c17;b1c18;b1c19;b1c20;b1c21;b1c23;b1c26;b1c27;b1c28;b1c29;b1c30;b1c31;b1c32;b1c33;b1c36;b1c37;b1c42;b1c43;b1c44;b1c45,b1c9;b1c14;b1c15;b1c24;b1c25;b1c34;b1c35,0,22
C012,0,b1c9;b1c11;b1c14;b1c15;b1c18;b1c19;b1c20;b1c21;b1c23;b1c24;b1c25;b1c28;b1c29;b1c30;b1c31;b1c34;b1c35;b1c36;b1c37;b1c42;b1c43,b1c16;b1c17;b1c26;b1c27;b1c32;b1c33;b1c44;b1c45,0,21
C012,1,b1c9;b1c11;b1c14;b1c15;b1c16;b1c17;b1c18;b1c19;b1c24;b1c25;b1c26;b1c27;b1c30;b1c31;b1c32;b1c33;b1c34;b1c35;b1c36;b1c37;b1c44;b1c45,b1c20;b1c21;b1c23;b1c28;b1c29;b1c42;b1c43,0,22
C012,2,b1c9;b1c14;b1c15;b1c16;b1c17;b1c20;b1c21;b1c23;b1c24;b1c25;b1c26;b1c27;b1c28;b1c29;b1c32;b1c33;b1c34;b1c35;b1c42;b1c43;b1c44;b1c45,b1c11;b1c18;b1c19;b1c30;b1c31;b1c36;b1c37,0,22
C012,3,b1c11;b1c16;b1c17;b1c18;b1c19;b1c20;b1c21;b1c23;b1c26;b1c27;b1c28;b1c29;b1c30;b1c31;b1c32;b1c33;b1c36;b1c37;b1c42;b1c43;b1c44;b1c45,b1c9;b1c14;b1c15;b1c24;b1c25;b1c34;b1c35,0,22
C013,0,b1c9;b1c11;b1c14;b1c15;b1c18;b1c19;b1c20;b1c21;b1c23;b1c24;b1c25;b1c28;b1c29;b1c30;b1c31;b1c34;b1c35;b1c36;b1c37;b1c42;b1c43,b1c16;b1c17;b1c26;b1c27;b1c32;b1c33;b1c44;b1c45,0,21
C013,1,b1c9;b1c11;b1c14;b1c15;b1c16;b1c17;b1c18;b1c19;b1c24;b1c25;b1c26;b1c27;b1c30;b1c31;b1c32;b1c33;b1c34;b1c35;b1c36;b1c37;b1c44;b1c45,b1c20;b1c21;b1c23;b1c28;b1c29;b1c42;b1c43,0,22
C013,2,b1c9;b1c14;b1c15;b1c16;b1c17;b1c20;b1c21;b1c23;b1c24;b1c25;b1c26;b1c27;b1c28;b1c29;b1c32;b1c33;b1c34;b1c35;b1c42;b1c43;b1c44;b1c45,b1c11;b1c18;b1c19;b1c30;b1c31;b1c36;b1c37,0,22
C013,3,b1c11;b1c16;b1c17;b1c18;b1c19;b1c20;b1c21;b1c23;b1c26;b1c27;b1c28;b1c29;b1c30;b1c31;b1c32;b1c33;b1c36;b1c37;b1c42;b1c43;b1c44;b1c45,b1c9;b1c14;b1c15;b1c24;b1c25;b1c34;b1c35,0,22
C014,0,b1c9;b1c11;b1c14;b1c15;b1c18;b1c19;b1c20;b1c21;b1c23;b1c24;b1c25;b1c28;b1c29;b1c30;b1c31;b1c34;b1c35;b1c36;b1c37;b1c42;b1c43,b1c16;b1c17;b1c26;b1c27;b1c32;b1c33;b1c44;b1c45,0,21
C014,1,b1c9;b1c11;b1c14;b1c15;b1c16;b1c17;b1c18;b1c19;b1c24;b1c25;b1c26;b1c27;b1c30;b1c31;b1c32;b1c33;b1c34;b1c35;b1c36;b1c37;b1c44;b1c45,b1c20;b1c21;b1c23;b1c28;b1c29;b1c42;b1c43,0,22
C014,2,b1c9;b1c14;b1c15;b1c16;b1c17;b1c20;b1c21;b1c23;b1c24;b1c25;b1c26;b1c27;b1c28;b1c29;b1c32;b1c33;b1c34;b1c35;b1c42;b1c43;b1c44;b1c45,b1c11;b1c18;b1c19;b1c30;b1c31;b1c36;b1c37,0,22
C014,3,b1c11;b1c16;b1c17;b1c18;b1c19;b1c20;b1c21;b1c23;b1c26;b1c27;b1c28;b1c29;b1c30;b1c31;b1c32;b1c33;b1c36;b1c37;b1c42;b1c43;b1c44;b1c45,b1c9;b1c14;b1c15;b1c24;b1c25;b1c34;b1c35,0,22
C015,0,b1c9;b1c11;b1c14;b1c15;b1c18;b1c19;b1c20;b1c21;b1c23;b1c24;b1c25;b1c28;b1c29;b1c30;b1c31;b1c34;b1c35;b1c36;b1c37;b1c42;b1c43,b1c16;b1c17;b1c26;b1c27;b1c32;b1c33;b1c44;b1c45,0,21
C015,1,b1c9;b1c11;b1c14;b1c15;b1c16;b1c17;b1c18;b1c19;b1c24;b1c25;b1c26;b1c27;b1c30;b1c31;b1c32;b1c33;b1c34;b1c35;b1c36;b1c37;b1c44;b1c45,b1c20;b1c21;b1c23;b1c28;b1c29;b1c42;b1c43,0,22
C015,2,b1c9;b1c14;b1c15;b1c16;b1c17;b1c20;b1c21;b1c23;b1c24;b1c25;b1c26;b1c27;b1c28;b1c29;b1c32;b1c33;b1c34;b1c35;b1c42;b1c43;b1c44;b1c45,b1c11;b1c18;b1c19;b1c30;b1c31;b1c36;b1c37,0,22
C015,3,b1c11;b1c16;b1c17;b1c18;b1c19;b1c20;b1c21;b1c23;b1c26;b1c27;b1c28;b1c29;b1c30;b1c31;b1c32;b1c33;b1c36;b1c37;b1c42;b1c43;b1c44;b1c45,b1c9;b1c14;b1c15;b1c24;b1c25;b1c34;b1c35,0,22
C016,0,b1c9;b1c11;b1c14;b1c15;b1c18;b1c19;b1c20;b1c21;b1c23;b1c24;b1c25;b1c28;b1c29;b1c30;b1c31;b1c34;b1c35;b1c36;b1c37;b1c42;b1c43,b1c16;b1c17;b1c26;b1c27;b1c32;b1c33;b1c44;b1c45,0,21
C016,1,b1c9;b1c11;b1c14;b1c15;b1c16;b1c17;b1c18;b1c19;b1c24;b1c25;b1c26;b1c27;b1c30;b1c31;b1c32;b1c33;b1c34;b1c35;b1c36;b1c37;b1c44;b1c45,b1c20;b1c21;b1c23;b1c28;b1c29;b1c42;b1c43,0,22
C016,2,b1c9;b1c14;b1c15;b1c16;b1c17;b1c20;b1c21;b1c23;b1c24;b1c25;b1c26;b1c27;b1c28;b1c29;b1c32;b1c33;b1c34;b1c35;b1c42;b1c43;b1c44;b1c45,b1c11;b1c18;b1c19;b1c30;b1c31;b1c36;b1c37,0,22
C016,3,b1c11;b1c16;b1c17;b1c18;b1c19;b1c20;b1c21;b1c23;b1c26;b1c27;b1c28;b1c29;b1c30;b1c31;b1c32;b1c33;b1c36;b1c37;b1c42;b1c43;b1c44;b1c45,b1c9;b1c14;b1c15;b1c24;b1c25;b1c34;b1c35,0,22
C017,0,b1c9;b1c11;b1c14;b1c15;b1c18;b1c19;b1c20;b1c21;b1c23;b1c24;b1c25;b1c28;b1c29;b1c30;b1c31;b1c34;b1c35;b1c36;b1c37;b1c42;b1c43,b1c16;b1c17;b1c26;b1c27;b1c32;b1c33;b1c44;b1c45,0,21
C017,1,b1c9;b1c11;b1c14;b1c15;b1c16;b1c17;b1c18;b1c19;b1c24;b1c25;b1c26;b1c27;b1c30;b1c31;b1c32;b1c33;b1c34;b1c35;b1c36;b1c37;b1c44;b1c45,b1c20;b1c21;b1c23;b1c28;b1c29;b1c42;b1c43,0,22
C017,2,b1c9;b1c14;b1c15;b1c16;b1c17;b1c20;b1c21;b1c23;b1c24;b1c25;b1c26;b1c27;b1c28;b1c29;b1c32;b1c33;b1c34;b1c35;b1c42;b1c43;b1c44;b1c45,b1c11;b1c18;b1c19;b1c30;b1c31;b1c36;b1c37,0,22
C017,3,b1c11;b1c16;b1c17;b1c18;b1c19;b1c20;b1c21;b1c23;b1c26;b1c27;b1c28;b1c29;b1c30;b1c31;b1c32;b1c33;b1c36;b1c37;b1c42;b1c43;b1c44;b1c45,b1c9;b1c14;b1c15;b1c24;b1c25;b1c34;b1c35,0,22
C018,0,b1c9;b1c11;b1c14;b1c15;b1c18;b1c19;b1c20;b1c21;b1c23;b1c24;b1c25;b1c28;b1c29;b1c30;b1c31;b1c34;b1c35;b1c36;b1c37;b1c42;b1c43,b1c16;b1c17;b1c26;b1c27;b1c32;b1c33;b1c44;b1c45,0,21
C018,1,b1c9;b1c11;b1c14;b1c15;b1c16;b1c17;b1c18;b1c19;b1c24;b1c25;b1c26;b1c27;b1c30;b1c31;b1c32;b1c33;b1c34;b1c35;b1c36;b1c37;b1c44;b1c45,b1c20;b1c21;b1c23;b1c28;b1c29;b1c42;b1c43,0,22
C018,2,b1c9;b1c14;b1c15;b1c16;b1c17;b1c20;b1c21;b1c23;b1c24;b1c25;b1c26;b1c27;b1c28;b1c29;b1c32;b1c33;b1c34;b1c35;b1c42;b1c43;b1c44;b1c45,b1c11;b1c18;b1c19;b1c30;b1c31;b1c36;b1c37,0,22
C018,3,b1c11;b1c16;b1c17;b1c18;b1c19;b1c20;b1c21;b1c23;b1c26;b1c27;b1c28;b1c29;b1c30;b1c31;b1c32;b1c33;b1c36;b1c37;b1c42;b1c43;b1c44;b1c45,b1c9;b1c14;b1c15;b1c24;b1c25;b1c34;b1c35,0,22
C019,0,b1c9;b1c11;b1c14;b1c15;b1c18;b1c19;b1c20;b1c21;b1c23;b1c24;b1c25;b1c28;b1c29;b1c30;b1c31;b1c34;b1c35;b1c36;b1c37;b1c42;b1c43,b1c16;b1c17;b1c26;b1c27;b1c32;b1c33;b1c44;b1c45,0,21
C019,1,b1c9;b1c11;b1c14;b1c15;b1c16;b1c17;b1c18;b1c19;b1c24;b1c25;b1c26;b1c27;b1c30;b1c31;b1c32;b1c33;b1c34;b1c35;b1c36;b1c37;b1c44;b1c45,b1c20;b1c21;b1c23;b1c28;b1c29;b1c42;b1c43,0,22
C019,2,b1c9;b1c14;b1c15;b1c16;b1c17;b1c20;b1c21;b1c23;b1c24;b1c25;b1c26;b1c27;b1c28;b1c29;b1c32;b1c33;b1c34;b1c35;b1c42;b1c43;b1c44;b1c45,b1c11;b1c18;b1c19;b1c30;b1c31;b1c36;b1c37,0,22
C019,3,b1c11;b1c16;b1c17;b1c18;b1c19;b1c20;b1c21;b1c23;b1c26;b1c27;b1c28;b1c29;b1c30;b1c31;b1c32;b1c33;b1c36;b1c37;b1c42;b1c43;b1c44;b1c45,b1c9;b1c14;b1c15;b1c24;b1c25;b1c34;b1c35,0,22
C020,0,b1c9;b1c11;b1c14;b1c15;b1c18;b1c19;b1c20;b1c21;b1c23;b1c24;b1c25;b1c28;b1c29;b1c30;b1c31;b1c34;b1c35;b1c36;b1c37;b1c42;b1c43,b1c16;b1c17;b1c26;b1c27;b1c32;b1c33;b1c44;b1c45,0,21
C020,1,b1c9;b1c11;b1c14;b1c15;b1c16;b1c17;b1c18;b1c19;b1c24;b1c25;b1c26;b1c27;b1c30;b1c31;b1c32;b1c33;b1c34;b1c35;b1c36;b1c37;b1c44;b1c45,b1c20;b1c21;b1c23;b1c28;b1c29;b1c42;b1c43,0,22
C020,2,b1c9;b1c14;b1c15;b1c16;b1c17;b1c20;b1c21;b1c23;b1c24;b1c25;b1c26;b1c27;b1c28;b1c29;b1c32;b1c33;b1c34;b1c35;b1c42;b1c43;b1c44;b1c45,b1c11;b1c18;b1c19;b1c30;b1c31;b1c36;b1c37,0,22
C020,3,b1c11;b1c16;b1c17;b1c18;b1c19;b1c20;b1c21;b1c23;b1c26;b1c27;b1c28;b1c29;b1c30;b1c31;b1c32;b1c33;b1c36;b1c37;b1c42;b1c43;b1c44;b1c45,b1c9;b1c14;b1c15;b1c24;b1c25;b1c34;b1c35,0,22
C021,0,b1c9;b1c11;b1c14;b1c15;b1c18;b1c19;b1c20;b1c21;b1c23;b1c24;b1c25;b1c28;b1c29;b1c30;b1c31;b1c34;b1c35;b1c36;b1c37;b1c42;b1c43,b1c16;b1c17;b1c26;b1c27;b1c32;b1c33;b1c44;b1c45,0,21
C021,1,b1c9;b1c11;b1c14;b1c15;b1c16;b1c17;b1c18;b1c19;b1c24;b1c25;b1c26;b1c27;b1c30;b1c31;b1c32;b1c33;b1c34;b1c35;b1c36;b1c37;b1c44;b1c45,b1c20;b1c21;b1c23;b1c28;b1c29;b1c42;b1c43,0,22
C021,2,b1c9;b1c14;b1c15;b1c16;b1c17;b1c20;b1c21;b1c23;b1c24;b1c25;b1c26;b1c27;b1c28;b1c29;b1c32;b1c33;b1c34;b1c35;b1c42;b1c43;b1c44;b1c45,b1c11;b1c18;b1c19;b1c30;b1c31;b1c36;b1c37,0,22
C021,3,b1c11;b1c16;b1c17;b1c18;b1c19;b1c20;b1c21;b1c23;b1c26;b1c27;b1c28;b1c29;b1c30;b1c31;b1c32;b1c33;b1c36;b1c37;b1c42;b1c43;b1c44;b1c45,b1c9;b1c14;b1c15;b1c24;b1c25;b1c34;b1c35,0,22
C022,0,b1c9;b1c11;b1c14;b1c15;b1c18;b1c19;b1c20;b1c21;b1c23;b1c24;b1c25;b1c28;b1c29;b1c30;b1c31;b1c34;b1c35;b1c36;b1c37;b1c42;b1c43,b1c16;b1c17;b1c26;b1c27;b1c32;b1c33;b1c44;b1c45,0,21
C022,1,b1c9;b1c11;b1c14;b1c15;b1c16;b1c17;b1c18;b1c19;b1c24;b1c25;b1c26;b1c27;b1c30;b1c31;b1c32;b1c33;b1c34;b1c35;b1c36;b1c37;b1c44;b1c45,b1c20;b1c21;b1c23;b1c28;b1c29;b1c42;b1c43,0,22
C022,2,b1c9;b1c14;b1c15;b1c16;b1c17;b1c20;b1c21;b1c23;b1c24;b1c25;b1c26;b1c27;b1c28;b1c29;b1c32;b1c33;b1c34;b1c35;b1c42;b1c43;b1c44;b1c45,b1c11;b1c18;b1c19;b1c30;b1c31;b1c36;b1c37,0,22
C022,3,b1c11;b1c16;b1c17;b1c18;b1c19;b1c20;b1c21;b1c23;b1c26;b1c27;b1c28;b1c29;b1c30;b1c31;b1c32;b1c33;b1c36;b1c37;b1c42;b1c43;b1c44;b1c45,b1c9;b1c14;b1c15;b1c24;b1c25;b1c34;b1c35,0,22
C023,0,b1c9;b1c11;b1c14;b1c15;b1c18;b1c19;b1c20;b1c21;b1c23;b1c24;b1c25;b1c28;b1c29;b1c30;b1c31;b1c34;b1c35;b1c36;b1c37;b1c42;b1c43,b1c16;b1c17;b1c26;b1c27;b1c32;b1c33;b1c44;b1c45,0,21
C023,1,b1c9;b1c11;b1c14;b1c15;b1c16;b1c17;b1c18;b1c19;b1c24;b1c25;b1c26;b1c27;b1c30;b1c31;b1c32;b1c33;b1c34;b1c35;b1c36;b1c37;b1c44;b1c45,b1c20;b1c21;b1c23;b1c28;b1c29;b1c42;b1c43,0,22
C023,2,b1c9;b1c14;b1c15;b1c16;b1c17;b1c20;b1c21;b1c23;b1c24;b1c25;b1c26;b1c27;b1c28;b1c29;b1c32;b1c33;b1c34;b1c35;b1c42;b1c43;b1c44;b1c45,b1c11;b1c18;b1c19;b1c30;b1c31;b1c36;b1c37,0,22
C023,3,b1c11;b1c16;b1c17;b1c18;b1c19;b1c20;b1c21;b1c23;b1c26;b1c27;b1c28;b1c29;b1c30;b1c31;b1c32;b1c33;b1c36;b1c37;b1c42;b1c43;b1c44;b1c45,b1c9;b1c14;b1c15;b1c24;b1c25;b1c34;b1c35,0,22
C024,0,b1c9;b1c11;b1c14;b1c15;b1c18;b1c19;b1c20;b1c21;b1c23;b1c24;b1c25;b1c28;b1c29;b1c30;b1c31;b1c34;b1c35;b1c36;b1c37;b1c42;b1c43,b1c16;b1c17;b1c26;b1c27;b1c32;b1c33;b1c44;b1c45,0,21
C024,1,b1c9;b1c11;b1c14;b1c15;b1c16;b1c17;b1c18;b1c19;b1c24;b1c25;b1c26;b1c27;b1c30;b1c31;b1c32;b1c33;b1c34;b1c35;b1c36;b1c37;b1c44;b1c45,b1c20;b1c21;b1c23;b1c28;b1c29;b1c42;b1c43,0,22
C024,2,b1c9;b1c14;b1c15;b1c16;b1c17;b1c20;b1c21;b1c23;b1c24;b1c25;b1c26;b1c27;b1c28;b1c29;b1c32;b1c33;b1c34;b1c35;b1c42;b1c43;b1c44;b1c45,b1c11;b1c18;b1c19;b1c30;b1c31;b1c36;b1c37,0,22
C024,3,b1c11;b1c16;b1c17;b1c18;b1c19;b1c20;b1c21;b1c23;b1c26;b1c27;b1c28;b1c29;b1c30;b1c31;b1c32;b1c33;b1c36;b1c37;b1c42;b1c43;b1c44;b1c45,b1c9;b1c14;b1c15;b1c24;b1c25;b1c34;b1c35,0,22
C025,0,b1c9;b1c11;b1c14;b1c15;b1c18;b1c19;b1c20;b1c21;b1c23;b1c24;b1c25;b1c28;b1c29;b1c30;b1c31;b1c34;b1c35;b1c36;b1c37;b1c42;b1c43,b1c16;b1c17;b1c26;b1c27;b1c32;b1c33;b1c44;b1c45,0,21
C025,1,b1c9;b1c11;b1c14;b1c15;b1c16;b1c17;b1c18;b1c19;b1c24;b1c25;b1c26;b1c27;b1c30;b1c31;b1c32;b1c33;b1c34;b1c35;b1c36;b1c37;b1c44;b1c45,b1c20;b1c21;b1c23;b1c28;b1c29;b1c42;b1c43,0,22
C025,2,b1c9;b1c14;b1c15;b1c16;b1c17;b1c20;b1c21;b1c23;b1c24;b1c25;b1c26;b1c27;b1c28;b1c29;b1c32;b1c33;b1c34;b1c35;b1c42;b1c43;b1c44;b1c45,b1c11;b1c18;b1c19;b1c30;b1c31;b1c36;b1c37,0,22
C025,3,b1c11;b1c16;b1c17;b1c18;b1c19;b1c20;b1c21;b1c23;b1c26;b1c27;b1c28;b1c29;b1c30;b1c31;b1c32;b1c33;b1c36;b1c37;b1c42;b1c43;b1c44;b1c45,b1c9;b1c14;b1c15;b1c24;b1c25;b1c34;b1c35,0,22
C026,0,b1c9;b1c11;b1c14;b1c15;b1c18;b1c19;b1c20;b1c21;b1c23;b1c24;b1c25;b1c28;b1c29;b1c30;b1c31;b1c34;b1c35;b1c36;b1c37;b1c42;b1c43,b1c16;b1c17;b1c26;b1c27;b1c32;b1c33;b1c44;b1c45,0,21
C026,1,b1c9;b1c11;b1c14;b1c15;b1c16;b1c17;b1c18;b1c19;b1c24;b1c25;b1c26;b1c27;b1c30;b1c31;b1c32;b1c33;b1c34;b1c35;b1c36;b1c37;b1c44;b1c45,b1c20;b1c21;b1c23;b1c28;b1c29;b1c42;b1c43,0,22
C026,2,b1c9;b1c14;b1c15;b1c16;b1c17;b1c20;b1c21;b1c23;b1c24;b1c25;b1c26;b1c27;b1c28;b1c29;b1c32;b1c33;b1c34;b1c35;b1c42;b1c43;b1c44;b1c45,b1c11;b1c18;b1c19;b1c30;b1c31;b1c36;b1c37,0,22
C026,3,b1c11;b1c16;b1c17;b1c18;b1c19;b1c20;b1c21;b1c23;b1c26;b1c27;b1c28;b1c29;b1c30;b1c31;b1c32;b1c33;b1c36;b1c37;b1c42;b1c43;b1c44;b1c45,b1c9;b1c14;b1c15;b1c24;b1c25;b1c34;b1c35,0,22
C027,0,b1c9;b1c11;b1c14;b1c15;b1c18;b1c19;b1c20;b1c21;b1c23;b1c24;b1c25;b1c28;b1c29;b1c30;b1c31;b1c34;b1c35;b1c36;b1c37;b1c42;b1c43,b1c16;b1c17;b1c26;b1c27;b1c32;b1c33;b1c44;b1c45,0,21
C027,1,b1c9;b1c11;b1c14;b1c15;b1c16;b1c17;b1c18;b1c19;b1c24;b1c25;b1c26;b1c27;b1c30;b1c31;b1c32;b1c33;b1c34;b1c35;b1c36;b1c37;b1c44;b1c45,b1c20;b1c21;b1c23;b1c28;b1c29;b1c42;b1c43,0,22
C027,2,b1c9;b1c14;b1c15;b1c16;b1c17;b1c20;b1c21;b1c23;b1c24;b1c25;b1c26;b1c27;b1c28;b1c29;b1c32;b1c33;b1c34;b1c35;b1c42;b1c43;b1c44;b1c45,b1c11;b1c18;b1c19;b1c30;b1c31;b1c36;b1c37,0,22
C027,3,b1c11;b1c16;b1c17;b1c18;b1c19;b1c20;b1c21;b1c23;b1c26;b1c27;b1c28;b1c29;b1c30;b1c31;b1c32;b1c33;b1c36;b1c37;b1c42;b1c43;b1c44;b1c45,b1c9;b1c14;b1c15;b1c24;b1c25;b1c34;b1c35,0,22
C028,0,b1c9;b1c11;b1c14;b1c15;b1c18;b1c19;b1c20;b1c21;b1c23;b1c24;b1c25;b1c28;b1c29;b1c30;b1c31;b1c34;b1c35;b1c36;b1c37;b1c42;b1c43,b1c16;b1c17;b1c26;b1c27;b1c32;b1c33;b1c44;b1c45,0,21
C028,1,b1c9;b1c11;b1c14;b1c15;b1c16;b1c17;b1c18;b1c19;b1c24;b1c25;b1c26;b1c27;b1c30;b1c31;b1c32;b1c33;b1c34;b1c35;b1c36;b1c37;b1c44;b1c45,b1c20;b1c21;b1c23;b1c28;b1c29;b1c42;b1c43,0,22
C028,2,b1c9;b1c14;b1c15;b1c16;b1c17;b1c20;b1c21;b1c23;b1c24;b1c25;b1c26;b1c27;b1c28;b1c29;b1c32;b1c33;b1c34;b1c35;b1c42;b1c43;b1c44;b1c45,b1c11;b1c18;b1c19;b1c30;b1c31;b1c36;b1c37,0,22
C028,3,b1c11;b1c16;b1c17;b1c18;b1c19;b1c20;b1c21;b1c23;b1c26;b1c27;b1c28;b1c29;b1c30;b1c31;b1c32;b1c33;b1c36;b1c37;b1c42;b1c43;b1c44;b1c45,b1c9;b1c14;b1c15;b1c24;b1c25;b1c34;b1c35,0,22
C029,0,b1c9;b1c11;b1c14;b1c15;b1c18;b1c19;b1c20;b1c21;b1c23;b1c24;b1c25;b1c28;b1c29;b1c30;b1c31;b1c34;b1c35;b1c36;b1c37;b1c42;b1c43,b1c16;b1c17;b1c26;b1c27;b1c32;b1c33;b1c44;b1c45,0,21
C029,1,b1c9;b1c11;b1c14;b1c15;b1c16;b1c17;b1c18;b1c19;b1c24;b1c25;b1c26;b1c27;b1c30;b1c31;b1c32;b1c33;b1c34;b1c35;b1c36;b1c37;b1c44;b1c45,b1c20;b1c21;b1c23;b1c28;b1c29;b1c42;b1c43,0,22
C029,2,b1c9;b1c14;b1c15;b1c16;b1c17;b1c20;b1c21;b1c23;b1c24;b1c25;b1c26;b1c27;b1c28;b1c29;b1c32;b1c33;b1c34;b1c35;b1c42;b1c43;b1c44;b1c45,b1c11;b1c18;b1c19;b1c30;b1c31;b1c36;b1c37,0,22
C029,3,b1c11;b1c16;b1c17;b1c18;b1c19;b1c20;b1c21;b1c23;b1c26;b1c27;b1c28;b1c29;b1c30;b1c31;b1c32;b1c33;b1c36;b1c37;b1c42;b1c43;b1c44;b1c45,b1c9;b1c14;b1c15;b1c24;b1c25;b1c34;b1c35,0,22
C030,0,b1c9;b1c11;b1c14;b1c15;b1c18;b1c19;b1c20;b1c21;b1c23;b1c24;b1c25;b1c28;b1c29;b1c30;b1c31;b1c34;b1c35;b1c36;b1c37;b1c42;b1c43,b1c16;b1c17;b1c26;b1c27;b1c32;b1c33;b1c44;b1c45,0,21
C030,1,b1c9;b1c11;b1c14;b1c15;b1c16;b1c17;b1c18;b1c19;b1c24;b1c25;b1c26;b1c27;b1c30;b1c31;b1c32;b1c33;b1c34;b1c35;b1c36;b1c37;b1c44;b1c45,b1c20;b1c21;b1c23;b1c28;b1c29;b1c42;b1c43,0,22
C030,2,b1c9;b1c14;b1c15;b1c16;b1c17;b1c20;b1c21;b1c23;b1c24;b1c25;b1c26;b1c27;b1c28;b1c29;b1c32;b1c33;b1c34;b1c35;b1c42;b1c43;b1c44;b1c45,b1c11;b1c18;b1c19;b1c30;b1c31;b1c36;b1c37,0,22
C030,3,b1c11;b1c16;b1c17;b1c18;b1c19;b1c20;b1c21;b1c23;b1c26;b1c27;b1c28;b1c29;b1c30;b1c31;b1c32;b1c33;b1c36;b1c37;b1c42;b1c43;b1c44;b1c45,b1c9;b1c14;b1c15;b1c24;b1c25;b1c34;b1c35,0,22
C031,0,b1c9;b1c11;b1c14;b1c15;b1c18;b1c19;b1c20;b1c21;b1c23;b1c24;b1c25;b1c28;b1c29;b1c30;b1c31;b1c34;b1c35;b1c36;b1c37;b1c42;b1c43,b1c16;b1c17;b1c26;b1c27;b1c32;b1c33;b1c44;b1c45,0,21
C031,1,b1c9;b1c11;b1c14;b1c15;b1c16;b1c17;b1c18;b1c19;b1c24;b1c25;b1c26;b1c27;b1c30;b1c31;b1c32;b1c33;b1c34;b1c35;b1c36;b1c37;b1c44;b1c45,b1c20;b1c21;b1c23;b1c28;b1c29;b1c42;b1c43,0,22
C031,2,b1c9;b1c14;b1c15;b1c16;b1c17;b1c20;b1c21;b1c23;b1c24;b1c25;b1c26;b1c27;b1c28;b1c29;b1c32;b1c33;b1c34;b1c35;b1c42;b1c43;b1c44;b1c45,b1c11;b1c18;b1c19;b1c30;b1c31;b1c36;b1c37,0,22
C031,3,b1c11;b1c16;b1c17;b1c18;b1c19;b1c20;b1c21;b1c23;b1c26;b1c27;b1c28;b1c29;b1c30;b1c31;b1c32;b1c33;b1c36;b1c37;b1c42;b1c43;b1c44;b1c45,b1c9;b1c14;b1c15;b1c24;b1c25;b1c34;b1c35,0,22
C032,0,b1c9;b1c11;b1c14;b1c15;b1c18;b1c19;b1c20;b1c21;b1c23;b1c24;b1c25;b1c28;b1c29;b1c30;b1c31;b1c34;b1c35;b1c36;b1c37;b1c42;b1c43,b1c16;b1c17;b1c26;b1c27;b1c32;b1c33;b1c44;b1c45,0,21
C032,1,b1c9;b1c11;b1c14;b1c15;b1c16;b1c17;b1c18;b1c19;b1c24;b1c25;b1c26;b1c27;b1c30;b1c31;b1c32;b1c33;b1c34;b1c35;b1c36;b1c37;b1c44;b1c45,b1c20;b1c21;b1c23;b1c28;b1c29;b1c42;b1c43,0,22
C032,2,b1c9;b1c14;b1c15;b1c16;b1c17;b1c20;b1c21;b1c23;b1c24;b1c25;b1c26;b1c27;b1c28;b1c29;b1c32;b1c33;b1c34;b1c35;b1c42;b1c43;b1c44;b1c45,b1c11;b1c18;b1c19;b1c30;b1c31;b1c36;b1c37,0,22
C032,3,b1c11;b1c16;b1c17;b1c18;b1c19;b1c20;b1c21;b1c23;b1c26;b1c27;b1c28;b1c29;b1c30;b1c31;b1c32;b1c33;b1c36;b1c37;b1c42;b1c43;b1c44;b1c45,b1c9;b1c14;b1c15;b1c24;b1c25;b1c34;b1c35,0,22
C033,0,b1c9;b1c11;b1c14;b1c15;b1c18;b1c19;b1c20;b1c21;b1c23;b1c24;b1c25;b1c28;b1c29;b1c30;b1c31;b1c34;b1c35;b1c36;b1c37;b1c42;b1c43,b1c16;b1c17;b1c26;b1c27;b1c32;b1c33;b1c44;b1c45,0,21
C033,1,b1c9;b1c11;b1c14;b1c15;b1c16;b1c17;b1c18;b1c19;b1c24;b1c25;b1c26;b1c27;b1c30;b1c31;b1c32;b1c33;b1c34;b1c35;b1c36;b1c37;b1c44;b1c45,b1c20;b1c21;b1c23;b1c28;b1c29;b1c42;b1c43,0,22
C033,2,b1c9;b1c14;b1c15;b1c16;b1c17;b1c20;b1c21;b1c23;b1c24;b1c25;b1c26;b1c27;b1c28;b1c29;b1c32;b1c33;b1c34;b1c35;b1c42;b1c43;b1c44;b1c45,b1c11;b1c18;b1c19;b1c30;b1c31;b1c36;b1c37,0,22
C033,3,b1c11;b1c16;b1c17;b1c18;b1c19;b1c20;b1c21;b1c23;b1c26;b1c27;b1c28;b1c29;b1c30;b1c31;b1c32;b1c33;b1c36;b1c37;b1c42;b1c43;b1c44;b1c45,b1c9;b1c14;b1c15;b1c24;b1c25;b1c34;b1c35,0,22
C034,0,b1c9;b1c11;b1c14;b1c15;b1c18;b1c19;b1c20;b1c21;b1c23;b1c24;b1c25;b1c28;b1c29;b1c30;b1c31;b1c34;b1c35;b1c36;b1c37;b1c42;b1c43,b1c16;b1c17;b1c26;b1c27;b1c32;b1c33;b1c44;b1c45,0,21
C034,1,b1c9;b1c11;b1c14;b1c15;b1c16;b1c17;b1c18;b1c19;b1c24;b1c25;b1c26;b1c27;b1c30;b1c31;b1c32;b1c33;b1c34;b1c35;b1c36;b1c37;b1c44;b1c45,b1c20;b1c21;b1c23;b1c28;b1c29;b1c42;b1c43,0,22
C034,2,b1c9;b1c14;b1c15;b1c16;b1c17;b1c20;b1c21;b1c23;b1c24;b1c25;b1c26;b1c27;b1c28;b1c29;b1c32;b1c33;b1c34;b1c35;b1c42;b1c43;b1c44;b1c45,b1c11;b1c18;b1c19;b1c30;b1c31;b1c36;b1c37,0,22
C034,3,b1c11;b1c16;b1c17;b1c18;b1c19;b1c20;b1c21;b1c23;b1c26;b1c27;b1c28;b1c29;b1c30;b1c31;b1c32;b1c33;b1c36;b1c37;b1c42;b1c43;b1c44;b1c45,b1c9;b1c14;b1c15;b1c24;b1c25;b1c34;b1c35,0,22
C035,0,b1c9;b1c11;b1c14;b1c15;b1c18;b1c19;b1c20;b1c21;b1c23;b1c24;b1c25;b1c28;b1c29;b1c30;b1c31;b1c34;b1c35;b1c36;b1c37;b1c42;b1c43,b1c16;b1c17;b1c26;b1c27;b1c32;b1c33;b1c44;b1c45,0,21
C035,1,b1c9;b1c11;b1c14;b1c15;b1c16;b1c17;b1c18;b1c19;b1c24;b1c25;b1c26;b1c27;b1c30;b1c31;b1c32;b1c33;b1c34;b1c35;b1c36;b1c37;b1c44;b1c45,b1c20;b1c21;b1c23;b1c28;b1c29;b1c42;b1c43,0,22
C035,2,b1c9;b1c14;b1c15;b1c16;b1c17;b1c20;b1c21;b1c23;b1c24;b1c25;b1c26;b1c27;b1c28;b1c29;b1c32;b1c33;b1c34;b1c35;b1c42;b1c43;b1c44;b1c45,b1c11;b1c18;b1c19;b1c30;b1c31;b1c36;b1c37,0,22
C035,3,b1c11;b1c16;b1c17;b1c18;b1c19;b1c20;b1c21;b1c23;b1c26;b1c27;b1c28;b1c29;b1c30;b1c31;b1c32;b1c33;b1c36;b1c37;b1c42;b1c43;b1c44;b1c45,b1c9;b1c14;b1c15;b1c24;b1c25;b1c34;b1c35,0,22
C036,0,b1c9;b1c11;b1c14;b1c15;b1c18;b1c19;b1c20;b1c21;b1c23;b1c24;b1c25;b1c28;b1c29;b1c30;b1c31;b1c34;b1c35;b1c36;b1c37;b1c42;b1c43,b1c16;b1c17;b1c26;b1c27;b1c32;b1c33;b1c44;b1c45,0,21
C036,1,b1c9;b1c11;b1c14;b1c15;b1c16;b1c17;b1c18;b1c19;b1c24;b1c25;b1c26;b1c27;b1c30;b1c31;b1c32;b1c33;b1c34;b1c35;b1c36;b1c37;b1c44;b1c45,b1c20;b1c21;b1c23;b1c28;b1c29;b1c42;b1c43,0,22
C036,2,b1c9;b1c14;b1c15;b1c16;b1c17;b1c20;b1c21;b1c23;b1c24;b1c25;b1c26;b1c27;b1c28;b1c29;b1c32;b1c33;b1c34;b1c35;b1c42;b1c43;b1c44;b1c45,b1c11;b1c18;b1c19;b1c30;b1c31;b1c36;b1c37,0,22
C036,3,b1c11;b1c16;b1c17;b1c18;b1c19;b1c20;b1c21;b1c23;b1c26;b1c27;b1c28;b1c29;b1c30;b1c31;b1c32;b1c33;b1c36;b1c37;b1c42;b1c43;b1c44;b1c45,b1c9;b1c14;b1c15;b1c24;b1c25;b1c34;b1c35,0,22
C037,0,b1c9;b1c11;b1c14;b1c15;b1c18;b1c19;b1c20;b1c21;b1c23;b1c24;b1c25;b1c28;b1c29;b1c30;b1c31;b1c34;b1c35;b1c36;b1c37;b1c42;b1c43,b1c16;b1c17;b1c26;b1c27;b1c32;b1c33;b1c44;b1c45,0,21
C037,1,b1c9;b1c11;b1c14;b1c15;b1c16;b1c17;b1c18;b1c19;b1c24;b1c25;b1c26;b1c27;b1c30;b1c31;b1c32;b1c33;b1c34;b1c35;b1c36;b1c37;b1c44;b1c45,b1c20;b1c21;b1c23;b1c28;b1c29;b1c42;b1c43,0,22
C037,2,b1c9;b1c14;b1c15;b1c16;b1c17;b1c20;b1c21;b1c23;b1c24;b1c25;b1c26;b1c27;b1c28;b1c29;b1c32;b1c33;b1c34;b1c35;b1c42;b1c43;b1c44;b1c45,b1c11;b1c18;b1c19;b1c30;b1c31;b1c36;b1c37,0,22
C037,3,b1c11;b1c16;b1c17;b1c18;b1c19;b1c20;b1c21;b1c23;b1c26;b1c27;b1c28;b1c29;b1c30;b1c31;b1c32;b1c33;b1c36;b1c37;b1c42;b1c43;b1c44;b1c45,b1c9;b1c14;b1c15;b1c24;b1c25;b1c34;b1c35,0,22
C038,0,b1c9;b1c11;b1c14;b1c15;b1c18;b1c19;b1c20;b1c21;b1c23;b1c24;b1c25;b1c28;b1c29;b1c30;b1c31;b1c34;b1c35;b1c36;b1c37;b1c42;b1c43,b1c16;b1c17;b1c26;b1c27;b1c32;b1c33;b1c44;b1c45,0,21
C038,1,b1c9;b1c11;b1c14;b1c15;b1c16;b1c17;b1c18;b1c19;b1c24;b1c25;b1c26;b1c27;b1c30;b1c31;b1c32;b1c33;b1c34;b1c35;b1c36;b1c37;b1c44;b1c45,b1c20;b1c21;b1c23;b1c28;b1c29;b1c42;b1c43,0,22
C038,2,b1c9;b1c14;b1c15;b1c16;b1c17;b1c20;b1c21;b1c23;b1c24;b1c25;b1c26;b1c27;b1c28;b1c29;b1c32;b1c33;b1c34;b1c35;b1c42;b1c43;b1c44;b1c45,b1c11;b1c18;b1c19;b1c30;b1c31;b1c36;b1c37,0,22
C038,3,b1c11;b1c16;b1c17;b1c18;b1c19;b1c20;b1c21;b1c23;b1c26;b1c27;b1c28;b1c29;b1c30;b1c31;b1c32;b1c33;b1c36;b1c37;b1c42;b1c43;b1c44;b1c45,b1c9;b1c14;b1c15;b1c24;b1c25;b1c34;b1c35,0,22
C039,0,b1c9;b1c11;b1c14;b1c15;b1c18;b1c19;b1c20;b1c21;b1c23;b1c24;b1c25;b1c28;b1c29;b1c30;b1c31;b1c34;b1c35;b1c36;b1c37;b1c42;b1c43,b1c16;b1c17;b1c26;b1c27;b1c32;b1c33;b1c44;b1c45,0,21
C039,1,b1c9;b1c11;b1c14;b1c15;b1c16;b1c17;b1c18;b1c19;b1c24;b1c25;b1c26;b1c27;b1c30;b1c31;b1c32;b1c33;b1c34;b1c35;b1c36;b1c37;b1c44;b1c45,b1c20;b1c21;b1c23;b1c28;b1c29;b1c42;b1c43,0,22
C039,2,b1c9;b1c14;b1c15;b1c16;b1c17;b1c20;b1c21;b1c23;b1c24;b1c25;b1c26;b1c27;b1c28;b1c29;b1c32;b1c33;b1c34;b1c35;b1c42;b1c43;b1c44;b1c45,b1c11;b1c18;b1c19;b1c30;b1c31;b1c36;b1c37,0,22
C039,3,b1c11;b1c16;b1c17;b1c18;b1c19;b1c20;b1c21;b1c23;b1c26;b1c27;b1c28;b1c29;b1c30;b1c31;b1c32;b1c33;b1c36;b1c37;b1c42;b1c43;b1c44;b1c45,b1c9;b1c14;b1c15;b1c24;b1c25;b1c34;b1c35,0,22
C040,0,b1c9;b1c11;b1c14;b1c15;b1c18;b1c19;b1c20;b1c21;b1c23;b1c24;b1c25;b1c28;b1c29;b1c30;b1c31;b1c34;b1c35;b1c36;b1c37;b1c42;b1c43,b1c16;b1c17;b1c26;b1c27;b1c32;b1c33;b1c44;b1c45,0,21
C040,1,b1c9;b1c11;b1c14;b1c15;b1c16;b1c17;b1c18;b1c19;b1c24;b1c25;b1c26;b1c27;b1c30;b1c31;b1c32;b1c33;b1c34;b1c35;b1c36;b1c37;b1c44;b1c45,b1c20;b1c21;b1c23;b1c28;b1c29;b1c42;b1c43,0,22
C040,2,b1c9;b1c14;b1c15;b1c16;b1c17;b1c20;b1c21;b1c23;b1c24;b1c25;b1c26;b1c27;b1c28;b1c29;b1c32;b1c33;b1c34;b1c35;b1c42;b1c43;b1c44;b1c45,b1c11;b1c18;b1c19;b1c30;b1c31;b1c36;b1c37,0,22
C040,3,b1c11;b1c16;b1c17;b1c18;b1c19;b1c20;b1c21;b1c23;b1c26;b1c27;b1c28;b1c29;b1c30;b1c31;b1c32;b1c33;b1c36;b1c37;b1c42;b1c43;b1c44;b1c45,b1c9;b1c14;b1c15;b1c24;b1c25;b1c34;b1c35,0,22
C041,0,b1c9;b1c11;b1c14;b1c15;b1c18;b1c19;b1c20;b1c21;b1c23;b1c24;b1c25;b1c28;b1c29;b1c30;b1c31;b1c34;b1c35;b1c36;b1c37;b1c42;b1c43,b1c16;b1c17;b1c26;b1c27;b1c32;b1c33;b1c44;b1c45,0,21
C041,1,b1c9;b1c11;b1c14;b1c15;b1c16;b1c17;b1c18;b1c19;b1c24;b1c25;b1c26;b1c27;b1c30;b1c31;b1c32;b1c33;b1c34;b1c35;b1c36;b1c37;b1c44;b1c45,b1c20;b1c21;b1c23;b1c28;b1c29;b1c42;b1c43,0,22
C041,2,b1c9;b1c14;b1c15;b1c16;b1c17;b1c20;b1c21;b1c23;b1c24;b1c25;b1c26;b1c27;b1c28;b1c29;b1c32;b1c33;b1c34;b1c35;b1c42;b1c43;b1c44;b1c45,b1c11;b1c18;b1c19;b1c30;b1c31;b1c36;b1c37,0,22
C041,3,b1c11;b1c16;b1c17;b1c18;b1c19;b1c20;b1c21;b1c23;b1c26;b1c27;b1c28;b1c29;b1c30;b1c31;b1c32;b1c33;b1c36;b1c37;b1c42;b1c43;b1c44;b1c45,b1c9;b1c14;b1c15;b1c24;b1c25;b1c34;b1c35,0,22
C042,0,b1c9;b1c11;b1c14;b1c15;b1c18;b1c19;b1c20;b1c21;b1c23;b1c24;b1c25;b1c28;b1c29;b1c30;b1c31;b1c34;b1c35;b1c36;b1c37;b1c42;b1c43,b1c16;b1c17;b1c26;b1c27;b1c32;b1c33;b1c44;b1c45,0,21
C042,1,b1c9;b1c11;b1c14;b1c15;b1c16;b1c17;b1c18;b1c19;b1c24;b1c25;b1c26;b1c27;b1c30;b1c31;b1c32;b1c33;b1c34;b1c35;b1c36;b1c37;b1c44;b1c45,b1c20;b1c21;b1c23;b1c28;b1c29;b1c42;b1c43,0,22
C042,2,b1c9;b1c14;b1c15;b1c16;b1c17;b1c20;b1c21;b1c23;b1c24;b1c25;b1c26;b1c27;b1c28;b1c29;b1c32;b1c33;b1c34;b1c35;b1c42;b1c43;b1c44;b1c45,b1c11;b1c18;b1c19;b1c30;b1c31;b1c36;b1c37,0,22
C042,3,b1c11;b1c16;b1c17;b1c18;b1c19;b1c20;b1c21;b1c23;b1c26;b1c27;b1c28;b1c29;b1c30;b1c31;b1c32;b1c33;b1c36;b1c37;b1c42;b1c43;b1c44;b1c45,b1c9;b1c14;b1c15;b1c24;b1c25;b1c34;b1c35,0,22
C043,0,b1c9;b1c11;b1c14;b1c15;b1c18;b1c19;b1c20;b1c21;b1c23;b1c24;b1c25;b1c28;b1c29;b1c30;b1c31;b1c34;b1c35;b1c36;b1c37;b1c42;b1c43,b1c16;b1c17;b1c26;b1c27;b1c32;b1c33;b1c44;b1c45,0,21
C043,1,b1c9;b1c11;b1c14;b1c15;b1c16;b1c17;b1c18;b1c19;b1c24;b1c25;b1c26;b1c27;b1c30;b1c31;b1c32;b1c33;b1c34;b1c35;b1c36;b1c37;b1c44;b1c45,b1c20;b1c21;b1c23;b1c28;b1c29;b1c42;b1c43,0,22
C043,2,b1c9;b1c14;b1c15;b1c16;b1c17;b1c20;b1c21;b1c23;b1c24;b1c25;b1c26;b1c27;b1c28;b1c29;b1c32;b1c33;b1c34;b1c35;b1c42;b1c43;b1c44;b1c45,b1c11;b1c18;b1c19;b1c30;b1c31;b1c36;b1c37,0,22
C043,3,b1c11;b1c16;b1c17;b1c18;b1c19;b1c20;b1c21;b1c23;b1c26;b1c27;b1c28;b1c29;b1c30;b1c31;b1c32;b1c33;b1c36;b1c37;b1c42;b1c43;b1c44;b1c45,b1c9;b1c14;b1c15;b1c24;b1c25;b1c34;b1c35,0,22
C044,0,b1c9;b1c11;b1c14;b1c15;b1c18;b1c19;b1c20;b1c21;b1c23;b1c24;b1c25;b1c28;b1c29;b1c30;b1c31;b1c34;b1c35;b1c36;b1c37;b1c42;b1c43,b1c16;b1c17;b1c26;b1c27;b1c32;b1c33;b1c44;b1c45,0,21
C044,1,b1c9;b1c11;b1c14;b1c15;b1c16;b1c17;b1c18;b1c19;b1c24;b1c25;b1c26;b1c27;b1c30;b1c31;b1c32;b1c33;b1c34;b1c35;b1c36;b1c37;b1c44;b1c45,b1c20;b1c21;b1c23;b1c28;b1c29;b1c42;b1c43,0,22
C044,2,b1c9;b1c14;b1c15;b1c16;b1c17;b1c20;b1c21;b1c23;b1c24;b1c25;b1c26;b1c27;b1c28;b1c29;b1c32;b1c33;b1c34;b1c35;b1c42;b1c43;b1c44;b1c45,b1c11;b1c18;b1c19;b1c30;b1c31;b1c36;b1c37,0,22
C044,3,b1c11;b1c16;b1c17;b1c18;b1c19;b1c20;b1c21;b1c23;b1c26;b1c27;b1c28;b1c29;b1c30;b1c31;b1c32;b1c33;b1c36;b1c37;b1c42;b1c43;b1c44;b1c45,b1c9;b1c14;b1c15;b1c24;b1c25;b1c34;b1c35,0,22
C045,0,b1c9;b1c11;b1c14;b1c15;b1c18;b1c19;b1c20;b1c21;b1c23;b1c24;b1c25;b1c28;b1c29;b1c30;b1c31;b1c34;b1c35;b1c36;b1c37;b1c42;b1c43,b1c16;b1c17;b1c26;b1c27;b1c32;b1c33;b1c44;b1c45,0,21
C045,1,b1c9;b1c11;b1c14;b1c15;b1c16;b1c17;b1c18;b1c19;b1c24;b1c25;b1c26;b1c27;b1c30;b1c31;b1c32;b1c33;b1c34;b1c35;b1c36;b1c37;b1c44;b1c45,b1c20;b1c21;b1c23;b1c28;b1c29;b1c42;b1c43,0,22
C045,2,b1c9;b1c14;b1c15;b1c16;b1c17;b1c20;b1c21;b1c23;b1c24;b1c25;b1c26;b1c27;b1c28;b1c29;b1c32;b1c33;b1c34;b1c35;b1c42;b1c43;b1c44;b1c45,b1c11;b1c18;b1c19;b1c30;b1c31;b1c36;b1c37,0,22
C045,3,b1c11;b1c16;b1c17;b1c18;b1c19;b1c20;b1c21;b1c23;b1c26;b1c27;b1c28;b1c29;b1c30;b1c31;b1c32;b1c33;b1c36;b1c37;b1c42;b1c43;b1c44;b1c45,b1c9;b1c14;b1c15;b1c24;b1c25;b1c34;b1c35,0,22
C046,0,b1c9;b1c11;b1c14;b1c15;b1c18;b1c19;b1c20;b1c21;b1c23;b1c24;b1c25;b1c28;b1c29;b1c30;b1c31;b1c34;b1c35;b1c36;b1c37;b1c42;b1c43,b1c16;b1c17;b1c26;b1c27;b1c32;b1c33;b1c44;b1c45,0,21
C046,1,b1c9;b1c11;b1c14;b1c15;b1c16;b1c17;b1c18;b1c19;b1c24;b1c25;b1c26;b1c27;b1c30;b1c31;b1c32;b1c33;b1c34;b1c35;b1c36;b1c37;b1c44;b1c45,b1c20;b1c21;b1c23;b1c28;b1c29;b1c42;b1c43,0,22
C046,2,b1c9;b1c14;b1c15;b1c16;b1c17;b1c20;b1c21;b1c23;b1c24;b1c25;b1c26;b1c27;b1c28;b1c29;b1c32;b1c33;b1c34;b1c35;b1c42;b1c43;b1c44;b1c45,b1c11;b1c18;b1c19;b1c30;b1c31;b1c36;b1c37,0,22
C046,3,b1c11;b1c16;b1c17;b1c18;b1c19;b1c20;b1c21;b1c23;b1c26;b1c27;b1c28;b1c29;b1c30;b1c31;b1c32;b1c33;b1c36;b1c37;b1c42;b1c43;b1c44;b1c45,b1c9;b1c14;b1c15;b1c24;b1c25;b1c34;b1c35,0,22
C047,0,b1c9;b1c11;b1c14;b1c15;b1c18;b1c19;b1c20;b1c21;b1c23;b1c24;b1c25;b1c28;b1c29;b1c30;b1c31;b1c34;b1c35;b1c36;b1c37;b1c42;b1c43,b1c16;b1c17;b1c26;b1c27;b1c32;b1c33;b1c44;b1c45,0,21
C047,1,b1c9;b1c11;b1c14;b1c15;b1c16;b1c17;b1c18;b1c19;b1c24;b1c25;b1c26;b1c27;b1c30;b1c31;b1c32;b1c33;b1c34;b1c35;b1c36;b1c37;b1c44;b1c45,b1c20;b1c21;b1c23;b1c28;b1c29;b1c42;b1c43,0,22
C047,2,b1c9;b1c14;b1c15;b1c16;b1c17;b1c20;b1c21;b1c23;b1c24;b1c25;b1c26;b1c27;b1c28;b1c29;b1c32;b1c33;b1c34;b1c35;b1c42;b1c43;b1c44;b1c45,b1c11;b1c18;b1c19;b1c30;b1c31;b1c36;b1c37,0,22
C047,3,b1c11;b1c16;b1c17;b1c18;b1c19;b1c20;b1c21;b1c23;b1c26;b1c27;b1c28;b1c29;b1c30;b1c31;b1c32;b1c33;b1c36;b1c37;b1c42;b1c43;b1c44;b1c45,b1c9;b1c14;b1c15;b1c24;b1c25;b1c34;b1c35,0,22
C048,0,b1c9;b1c11;b1c14;b1c15;b1c18;b1c19;b1c20;b1c21;b1c23;b1c24;b1c25;b1c28;b1c29;b1c30;b1c31;b1c34;b1c35;b1c36;b1c37;b1c42;b1c43,b1c16;b1c17;b1c26;b1c27;b1c32;b1c33;b1c44;b1c45,0,21
C048,1,b1c9;b1c11;b1c14;b1c15;b1c16;b1c17;b1c18;b1c19;b1c24;b1c25;b1c26;b1c27;b1c30;b1c31;b1c32;b1c33;b1c34;b1c35;b1c36;b1c37;b1c44;b1c45,b1c20;b1c21;b1c23;b1c28;b1c29;b1c42;b1c43,0,22
C048,2,b1c9;b1c14;b1c15;b1c16;b1c17;b1c20;b1c21;b1c23;b1c24;b1c25;b1c26;b1c27;b1c28;b1c29;b1c32;b1c33;b1c34;b1c35;b1c42;b1c43;b1c44;b1c45,b1c11;b1c18;b1c19;b1c30;b1c31;b1c36;b1c37,0,22
C048,3,b1c11;b1c16;b1c17;b1c18;b1c19;b1c20;b1c21;b1c23;b1c26;b1c27;b1c28;b1c29;b1c30;b1c31;b1c32;b1c33;b1c36;b1c37;b1c42;b1c43;b1c44;b1c45,b1c9;b1c14;b1c15;b1c24;b1c25;b1c34;b1c35,0,22
C049,0,b1c9;b1c11;b1c14;b1c15;b1c18;b1c19;b1c20;b1c21;b1c23;b1c24;b1c25;b1c28;b1c29;b1c30;b1c31;b1c34;b1c35;b1c36;b1c37;b1c42;b1c43,b1c16;b1c17;b1c26;b1c27;b1c32;b1c33;b1c44;b1c45,0,21
C049,1,b1c9;b1c11;b1c14;b1c15;b1c16;b1c17;b1c18;b1c19;b1c24;b1c25;b1c26;b1c27;b1c30;b1c31;b1c32;b1c33;b1c34;b1c35;b1c36;b1c37;b1c44;b1c45,b1c20;b1c21;b1c23;b1c28;b1c29;b1c42;b1c43,0,22
C049,2,b1c9;b1c14;b1c15;b1c16;b1c17;b1c20;b1c21;b1c23;b1c24;b1c25;b1c26;b1c27;b1c28;b1c29;b1c32;b1c33;b1c34;b1c35;b1c42;b1c43;b1c44;b1c45,b1c11;b1c18;b1c19;b1c30;b1c31;b1c36;b1c37,0,22
C049,3,b1c11;b1c16;b1c17;b1c18;b1c19;b1c20;b1c21;b1c23;b1c26;b1c27;b1c28;b1c29;b1c30;b1c31;b1c32;b1c33;b1c36;b1c37;b1c42;b1c43;b1c44;b1c45,b1c9;b1c14;b1c15;b1c24;b1c25;b1c34;b1c35,0,22
C050,0,b1c9;b1c11;b1c14;b1c15;b1c18;b1c19;b1c20;b1c21;b1c23;b1c24;b1c25;b1c28;b1c29;b1c30;b1c31;b1c34;b1c35;b1c36;b1c37;b1c42;b1c43,b1c16;b1c17;b1c26;b1c27;b1c32;b1c33;b1c44;b1c45,0,21
C050,1,b1c9;b1c11;b1c14;b1c15;b1c16;b1c17;b1c18;b1c19;b1c24;b1c25;b1c26;b1c27;b1c30;b1c31;b1c32;b1c33;b1c34;b1c35;b1c36;b1c37;b1c44;b1c45,b1c20;b1c21;b1c23;b1c28;b1c29;b1c42;b1c43,0,22
C050,2,b1c9;b1c14;b1c15;b1c16;b1c17;b1c20;b1c21;b1c23;b1c24;b1c25;b1c26;b1c27;b1c28;b1c29;b1c32;b1c33;b1c34;b1c35;b1c42;b1c43;b1c44;b1c45,b1c11;b1c18;b1c19;b1c30;b1c31;b1c36;b1c37,0,22
C050,3,b1c11;b1c16;b1c17;b1c18;b1c19;b1c20;b1c21;b1c23;b1c26;b1c27;b1c28;b1c29;b1c30;b1c31;b1c32;b1c33;b1c36;b1c37;b1c42;b1c43;b1c44;b1c45,b1c9;b1c14;b1c15;b1c24;b1c25;b1c34;b1c35,0,22
C051,0,b1c9;b1c11;b1c14;b1c15;b1c18;b1c19;b1c20;b1c21;b1c23;b1c24;b1c25;b1c28;b1c29;b1c30;b1c31;b1c34;b1c35;b1c36;b1c37;b1c42;b1c43,b1c16;b1c17;b1c26;b1c27;b1c32;b1c33;b1c44;b1c45,0,21
C051,1,b1c9;b1c11;b1c14;b1c15;b1c16;b1c17;b1c18;b1c19;b1c24;b1c25;b1c26;b1c27;b1c30;b1c31;b1c32;b1c33;b1c34;b1c35;b1c36;b1c37;b1c44;b1c45,b1c20;b1c21;b1c23;b1c28;b1c29;b1c42;b1c43,0,22
C051,2,b1c9;b1c14;b1c15;b1c16;b1c17;b1c20;b1c21;b1c23;b1c24;b1c25;b1c26;b1c27;b1c28;b1c29;b1c32;b1c33;b1c34;b1c35;b1c42;b1c43;b1c44;b1c45,b1c11;b1c18;b1c19;b1c30;b1c31;b1c36;b1c37,0,22
C051,3,b1c11;b1c16;b1c17;b1c18;b1c19;b1c20;b1c21;b1c23;b1c26;b1c27;b1c28;b1c29;b1c30;b1c31;b1c32;b1c33;b1c36;b1c37;b1c42;b1c43;b1c44;b1c45,b1c9;b1c14;b1c15;b1c24;b1c25;b1c34;b1c35,0,22
C052,0,b1c9;b1c11;b1c14;b1c15;b1c18;b1c19;b1c20;b1c21;b1c23;b1c24;b1c25;b1c28;b1c29;b1c30;b1c31;b1c34;b1c35;b1c36;b1c37;b1c42;b1c43,b1c16;b1c17;b1c26;b1c27;b1c32;b1c33;b1c44;b1c45,0,21
C052,1,b1c9;b1c11;b1c14;b1c15;b1c16;b1c17;b1c18;b1c19;b1c24;b1c25;b1c26;b1c27;b1c30;b1c31;b1c32;b1c33;b1c34;b1c35;b1c36;b1c37;b1c44;b1c45,b1c20;b1c21;b1c23;b1c28;b1c29;b1c42;b1c43,0,22
C052,2,b1c9;b1c14;b1c15;b1c16;b1c17;b1c20;b1c21;b1c23;b1c24;b1c25;b1c26;b1c27;b1c28;b1c29;b1c32;b1c33;b1c34;b1c35;b1c42;b1c43;b1c44;b1c45,b1c11;b1c18;b1c19;b1c30;b1c31;b1c36;b1c37,0,22
C052,3,b1c11;b1c16;b1c17;b1c18;b1c19;b1c20;b1c21;b1c23;b1c26;b1c27;b1c28;b1c29;b1c30;b1c31;b1c32;b1c33;b1c36;b1c37;b1c42;b1c43;b1c44;b1c45,b1c9;b1c14;b1c15;b1c24;b1c25;b1c34;b1c35,0,22
C053,0,b1c9;b1c11;b1c14;b1c15;b1c18;b1c19;b1c20;b1c21;b1c23;b1c24;b1c25;b1c28;b1c29;b1c30;b1c31;b1c34;b1c35;b1c36;b1c37;b1c42;b1c43,b1c16;b1c17;b1c26;b1c27;b1c32;b1c33;b1c44;b1c45,0,21
C053,1,b1c9;b1c11;b1c14;b1c15;b1c16;b1c17;b1c18;b1c19;b1c24;b1c25;b1c26;b1c27;b1c30;b1c31;b1c32;b1c33;b1c34;b1c35;b1c36;b1c37;b1c44;b1c45,b1c20;b1c21;b1c23;b1c28;b1c29;b1c42;b1c43,0,22
C053,2,b1c9;b1c14;b1c15;b1c16;b1c17;b1c20;b1c21;b1c23;b1c24;b1c25;b1c26;b1c27;b1c28;b1c29;b1c32;b1c33;b1c34;b1c35;b1c42;b1c43;b1c44;b1c45,b1c11;b1c18;b1c19;b1c30;b1c31;b1c36;b1c37,0,22
C053,3,b1c11;b1c16;b1c17;b1c18;b1c19;b1c20;b1c21;b1c23;b1c26;b1c27;b1c28;b1c29;b1c30;b1c31;b1c32;b1c33;b1c36;b1c37;b1c42;b1c43;b1c44;b1c45,b1c9;b1c14;b1c15;b1c24;b1c25;b1c34;b1c35,0,22
C054,0,b1c9;b1c11;b1c14;b1c15;b1c18;b1c19;b1c20;b1c21;b1c23;b1c24;b1c25;b1c28;b1c29;b1c30;b1c31;b1c34;b1c35;b1c36;b1c37;b1c42;b1c43,b1c16;b1c17;b1c26;b1c27;b1c32;b1c33;b1c44;b1c45,0,21
C054,1,b1c9;b1c11;b1c14;b1c15;b1c16;b1c17;b1c18;b1c19;b1c24;b1c25;b1c26;b1c27;b1c30;b1c31;b1c32;b1c33;b1c34;b1c35;b1c36;b1c37;b1c44;b1c45,b1c20;b1c21;b1c23;b1c28;b1c29;b1c42;b1c43,0,22
C054,2,b1c9;b1c14;b1c15;b1c16;b1c17;b1c20;b1c21;b1c23;b1c24;b1c25;b1c26;b1c27;b1c28;b1c29;b1c32;b1c33;b1c34;b1c35;b1c42;b1c43;b1c44;b1c45,b1c11;b1c18;b1c19;b1c30;b1c31;b1c36;b1c37,0,22
C054,3,b1c11;b1c16;b1c17;b1c18;b1c19;b1c20;b1c21;b1c23;b1c26;b1c27;b1c28;b1c29;b1c30;b1c31;b1c32;b1c33;b1c36;b1c37;b1c42;b1c43;b1c44;b1c45,b1c9;b1c14;b1c15;b1c24;b1c25;b1c34;b1c35,0,22
C055,0,b1c9;b1c11;b1c14;b1c15;b1c18;b1c19;b1c20;b1c21;b1c23;b1c24;b1c25;b1c28;b1c29;b1c30;b1c31;b1c34;b1c35;b1c36;b1c37;b1c42;b1c43,b1c16;b1c17;b1c26;b1c27;b1c32;b1c33;b1c44;b1c45,0,21
C055,1,b1c9;b1c11;b1c14;b1c15;b1c16;b1c17;b1c18;b1c19;b1c24;b1c25;b1c26;b1c27;b1c30;b1c31;b1c32;b1c33;b1c34;b1c35;b1c36;b1c37;b1c44;b1c45,b1c20;b1c21;b1c23;b1c28;b1c29;b1c42;b1c43,0,22
C055,2,b1c9;b1c14;b1c15;b1c16;b1c17;b1c20;b1c21;b1c23;b1c24;b1c25;b1c26;b1c27;b1c28;b1c29;b1c32;b1c33;b1c34;b1c35;b1c42;b1c43;b1c44;b1c45,b1c11;b1c18;b1c19;b1c30;b1c31;b1c36;b1c37,0,22
C055,3,b1c11;b1c16;b1c17;b1c18;b1c19;b1c20;b1c21;b1c23;b1c26;b1c27;b1c28;b1c29;b1c30;b1c31;b1c32;b1c33;b1c36;b1c37;b1c42;b1c43;b1c44;b1c45,b1c9;b1c14;b1c15;b1c24;b1c25;b1c34;b1c35,0,22
C056,0,b1c9;b1c11;b1c14;b1c15;b1c18;b1c19;b1c20;b1c21;b1c23;b1c24;b1c25;b1c28;b1c29;b1c30;b1c31;b1c34;b1c35;b1c36;b1c37;b1c42;b1c43,b1c16;b1c17;b1c26;b1c27;b1c32;b1c33;b1c44;b1c45,0,21
C056,1,b1c9;b1c11;b1c14;b1c15;b1c16;b1c17;b1c18;b1c19;b1c24;b1c25;b1c26;b1c27;b1c30;b1c31;b1c32;b1c33;b1c34;b1c35;b1c36;b1c37;b1c44;b1c45,b1c20;b1c21;b1c23;b1c28;b1c29;b1c42;b1c43,0,22
C056,2,b1c9;b1c14;b1c15;b1c16;b1c17;b1c20;b1c21;b1c23;b1c24;b1c25;b1c26;b1c27;b1c28;b1c29;b1c32;b1c33;b1c34;b1c35;b1c42;b1c43;b1c44;b1c45,b1c11;b1c18;b1c19;b1c30;b1c31;b1c36;b1c37,0,22
C056,3,b1c11;b1c16;b1c17;b1c18;b1c19;b1c20;b1c21;b1c23;b1c26;b1c27;b1c28;b1c29;b1c30;b1c31;b1c32;b1c33;b1c36;b1c37;b1c42;b1c43;b1c44;b1c45,b1c9;b1c14;b1c15;b1c24;b1c25;b1c34;b1c35,0,22
C057,0,b1c9;b1c11;b1c14;b1c15;b1c18;b1c19;b1c20;b1c21;b1c23;b1c24;b1c25;b1c28;b1c29;b1c30;b1c31;b1c34;b1c35;b1c36;b1c37;b1c42;b1c43,b1c16;b1c17;b1c26;b1c27;b1c32;b1c33;b1c44;b1c45,0,21
C057,1,b1c9;b1c11;b1c14;b1c15;b1c16;b1c17;b1c18;b1c19;b1c24;b1c25;b1c26;b1c27;b1c30;b1c31;b1c32;b1c33;b1c34;b1c35;b1c36;b1c37;b1c44;b1c45,b1c20;b1c21;b1c23;b1c28;b1c29;b1c42;b1c43,0,22
C057,2,b1c9;b1c14;b1c15;b1c16;b1c17;b1c20;b1c21;b1c23;b1c24;b1c25;b1c26;b1c27;b1c28;b1c29;b1c32;b1c33;b1c34;b1c35;b1c42;b1c43;b1c44;b1c45,b1c11;b1c18;b1c19;b1c30;b1c31;b1c36;b1c37,0,22
C057,3,b1c11;b1c16;b1c17;b1c18;b1c19;b1c20;b1c21;b1c23;b1c26;b1c27;b1c28;b1c29;b1c30;b1c31;b1c32;b1c33;b1c36;b1c37;b1c42;b1c43;b1c44;b1c45,b1c9;b1c14;b1c15;b1c24;b1c25;b1c34;b1c35,0,22
C058,0,b1c9;b1c11;b1c14;b1c15;b1c18;b1c19;b1c20;b1c21;b1c23;b1c24;b1c25;b1c28;b1c29;b1c30;b1c31;b1c34;b1c35;b1c36;b1c37;b1c42;b1c43,b1c16;b1c17;b1c26;b1c27;b1c32;b1c33;b1c44;b1c45,0,21
C058,1,b1c9;b1c11;b1c14;b1c15;b1c16;b1c17;b1c18;b1c19;b1c24;b1c25;b1c26;b1c27;b1c30;b1c31;b1c32;b1c33;b1c34;b1c35;b1c36;b1c37;b1c44;b1c45,b1c20;b1c21;b1c23;b1c28;b1c29;b1c42;b1c43,0,22
C058,2,b1c9;b1c14;b1c15;b1c16;b1c17;b1c20;b1c21;b1c23;b1c24;b1c25;b1c26;b1c27;b1c28;b1c29;b1c32;b1c33;b1c34;b1c35;b1c42;b1c43;b1c44;b1c45,b1c11;b1c18;b1c19;b1c30;b1c31;b1c36;b1c37,0,22
C058,3,b1c11;b1c16;b1c17;b1c18;b1c19;b1c20;b1c21;b1c23;b1c26;b1c27;b1c28;b1c29;b1c30;b1c31;b1c32;b1c33;b1c36;b1c37;b1c42;b1c43;b1c44;b1c45,b1c9;b1c14;b1c15;b1c24;b1c25;b1c34;b1c35,0,22
C059,0,b1c9;b1c11;b1c14;b1c15;b1c18;b1c19;b1c20;b1c21;b1c23;b1c24;b1c25;b1c28;b1c29;b1c30;b1c31;b1c34;b1c35;b1c36;b1c37;b1c42;b1c43,b1c16;b1c17;b1c26;b1c27;b1c32;b1c33;b1c44;b1c45,0,21
C059,1,b1c9;b1c11;b1c14;b1c15;b1c16;b1c17;b1c18;b1c19;b1c24;b1c25;b1c26;b1c27;b1c30;b1c31;b1c32;b1c33;b1c34;b1c35;b1c36;b1c37;b1c44;b1c45,b1c20;b1c21;b1c23;b1c28;b1c29;b1c42;b1c43,0,22
C059,2,b1c9;b1c14;b1c15;b1c16;b1c17;b1c20;b1c21;b1c23;b1c24;b1c25;b1c26;b1c27;b1c28;b1c29;b1c32;b1c33;b1c34;b1c35;b1c42;b1c43;b1c44;b1c45,b1c11;b1c18;b1c19;b1c30;b1c31;b1c36;b1c37,0,22
C059,3,b1c11;b1c16;b1c17;b1c18;b1c19;b1c20;b1c21;b1c23;b1c26;b1c27;b1c28;b1c29;b1c30;b1c31;b1c32;b1c33;b1c36;b1c37;b1c42;b1c43;b1c44;b1c45,b1c9;b1c14;b1c15;b1c24;b1c25;b1c34;b1c35,0,22
C060,0,b1c9;b1c11;b1c14;b1c15;b1c18;b1c19;b1c20;b1c21;b1c23;b1c24;b1c25;b1c28;b1c29;b1c30;b1c31;b1c34;b1c35;b1c36;b1c37;b1c42;b1c43,b1c16;b1c17;b1c26;b1c27;b1c32;b1c33;b1c44;b1c45,0,21
C060,1,b1c9;b1c11;b1c14;b1c15;b1c16;b1c17;b1c18;b1c19;b1c24;b1c25;b1c26;b1c27;b1c30;b1c31;b1c32;b1c33;b1c34;b1c35;b1c36;b1c37;b1c44;b1c45,b1c20;b1c21;b1c23;b1c28;b1c29;b1c42;b1c43,0,22
C060,2,b1c9;b1c14;b1c15;b1c16;b1c17;b1c20;b1c21;b1c23;b1c24;b1c25;b1c26;b1c27;b1c28;b1c29;b1c32;b1c33;b1c34;b1c35;b1c42;b1c43;b1c44;b1c45,b1c11;b1c18;b1c19;b1c30;b1c31;b1c36;b1c37,0,22
C060,3,b1c11;b1c16;b1c17;b1c18;b1c19;b1c20;b1c21;b1c23;b1c26;b1c27;b1c28;b1c29;b1c30;b1c31;b1c32;b1c33;b1c36;b1c37;b1c42;b1c43;b1c44;b1c45,b1c9;b1c14;b1c15;b1c24;b1c25;b1c34;b1c35,0,22
C061,0,b1c9;b1c11;b1c14;b1c15;b1c18;b1c19;b1c20;b1c21;b1c23;b1c24;b1c25;b1c28;b1c29;b1c30;b1c31;b1c34;b1c35;b1c36;b1c37;b1c42;b1c43,b1c16;b1c17;b1c26;b1c27;b1c32;b1c33;b1c44;b1c45,0,21
C061,1,b1c9;b1c11;b1c14;b1c15;b1c16;b1c17;b1c18;b1c19;b1c24;b1c25;b1c26;b1c27;b1c30;b1c31;b1c32;b1c33;b1c34;b1c35;b1c36;b1c37;b1c44;b1c45,b1c20;b1c21;b1c23;b1c28;b1c29;b1c42;b1c43,0,22
C061,2,b1c9;b1c14;b1c15;b1c16;b1c17;b1c20;b1c21;b1c23;b1c24;b1c25;b1c26;b1c27;b1c28;b1c29;b1c32;b1c33;b1c34;b1c35;b1c42;b1c43;b1c44;b1c45,b1c11;b1c18;b1c19;b1c30;b1c31;b1c36;b1c37,0,22
C061,3,b1c11;b1c16;b1c17;b1c18;b1c19;b1c20;b1c21;b1c23;b1c26;b1c27;b1c28;b1c29;b1c30;b1c31;b1c32;b1c33;b1c36;b1c37;b1c42;b1c43;b1c44;b1c45,b1c9;b1c14;b1c15;b1c24;b1c25;b1c34;b1c35,0,22
C062,0,b1c9;b1c11;b1c14;b1c15;b1c18;b1c19;b1c20;b1c21;b1c23;b1c24;b1c25;b1c28;b1c29;b1c30;b1c31;b1c34;b1c35;b1c36;b1c37;b1c42;b1c43,b1c16;b1c17;b1c26;b1c27;b1c32;b1c33;b1c44;b1c45,0,21
C062,1,b1c9;b1c11;b1c14;b1c15;b1c16;b1c17;b1c18;b1c19;b1c24;b1c25;b1c26;b1c27;b1c30;b1c31;b1c32;b1c33;b1c34;b1c35;b1c36;b1c37;b1c44;b1c45,b1c20;b1c21;b1c23;b1c28;b1c29;b1c42;b1c43,0,22
C062,2,b1c9;b1c14;b1c15;b1c16;b1c17;b1c20;b1c21;b1c23;b1c24;b1c25;b1c26;b1c27;b1c28;b1c29;b1c32;b1c33;b1c34;b1c35;b1c42;b1c43;b1c44;b1c45,b1c11;b1c18;b1c19;b1c30;b1c31;b1c36;b1c37,0,22
C062,3,b1c11;b1c16;b1c17;b1c18;b1c19;b1c20;b1c21;b1c23;b1c26;b1c27;b1c28;b1c29;b1c30;b1c31;b1c32;b1c33;b1c36;b1c37;b1c42;b1c43;b1c44;b1c45,b1c9;b1c14;b1c15;b1c24;b1c25;b1c34;b1c35,0,22
C063,0,b1c9;b1c11;b1c14;b1c15;b1c18;b1c19;b1c20;b1c21;b1c23;b1c24;b1c25;b1c28;b1c29;b1c30;b1c31;b1c34;b1c35;b1c36;b1c37;b1c42;b1c43,b1c16;b1c17;b1c26;b1c27;b1c32;b1c33;b1c44;b1c45,0,21
C063,1,b1c9;b1c11;b1c14;b1c15;b1c16;b1c17;b1c18;b1c19;b1c24;b1c25;b1c26;b1c27;b1c30;b1c31;b1c32;b1c33;b1c34;b1c35;b1c36;b1c37;b1c44;b1c45,b1c20;b1c21;b1c23;b1c28;b1c29;b1c42;b1c43,0,22
C063,2,b1c9;b1c14;b1c15;b1c16;b1c17;b1c20;b1c21;b1c23;b1c24;b1c25;b1c26;b1c27;b1c28;b1c29;b1c32;b1c33;b1c34;b1c35;b1c42;b1c43;b1c44;b1c45,b1c11;b1c18;b1c19;b1c30;b1c31;b1c36;b1c37,0,22
C063,3,b1c11;b1c16;b1c17;b1c18;b1c19;b1c20;b1c21;b1c23;b1c26;b1c27;b1c28;b1c29;b1c30;b1c31;b1c32;b1c33;b1c36;b1c37;b1c42;b1c43;b1c44;b1c45,b1c9;b1c14;b1c15;b1c24;b1c25;b1c34;b1c35,0,22
C064,0,b1c9;b1c11;b1c14;b1c15;b1c18;b1c19;b1c20;b1c21;b1c23;b1c24;b1c25;b1c28;b1c29;b1c30;b1c31;b1c34;b1c35;b1c36;b1c37;b1c42;b1c43,b1c16;b1c17;b1c26;b1c27;b1c32;b1c33;b1c44;b1c45,0,21
C064,1,b1c9;b1c11;b1c14;b1c15;b1c16;b1c17;b1c18;b1c19;b1c24;b1c25;b1c26;b1c27;b1c30;b1c31;b1c32;b1c33;b1c34;b1c35;b1c36;b1c37;b1c44;b1c45,b1c20;b1c21;b1c23;b1c28;b1c29;b1c42;b1c43,0,22
C064,2,b1c9;b1c14;b1c15;b1c16;b1c17;b1c20;b1c21;b1c23;b1c24;b1c25;b1c26;b1c27;b1c28;b1c29;b1c32;b1c33;b1c34;b1c35;b1c42;b1c43;b1c44;b1c45,b1c11;b1c18;b1c19;b1c30;b1c31;b1c36;b1c37,0,22
C064,3,b1c11;b1c16;b1c17;b1c18;b1c19;b1c20;b1c21;b1c23;b1c26;b1c27;b1c28;b1c29;b1c30;b1c31;b1c32;b1c33;b1c36;b1c37;b1c42;b1c43;b1c44;b1c45,b1c9;b1c14;b1c15;b1c24;b1c25;b1c34;b1c35,0,22
C065,0,b1c9;b1c11;b1c14;b1c15;b1c18;b1c19;b1c20;b1c21;b1c23;b1c24;b1c25;b1c28;b1c29;b1c30;b1c31;b1c34;b1c35;b1c36;b1c37;b1c42;b1c43,b1c16;b1c17;b1c26;b1c27;b1c32;b1c33;b1c44;b1c45,0,21
C065,1,b1c9;b1c11;b1c14;b1c15;b1c16;b1c17;b1c18;b1c19;b1c24;b1c25;b1c26;b1c27;b1c30;b1c31;b1c32;b1c33;b1c34;b1c35;b1c36;b1c37;b1c44;b1c45,b1c20;b1c21;b1c23;b1c28;b1c29;b1c42;b1c43,0,22
C065,2,b1c9;b1c14;b1c15;b1c16;b1c17;b1c20;b1c21;b1c23;b1c24;b1c25;b1c26;b1c27;b1c28;b1c29;b1c32;b1c33;b1c34;b1c35;b1c42;b1c43;b1c44;b1c45,b1c11;b1c18;b1c19;b1c30;b1c31;b1c36;b1c37,0,22
C065,3,b1c11;b1c16;b1c17;b1c18;b1c19;b1c20;b1c21;b1c23;b1c26;b1c27;b1c28;b1c29;b1c30;b1c31;b1c32;b1c33;b1c36;b1c37;b1c42;b1c43;b1c44;b1c45,b1c9;b1c14;b1c15;b1c24;b1c25;b1c34;b1c35,0,22
C066,0,b1c9;b1c11;b1c14;b1c15;b1c18;b1c19;b1c20;b1c21;b1c23;b1c24;b1c25;b1c28;b1c29;b1c30;b1c31;b1c34;b1c35;b1c36;b1c37;b1c42;b1c43,b1c16;b1c17;b1c26;b1c27;b1c32;b1c33;b1c44;b1c45,0,21
C066,1,b1c9;b1c11;b1c14;b1c15;b1c16;b1c17;b1c18;b1c19;b1c24;b1c25;b1c26;b1c27;b1c30;b1c31;b1c32;b1c33;b1c34;b1c35;b1c36;b1c37;b1c44;b1c45,b1c20;b1c21;b1c23;b1c28;b1c29;b1c42;b1c43,0,22
C066,2,b1c9;b1c14;b1c15;b1c16;b1c17;b1c20;b1c21;b1c23;b1c24;b1c25;b1c26;b1c27;b1c28;b1c29;b1c32;b1c33;b1c34;b1c35;b1c42;b1c43;b1c44;b1c45,b1c11;b1c18;b1c19;b1c30;b1c31;b1c36;b1c37,0,22
C066,3,b1c11;b1c16;b1c17;b1c18;b1c19;b1c20;b1c21;b1c23;b1c26;b1c27;b1c28;b1c29;b1c30;b1c31;b1c32;b1c33;b1c36;b1c37;b1c42;b1c43;b1c44;b1c45,b1c9;b1c14;b1c15;b1c24;b1c25;b1c34;b1c35,0,22
C067,0,b1c9;b1c11;b1c14;b1c15;b1c18;b1c19;b1c20;b1c21;b1c23;b1c24;b1c25;b1c28;b1c29;b1c30;b1c31;b1c34;b1c35;b1c36;b1c37;b1c42;b1c43,b1c16;b1c17;b1c26;b1c27;b1c32;b1c33;b1c44;b1c45,0,21
C067,1,b1c9;b1c11;b1c14;b1c15;b1c16;b1c17;b1c18;b1c19;b1c24;b1c25;b1c26;b1c27;b1c30;b1c31;b1c32;b1c33;b1c34;b1c35;b1c36;b1c37;b1c44;b1c45,b1c20;b1c21;b1c23;b1c28;b1c29;b1c42;b1c43,0,22
C067,2,b1c9;b1c14;b1c15;b1c16;b1c17;b1c20;b1c21;b1c23;b1c24;b1c25;b1c26;b1c27;b1c28;b1c29;b1c32;b1c33;b1c34;b1c35;b1c42;b1c43;b1c44;b1c45,b1c11;b1c18;b1c19;b1c30;b1c31;b1c36;b1c37,0,22
C067,3,b1c11;b1c16;b1c17;b1c18;b1c19;b1c20;b1c21;b1c23;b1c26;b1c27;b1c28;b1c29;b1c30;b1c31;b1c32;b1c33;b1c36;b1c37;b1c42;b1c43;b1c44;b1c45,b1c9;b1c14;b1c15;b1c24;b1c25;b1c34;b1c35,0,22
C068,0,b1c9;b1c11;b1c14;b1c15;b1c18;b1c19;b1c20;b1c21;b1c23;b1c24;b1c25;b1c28;b1c29;b1c30;b1c31;b1c34;b1c35;b1c36;b1c37;b1c42;b1c43,b1c16;b1c17;b1c26;b1c27;b1c32;b1c33;b1c44;b1c45,0,21
C068,1,b1c9;b1c11;b1c14;b1c15;b1c16;b1c17;b1c18;b1c19;b1c24;b1c25;b1c26;b1c27;b1c30;b1c31;b1c32;b1c33;b1c34;b1c35;b1c36;b1c37;b1c44;b1c45,b1c20;b1c21;b1c23;b1c28;b1c29;b1c42;b1c43,0,22
C068,2,b1c9;b1c14;b1c15;b1c16;b1c17;b1c20;b1c21;b1c23;b1c24;b1c25;b1c26;b1c27;b1c28;b1c29;b1c32;b1c33;b1c34;b1c35;b1c42;b1c43;b1c44;b1c45,b1c11;b1c18;b1c19;b1c30;b1c31;b1c36;b1c37,0,22
C068,3,b1c11;b1c16;b1c17;b1c18;b1c19;b1c20;b1c21;b1c23;b1c26;b1c27;b1c28;b1c29;b1c30;b1c31;b1c32;b1c33;b1c36;b1c37;b1c42;b1c43;b1c44;b1c45,b1c9;b1c14;b1c15;b1c24;b1c25;b1c34;b1c35,0,22
C069,0,b1c9;b1c11;b1c14;b1c15;b1c18;b1c19;b1c20;b1c21;b1c23;b1c24;b1c25;b1c28;b1c29;b1c30;b1c31;b1c34;b1c35;b1c36;b1c37;b1c42;b1c43,b1c16;b1c17;b1c26;b1c27;b1c32;b1c33;b1c44;b1c45,0,21
C069,1,b1c9;b1c11;b1c14;b1c15;b1c16;b1c17;b1c18;b1c19;b1c24;b1c25;b1c26;b1c27;b1c30;b1c31;b1c32;b1c33;b1c34;b1c35;b1c36;b1c37;b1c44;b1c45,b1c20;b1c21;b1c23;b1c28;b1c29;b1c42;b1c43,0,22
C069,2,b1c9;b1c14;b1c15;b1c16;b1c17;b1c20;b1c21;b1c23;b1c24;b1c25;b1c26;b1c27;b1c28;b1c29;b1c32;b1c33;b1c34;b1c35;b1c42;b1c43;b1c44;b1c45,b1c11;b1c18;b1c19;b1c30;b1c31;b1c36;b1c37,0,22
C069,3,b1c11;b1c16;b1c17;b1c18;b1c19;b1c20;b1c21;b1c23;b1c26;b1c27;b1c28;b1c29;b1c30;b1c31;b1c32;b1c33;b1c36;b1c37;b1c42;b1c43;b1c44;b1c45,b1c9;b1c14;b1c15;b1c24;b1c25;b1c34;b1c35,0,22
C070,0,b1c9;b1c11;b1c14;b1c15;b1c18;b1c19;b1c20;b1c21;b1c23;b1c24;b1c25;b1c28;b1c29;b1c30;b1c31;b1c34;b1c35;b1c36;b1c37;b1c42;b1c43,b1c16;b1c17;b1c26;b1c27;b1c32;b1c33;b1c44;b1c45,0,21
C070,1,b1c9;b1c11;b1c14;b1c15;b1c16;b1c17;b1c18;b1c19;b1c24;b1c25;b1c26;b1c27;b1c30;b1c31;b1c32;b1c33;b1c34;b1c35;b1c36;b1c37;b1c44;b1c45,b1c20;b1c21;b1c23;b1c28;b1c29;b1c42;b1c43,0,22
C070,2,b1c9;b1c14;b1c15;b1c16;b1c17;b1c20;b1c21;b1c23;b1c24;b1c25;b1c26;b1c27;b1c28;b1c29;b1c32;b1c33;b1c34;b1c35;b1c42;b1c43;b1c44;b1c45,b1c11;b1c18;b1c19;b1c30;b1c31;b1c36;b1c37,0,22
C070,3,b1c11;b1c16;b1c17;b1c18;b1c19;b1c20;b1c21;b1c23;b1c26;b1c27;b1c28;b1c29;b1c30;b1c31;b1c32;b1c33;b1c36;b1c37;b1c42;b1c43;b1c44;b1c45,b1c9;b1c14;b1c15;b1c24;b1c25;b1c34;b1c35,0,22
C071,0,b1c9;b1c11;b1c14;b1c15;b1c18;b1c19;b1c20;b1c21;b1c23;b1c24;b1c25;b1c28;b1c29;b1c30;b1c31;b1c34;b1c35;b1c36;b1c37;b1c42;b1c43,b1c16;b1c17;b1c26;b1c27;b1c32;b1c33;b1c44;b1c45,0,21
C071,1,b1c9;b1c11;b1c14;b1c15;b1c16;b1c17;b1c18;b1c19;b1c24;b1c25;b1c26;b1c27;b1c30;b1c31;b1c32;b1c33;b1c34;b1c35;b1c36;b1c37;b1c44;b1c45,b1c20;b1c21;b1c23;b1c28;b1c29;b1c42;b1c43,0,22
C071,2,b1c9;b1c14;b1c15;b1c16;b1c17;b1c20;b1c21;b1c23;b1c24;b1c25;b1c26;b1c27;b1c28;b1c29;b1c32;b1c33;b1c34;b1c35;b1c42;b1c43;b1c44;b1c45,b1c11;b1c18;b1c19;b1c30;b1c31;b1c36;b1c37,0,22
C071,3,b1c11;b1c16;b1c17;b1c18;b1c19;b1c20;b1c21;b1c23;b1c26;b1c27;b1c28;b1c29;b1c30;b1c31;b1c32;b1c33;b1c36;b1c37;b1c42;b1c43;b1c44;b1c45,b1c9;b1c14;b1c15;b1c24;b1c25;b1c34;b1c35,0,22
C072,0,b1c9;b1c11;b1c14;b1c15;b1c18;b1c19;b1c20;b1c21;b1c23;b1c24;b1c25;b1c28;b1c29;b1c30;b1c31;b1c34;b1c35;b1c36;b1c37;b1c42;b1c43,b1c16;b1c17;b1c26;b1c27;b1c32;b1c33;b1c44;b1c45,0,21
C072,1,b1c9;b1c11;b1c14;b1c15;b1c16;b1c17;b1c18;b1c19;b1c24;b1c25;b1c26;b1c27;b1c30;b1c31;b1c32;b1c33;b1c34;b1c35;b1c36;b1c37;b1c44;b1c45,b1c20;b1c21;b1c23;b1c28;b1c29;b1c42;b1c43,0,22
C072,2,b1c9;b1c14;b1c15;b1c16;b1c17;b1c20;b1c21;b1c23;b1c24;b1c25;b1c26;b1c27;b1c28;b1c29;b1c32;b1c33;b1c34;b1c35;b1c42;b1c43;b1c44;b1c45,b1c11;b1c18;b1c19;b1c30;b1c31;b1c36;b1c37,0,22
C072,3,b1c11;b1c16;b1c17;b1c18;b1c19;b1c20;b1c21;b1c23;b1c26;b1c27;b1c28;b1c29;b1c30;b1c31;b1c32;b1c33;b1c36;b1c37;b1c42;b1c43;b1c44;b1c45,b1c9;b1c14;b1c15;b1c24;b1c25;b1c34;b1c35,0,22
C073,0,b1c9;b1c11;b1c14;b1c15;b1c18;b1c19;b1c20;b1c21;b1c23;b1c24;b1c25;b1c28;b1c29;b1c30;b1c31;b1c34;b1c35;b1c36;b1c37;b1c42;b1c43,b1c16;b1c17;b1c26;b1c27;b1c32;b1c33;b1c44;b1c45,0,21
C073,1,b1c9;b1c11;b1c14;b1c15;b1c16;b1c17;b1c18;b1c19;b1c24;b1c25;b1c26;b1c27;b1c30;b1c31;b1c32;b1c33;b1c34;b1c35;b1c36;b1c37;b1c44;b1c45,b1c20;b1c21;b1c23;b1c28;b1c29;b1c42;b1c43,0,22
C073,2,b1c9;b1c14;b1c15;b1c16;b1c17;b1c20;b1c21;b1c23;b1c24;b1c25;b1c26;b1c27;b1c28;b1c29;b1c32;b1c33;b1c34;b1c35;b1c42;b1c43;b1c44;b1c45,b1c11;b1c18;b1c19;b1c30;b1c31;b1c36;b1c37,0,22
C073,3,b1c11;b1c16;b1c17;b1c18;b1c19;b1c20;b1c21;b1c23;b1c26;b1c27;b1c28;b1c29;b1c30;b1c31;b1c32;b1c33;b1c36;b1c37;b1c42;b1c43;b1c44;b1c45,b1c9;b1c14;b1c15;b1c24;b1c25;b1c34;b1c35,0,22
C074,0,b1c9;b1c11;b1c14;b1c15;b1c18;b1c19;b1c20;b1c21;b1c23;b1c24;b1c25;b1c28;b1c29;b1c30;b1c31;b1c34;b1c35;b1c36;b1c37;b1c42;b1c43,b1c16;b1c17;b1c26;b1c27;b1c32;b1c33;b1c44;b1c45,0,21
C074,1,b1c9;b1c11;b1c14;b1c15;b1c16;b1c17;b1c18;b1c19;b1c24;b1c25;b1c26;b1c27;b1c30;b1c31;b1c32;b1c33;b1c34;b1c35;b1c36;b1c37;b1c44;b1c45,b1c20;b1c21;b1c23;b1c28;b1c29;b1c42;b1c43,0,22
C074,2,b1c9;b1c14;b1c15;b1c16;b1c17;b1c20;b1c21;b1c23;b1c24;b1c25;b1c26;b1c27;b1c28;b1c29;b1c32;b1c33;b1c34;b1c35;b1c42;b1c43;b1c44;b1c45,b1c11;b1c18;b1c19;b1c30;b1c31;b1c36;b1c37,0,22
C074,3,b1c11;b1c16;b1c17;b1c18;b1c19;b1c20;b1c21;b1c23;b1c26;b1c27;b1c28;b1c29;b1c30;b1c31;b1c32;b1c33;b1c36;b1c37;b1c42;b1c43;b1c44;b1c45,b1c9;b1c14;b1c15;b1c24;b1c25;b1c34;b1c35,0,22
C075,0,b1c9;b1c11;b1c14;b1c15;b1c18;b1c19;b1c20;b1c21;b1c23;b1c24;b1c25;b1c28;b1c29;b1c30;b1c31;b1c34;b1c35;b1c36;b1c37;b1c42;b1c43,b1c16;b1c17;b1c26;b1c27;b1c32;b1c33;b1c44;b1c45,0,21
C075,1,b1c9;b1c11;b1c14;b1c15;b1c16;b1c17;b1c18;b1c19;b1c24;b1c25;b1c26;b1c27;b1c30;b1c31;b1c32;b1c33;b1c34;b1c35;b1c36;b1c37;b1c44;b1c45,b1c20;b1c21;b1c23;b1c28;b1c29;b1c42;b1c43,0,22
C075,2,b1c9;b1c14;b1c15;b1c16;b1c17;b1c20;b1c21;b1c23;b1c24;b1c25;b1c26;b1c27;b1c28;b1c29;b1c32;b1c33;b1c34;b1c35;b1c42;b1c43;b1c44;b1c45,b1c11;b1c18;b1c19;b1c30;b1c31;b1c36;b1c37,0,22
C075,3,b1c11;b1c16;b1c17;b1c18;b1c19;b1c20;b1c21;b1c23;b1c26;b1c27;b1c28;b1c29;b1c30;b1c31;b1c32;b1c33;b1c36;b1c37;b1c42;b1c43;b1c44;b1c45,b1c9;b1c14;b1c15;b1c24;b1c25;b1c34;b1c35,0,22
C076,0,b1c9;b1c11;b1c14;b1c15;b1c18;b1c19;b1c20;b1c21;b1c23;b1c24;b1c25;b1c28;b1c29;b1c30;b1c31;b1c34;b1c35;b1c36;b1c37;b1c42;b1c43,b1c16;b1c17;b1c26;b1c27;b1c32;b1c33;b1c44;b1c45,0,21
C076,1,b1c9;b1c11;b1c14;b1c15;b1c16;b1c17;b1c18;b1c19;b1c24;b1c25;b1c26;b1c27;b1c30;b1c31;b1c32;b1c33;b1c34;b1c35;b1c36;b1c37;b1c44;b1c45,b1c20;b1c21;b1c23;b1c28;b1c29;b1c42;b1c43,0,22
C076,2,b1c9;b1c14;b1c15;b1c16;b1c17;b1c20;b1c21;b1c23;b1c24;b1c25;b1c26;b1c27;b1c28;b1c29;b1c32;b1c33;b1c34;b1c35;b1c42;b1c43;b1c44;b1c45,b1c11;b1c18;b1c19;b1c30;b1c31;b1c36;b1c37,0,22
C076,3,b1c11;b1c16;b1c17;b1c18;b1c19;b1c20;b1c21;b1c23;b1c26;b1c27;b1c28;b1c29;b1c30;b1c31;b1c32;b1c33;b1c36;b1c37;b1c42;b1c43;b1c44;b1c45,b1c9;b1c14;b1c15;b1c24;b1c25;b1c34;b1c35,0,22
C077,0,b1c9;b1c11;b1c14;b1c15;b1c18;b1c19;b1c20;b1c21;b1c23;b1c24;b1c25;b1c28;b1c29;b1c30;b1c31;b1c34;b1c35;b1c36;b1c37;b1c42;b1c43,b1c16;b1c17;b1c26;b1c27;b1c32;b1c33;b1c44;b1c45,0,21
C077,1,b1c9;b1c11;b1c14;b1c15;b1c16;b1c17;b1c18;b1c19;b1c24;b1c25;b1c26;b1c27;b1c30;b1c31;b1c32;b1c33;b1c34;b1c35;b1c36;b1c37;b1c44;b1c45,b1c20;b1c21;b1c23;b1c28;b1c29;b1c42;b1c43,0,22
C077,2,b1c9;b1c14;b1c15;b1c16;b1c17;b1c20;b1c21;b1c23;b1c24;b1c25;b1c26;b1c27;b1c28;b1c29;b1c32;b1c33;b1c34;b1c35;b1c42;b1c43;b1c44;b1c45,b1c11;b1c18;b1c19;b1c30;b1c31;b1c36;b1c37,0,22
C077,3,b1c11;b1c16;b1c17;b1c18;b1c19;b1c20;b1c21;b1c23;b1c26;b1c27;b1c28;b1c29;b1c30;b1c31;b1c32;b1c33;b1c36;b1c37;b1c42;b1c43;b1c44;b1c45,b1c9;b1c14;b1c15;b1c24;b1c25;b1c34;b1c35,0,22
C078,0,b1c9;b1c11;b1c14;b1c15;b1c18;b1c19;b1c20;b1c21;b1c23;b1c24;b1c25;b1c28;b1c29;b1c30;b1c31;b1c34;b1c35;b1c36;b1c37;b1c42;b1c43,b1c16;b1c17;b1c26;b1c27;b1c32;b1c33;b1c44;b1c45,0,21
C078,1,b1c9;b1c11;b1c14;b1c15;b1c16;b1c17;b1c18;b1c19;b1c24;b1c25;b1c26;b1c27;b1c30;b1c31;b1c32;b1c33;b1c34;b1c35;b1c36;b1c37;b1c44;b1c45,b1c20;b1c21;b1c23;b1c28;b1c29;b1c42;b1c43,0,22
C078,2,b1c9;b1c14;b1c15;b1c16;b1c17;b1c20;b1c21;b1c23;b1c24;b1c25;b1c26;b1c27;b1c28;b1c29;b1c32;b1c33;b1c34;b1c35;b1c42;b1c43;b1c44;b1c45,b1c11;b1c18;b1c19;b1c30;b1c31;b1c36;b1c37,0,22
C078,3,b1c11;b1c16;b1c17;b1c18;b1c19;b1c20;b1c21;b1c23;b1c26;b1c27;b1c28;b1c29;b1c30;b1c31;b1c32;b1c33;b1c36;b1c37;b1c42;b1c43;b1c44;b1c45,b1c9;b1c14;b1c15;b1c24;b1c25;b1c34;b1c35,0,22
C079,0,b1c9;b1c11;b1c14;b1c15;b1c18;b1c19;b1c20;b1c21;b1c23;b1c24;b1c25;b1c28;b1c29;b1c30;b1c31;b1c34;b1c35;b1c36;b1c37;b1c42;b1c43,b1c16;b1c17;b1c26;b1c27;b1c32;b1c33;b1c44;b1c45,0,21
C079,1,b1c9;b1c11;b1c14;b1c15;b1c16;b1c17;b1c18;b1c19;b1c24;b1c25;b1c26;b1c27;b1c30;b1c31;b1c32;b1c33;b1c34;b1c35;b1c36;b1c37;b1c44;b1c45,b1c20;b1c21;b1c23;b1c28;b1c29;b1c42;b1c43,0,22
C079,2,b1c9;b1c14;b1c15;b1c16;b1c17;b1c20;b1c21;b1c23;b1c24;b1c25;b1c26;b1c27;b1c28;b1c29;b1c32;b1c33;b1c34;b1c35;b1c42;b1c43;b1c44;b1c45,b1c11;b1c18;b1c19;b1c30;b1c31;b1c36;b1c37,0,22
C079,3,b1c11;b1c16;b1c17;b1c18;b1c19;b1c20;b1c21;b1c23;b1c26;b1c27;b1c28;b1c29;b1c30;b1c31;b1c32;b1c33;b1c36;b1c37;b1c42;b1c43;b1c44;b1c45,b1c9;b1c14;b1c15;b1c24;b1c25;b1c34;b1c35,0,22
C080,0,b1c9;b1c11;b1c14;b1c15;b1c18;b1c19;b1c20;b1c21;b1c23;b1c24;b1c25;b1c28;b1c29;b1c30;b1c31;b1c34;b1c35;b1c36;b1c37;b1c42;b1c43,b1c16;b1c17;b1c26;b1c27;b1c32;b1c33;b1c44;b1c45,0,21
C080,1,b1c9;b1c11;b1c14;b1c15;b1c16;b1c17;b1c18;b1c19;b1c24;b1c25;b1c26;b1c27;b1c30;b1c31;b1c32;b1c33;b1c34;b1c35;b1c36;b1c37;b1c44;b1c45,b1c20;b1c21;b1c23;b1c28;b1c29;b1c42;b1c43,0,22
C080,2,b1c9;b1c14;b1c15;b1c16;b1c17;b1c20;b1c21;b1c23;b1c24;b1c25;b1c26;b1c27;b1c28;b1c29;b1c32;b1c33;b1c34;b1c35;b1c42;b1c43;b1c44;b1c45,b1c11;b1c18;b1c19;b1c30;b1c31;b1c36;b1c37,0,22
C080,3,b1c11;b1c16;b1c17;b1c18;b1c19;b1c20;b1c21;b1c23;b1c26;b1c27;b1c28;b1c29;b1c30;b1c31;b1c32;b1c33;b1c36;b1c37;b1c42;b1c43;b1c44;b1c45,b1c9;b1c14;b1c15;b1c24;b1c25;b1c34;b1c35,0,22
C081,0,b1c9;b1c11;b1c14;b1c15;b1c18;b1c19;b1c20;b1c21;b1c23;b1c24;b1c25;b1c28;b1c29;b1c30;b1c31;b1c34;b1c35;b1c36;b1c37;b1c42;b1c43,b1c16;b1c17;b1c26;b1c27;b1c32;b1c33;b1c44;b1c45,0,21
C081,1,b1c9;b1c11;b1c14;b1c15;b1c16;b1c17;b1c18;b1c19;b1c24;b1c25;b1c26;b1c27;b1c30;b1c31;b1c32;b1c33;b1c34;b1c35;b1c36;b1c37;b1c44;b1c45,b1c20;b1c21;b1c23;b1c28;b1c29;b1c42;b1c43,0,22
C081,2,b1c9;b1c14;b1c15;b1c16;b1c17;b1c20;b1c21;b1c23;b1c24;b1c25;b1c26;b1c27;b1c28;b1c29;b1c32;b1c33;b1c34;b1c35;b1c42;b1c43;b1c44;b1c45,b1c11;b1c18;b1c19;b1c30;b1c31;b1c36;b1c37,0,22
C081,3,b1c11;b1c16;b1c17;b1c18;b1c19;b1c20;b1c21;b1c23;b1c26;b1c27;b1c28;b1c29;b1c30;b1c31;b1c32;b1c33;b1c36;b1c37;b1c42;b1c43;b1c44;b1c45,b1c9;b1c14;b1c15;b1c24;b1c25;b1c34;b1c35,0,22
C082,0,b1c9;b1c11;b1c14;b1c15;b1c18;b1c19;b1c20;b1c21;b1c23;b1c24;b1c25;b1c28;b1c29;b1c30;b1c31;b1c34;b1c35;b1c36;b1c37;b1c42;b1c43,b1c16;b1c17;b1c26;b1c27;b1c32;b1c33;b1c44;b1c45,0,21
C082,1,b1c9;b1c11;b1c14;b1c15;b1c16;b1c17;b1c18;b1c19;b1c24;b1c25;b1c26;b1c27;b1c30;b1c31;b1c32;b1c33;b1c34;b1c35;b1c36;b1c37;b1c44;b1c45,b1c20;b1c21;b1c23;b1c28;b1c29;b1c42;b1c43,0,22
C082,2,b1c9;b1c14;b1c15;b1c16;b1c17;b1c20;b1c21;b1c23;b1c24;b1c25;b1c26;b1c27;b1c28;b1c29;b1c32;b1c33;b1c34;b1c35;b1c42;b1c43;b1c44;b1c45,b1c11;b1c18;b1c19;b1c30;b1c31;b1c36;b1c37,0,22
C082,3,b1c11;b1c16;b1c17;b1c18;b1c19;b1c20;b1c21;b1c23;b1c26;b1c27;b1c28;b1c29;b1c30;b1c31;b1c32;b1c33;b1c36;b1c37;b1c42;b1c43;b1c44;b1c45,b1c9;b1c14;b1c15;b1c24;b1c25;b1c34;b1c35,0,22
C083,0,b1c9;b1c11;b1c14;b1c15;b1c18;b1c19;b1c20;b1c21;b1c23;b1c24;b1c25;b1c28;b1c29;b1c30;b1c31;b1c34;b1c35;b1c36;b1c37;b1c42;b1c43,b1c16;b1c17;b1c26;b1c27;b1c32;b1c33;b1c44;b1c45,0,21
C083,1,b1c9;b1c11;b1c14;b1c15;b1c16;b1c17;b1c18;b1c19;b1c24;b1c25;b1c26;b1c27;b1c30;b1c31;b1c32;b1c33;b1c34;b1c35;b1c36;b1c37;b1c44;b1c45,b1c20;b1c21;b1c23;b1c28;b1c29;b1c42;b1c43,0,22
C083,2,b1c9;b1c14;b1c15;b1c16;b1c17;b1c20;b1c21;b1c23;b1c24;b1c25;b1c26;b1c27;b1c28;b1c29;b1c32;b1c33;b1c34;b1c35;b1c42;b1c43;b1c44;b1c45,b1c11;b1c18;b1c19;b1c30;b1c31;b1c36;b1c37,0,22
C083,3,b1c11;b1c16;b1c17;b1c18;b1c19;b1c20;b1c21;b1c23;b1c26;b1c27;b1c28;b1c29;b1c30;b1c31;b1c32;b1c33;b1c36;b1c37;b1c42;b1c43;b1c44;b1c45,b1c9;b1c14;b1c15;b1c24;b1c25;b1c34;b1c35,0,22
C084,0,b1c9;b1c11;b1c14;b1c15;b1c18;b1c19;b1c20;b1c21;b1c23;b1c24;b1c25;b1c28;b1c29;b1c30;b1c31;b1c34;b1c35;b1c36;b1c37;b1c42;b1c43,b1c16;b1c17;b1c26;b1c27;b1c32;b1c33;b1c44;b1c45,0,21
C084,1,b1c9;b1c11;b1c14;b1c15;b1c16;b1c17;b1c18;b1c19;b1c24;b1c25;b1c26;b1c27;b1c30;b1c31;b1c32;b1c33;b1c34;b1c35;b1c36;b1c37;b1c44;b1c45,b1c20;b1c21;b1c23;b1c28;b1c29;b1c42;b1c43,0,22
C084,2,b1c9;b1c14;b1c15;b1c16;b1c17;b1c20;b1c21;b1c23;b1c24;b1c25;b1c26;b1c27;b1c28;b1c29;b1c32;b1c33;b1c34;b1c35;b1c42;b1c43;b1c44;b1c45,b1c11;b1c18;b1c19;b1c30;b1c31;b1c36;b1c37,0,22
C084,3,b1c11;b1c16;b1c17;b1c18;b1c19;b1c20;b1c21;b1c23;b1c26;b1c27;b1c28;b1c29;b1c30;b1c31;b1c32;b1c33;b1c36;b1c37;b1c42;b1c43;b1c44;b1c45,b1c9;b1c14;b1c15;b1c24;b1c25;b1c34;b1c35,0,22
