dataset,cell_id,batch,policy,actual,predicted,residual,APE_pct,baseline_predicted,life_outside_train_range
Valid (Batch 1 Hold-out),b1c5,Batch 1,4.4C(80%)-4.4C,1074.0,961.4645506560377,-112.53544934396234,10.478161018990907,757.0,False
Valid (Batch 1 Hold-out),b1c6,Batch 1,4.8C(80%)-4.8C,636.0,771.804683793773,135.80468379377305,21.352937703423436,757.0,False
Valid (Batch 1 Hold-out),b1c7,Batch 1,4.8C(80%)-4.8C,870.0,792.4397560572371,-77.5602439427629,8.914970568133667,757.0,False
Valid (Batch 1 Hold-out),b1c38,Batch 1,7C(40%)-3.6C,617.0,616.4548997651117,-0.5451002348883094,0.0883468776156093,757.0,False
Valid (Batch 1 Hold-out),b1c39,Batch 1,7C(40%)-3.6C,625.0,649.5230393334307,24.523039333430688,3.92368629334891,757.0,False
Valid (Batch 1 Hold-out),b1c40,Batch 1,8C(15%)-3.6C,966.0,904.2588609296367,-61.74113907036326,6.39142226401276,757.0,False
Valid (Batch 1 Hold-out),b1c41,Batch 1,8C(15%)-3.6C,1051.0,911.7995806588541,-139.2004193411459,13.244568919233673,757.0,False
Test (Batch 2),b2c0,Batch 2,5.2C(58%)-4C,477.0,631.372550589186,154.37255058918595,32.36321815286917,772.5,True
Test (Batch 2),b2c1,Batch 2,5.6C(26%)-4.5C,491.0,533.5096803818295,42.509680381829526,8.65777604517913,772.5,True
Test (Batch 2),b2c2,Batch 2,5.2C(50%)-4.25C,424.0,617.3994119630331,193.39941196303312,45.613068859205924,772.5,True
Test (Batch 2),b2c3,Batch 2,4.65C(44%)-5C,499.0,636.016155873333,137.016155873333,27.45814746960581,772.5,True
Test (Batch 2),b2c4,Batch 2,4.65C(69%)-6C,444.0,499.6094541691264,55.60945416912642,12.524651839893338,772.5,True
Test (Batch 2),b2c5,Batch 2,3.6C(30%)-6C,416.0,423.77365388601066,7.773653886010663,1.868666799521794,772.5,True
Test (Batch 2),b2c6,Batch 2,3.6C(9%)-5C,393.0,653.496104448978,260.49610444897803,66.28399604299696,772.5,True
Test (Batch 2),b2c7,Batch 2,4.8C(80%)-4.8C-newstructure,777.0,1016.3855928028674,239.38559280286745,30.808956602685647,772.5,False
Test (Batch 2),b2c8,Batch 2,5.2C(58%)-4C-newstructure,904.0,949.5375789584186,45.537578958418635,5.037342805134805,772.5,False
Test (Batch 2),b2c9,Batch 2,5.6C(26%)-4.5C-newstructure,791.0,1074.7037887735682,283.70378877356825,35.86647139994542,772.5,False
Test (Batch 2),b2c10,Batch 2,4.8C(80%)-4.8C,492.0,612.5644129353594,120.56441293535943,24.504961978731593,772.5,True
Test (Batch 2),b2c11,Batch 2,5.2C(50%)-4.25C,449.0,630.4045551781338,181.40455517813382,40.40190538488503,772.5,True
Test (Batch 2),b2c12,Batch 2,4.65C(44%)-5C,466.0,466.229596574391,0.229596574390996,0.049269651156866094,772.5,True
Test (Batch 2),b2c13,Batch 2,4.65C(69%)-6C,460.0,557.5062887908108,97.5062887908108,21.197019302350174,772.5,True
Test (Batch 2),b2c14,Batch 2,3.6C(30%)-6C,426.0,440.65444307599455,14.65444307599455,3.44001011173581,772.5,True
Test (Batch 2),b2c15,Batch 2,3.6C(9%)-5C,396.0,646.3649524236857,250.36495242368574,63.22347283426408,772.5,True
Test (Batch 2),b2c16,Batch 2,4.8C(80%)-4.8C,472.0,635.3117147152781,163.31171471527807,34.59993955832162,772.5,True
Test (Batch 2),b2c17,Batch 2,5.6C(26%)-4.5C,471.0,638.1372975802062,167.13729758020622,35.485625813207264,772.5,True
Test (Batch 2),b2c18,Batch 2,5.2C(50%)-4.25C,449.0,745.1781311803434,296.17813118034337,65.96394903793839,772.5,True
Test (Batch 2),b2c19,Batch 2,6C(60%)-3C,392.0,530.3581398831137,138.35813988311372,35.2954438477331,772.5,True
Test (Batch 2),b2c20,Batch 2,5.2C(58%)-4C,489.0,607.6019580815499,118.60195808154992,24.25397915778117,772.5,True
Test (Batch 2),b2c21,Batch 2,6C(60%)-3C,408.0,548.3161866048033,140.3161866048033,34.391222207059634,772.5,True
Test (Batch 2),b2c24,Batch 2,4.8C(80%)-4.8C,514.0,710.8264256383555,196.82642563835554,38.293078917968,772.5,True
Test (Batch 2),b2c25,Batch 2,5.2C(58%)-4C,493.0,655.7916034927359,162.79160349273593,33.020609227735484,772.5,True
Test (Batch 2),b2c26,Batch 2,5.6C(26%)-4.5C,450.0,494.20296381458905,44.202963814589054,9.822880847686458,772.5,True
Test (Batch 2),b2c27,Batch 2,5.2C(50%)-4.25C,474.0,630.8237074338323,156.82370743383228,33.085170344690354,772.5,True
Test (Batch 2),b2c28,Batch 2,4.8C(80%)-4.8C,437.0,598.3468863880044,161.34688638800435,36.9214842993145,772.5,True
Test (Batch 2),b2c29,Batch 2,5.2C(58%)-4C,452.0,642.2253428981477,190.2253428981477,42.0852528535725,772.5,True
Test (Batch 2),b2c30,Batch 2,5.6C(26%)-4.5C,412.0,475.2503358304608,63.25033583046081,15.352023259820584,772.5,True
Test (Batch 2),b2c31,Batch 2,5.6C(26%)-4.5C,425.0,561.5979850776208,136.59798507762082,32.140702371204895,772.5,True
Test (Batch 2),b2c32,Batch 2,4.8C(80%)-4.8C-newstructure,809.0,964.5592260546266,155.5592260546266,19.228581712562,772.5,False
Test (Batch 2),b2c33,Batch 2,5.2C(58%)-4C-newstructure,1140.0,1016.3639886935655,-123.63601130643451,10.845264149687239,772.5,True
Test (Batch 2),b2c34,Batch 2,5.6C(26%)-4.5C-newstructure,1186.0,1128.5760042452066,-57.423995754793395,4.841820889948853,772.5,True
Test (Batch 2),b2c41,Batch 2,5.6C(26%)-4.5C,442.0,468.5039927224882,26.503992722488192,5.996378444001853,772.5,True
Test (Batch 2),b2c42,Batch 2,5.2C(50%)-4.25C,474.0,628.9534878704245,154.9534878704245,32.69060925536382,772.5,True
Test (Batch 2),b2c43,Batch 2,4.8C(80%)-4.8C-newstructure,1029.0,1037.131792737703,8.131792737703108,0.7902616849079794,772.5,False
Test (Batch 2),b2c44,Batch 2,5.2C(58%)-4C-newstructure,841.0,1085.0985485723268,244.09854857232676,29.024797689931837,772.5,False
Test (Batch 2),b2c45,Batch 2,5.6C(26%)-4.5C-newstructure,997.0,987.1864916284092,-9.813508371590842,0.9843037484042971,772.5,False
Test (Batch 2),b2c46,Batch 2,4.8C(80%)-4.8C,503.0,642.5496089435139,139.54960894351393,27.74346102256738,772.5,True
Test (Batch 3),b3c0,Batch 3,5C(67%)-4C-newstructure,1009.0,1023.3393528753512,14.33935287535121,1.4211449826909028,772.5,False
Test (Batch 3),b3c1,Batch 3,5.3C(54%)-4C-newstructure,1063.0,1044.2489915273463,-18.751008472653666,1.7639706935704296,772.5,False
Test (Batch 3),b3c3,Batch 3,5.6C(36%)-4.3C-newstructure,1115.0,956.8743372209998,-158.1256627790002,14.181673791838584,772.5,True
Test (Batch 3),b3c4,Batch 3,5.6C(19%)-4.6C-newstructure,1048.0,988.8677949980037,-59.13220500199634,5.6423859734729325,772.5,False
Test (Batch 3),b3c5,Batch 3,5.6C(36%)-4.3C-newstructure,828.0,955.7448586751347,127.74485867513465,15.428123028397906,772.5,False
Test (Batch 3),b3c6,Batch 3,3.7C(31%)-5.9C-newstructure,667.0,651.2558174362053,-15.744182563794652,2.3604471609887034,772.5,False
Test (Batch 3),b3c7,Batch 3,4.8C(80%)-4.8C-newstructure,1836.0,1149.345569570463,-686.6544304295369,37.399478781565186,772.5,True
Test (Batch 3),b3c8,Batch 3,5C(67%)-4C-newstructure,828.0,944.0454810014999,116.04548100149987,14.01515471032607,772.5,False
Test (Batch 3),b3c9,Batch 3,5.3C(54%)-4C-newstructure,1039.0,887.4075872619144,-151.5924127380856,14.590222592693515,772.5,False
Test (Batch 3),b3c10,Batch 3,4.8C(80%)-4.8C-newstructure,1078.0,1109.3207052101593,31.320705210159304,2.905445752333887,772.5,True
Test (Batch 3),b3c11,Batch 3,5.6C(19%)-4.6C-newstructure,817.0,837.0439628951171,20.043962895117147,2.453361431470887,772.5,False
Test (Batch 3),b3c12,Batch 3,5.6C(36%)-4.3C-newstructure,932.0,869.0430632006044,-62.956936799395635,6.755036137274209,772.5,False
Test (Batch 3),b3c13,Batch 3,5.6C(19%)-4.6C-newstructure,816.0,945.4226675507024,129.42266755070239,15.86062102337039,772.5,False
Test (Batch 3),b3c14,Batch 3,5.6C(36%)-4.3C-newstructure,858.0,896.3918895698666,38.391889569866635,4.47457920394716,772.5,False
Test (Batch 3),b3c15,Batch 3,5.9C(15%)-4.6C-newstructure,876.0,896.9177498156394,20.917749815639354,2.3878709835204743,772.5,False
Test (Batch 3),b3c16,Batch 3,4.8C(80%)-4.8C-newstructure,1638.0,1255.7723230118354,-382.2276769881646,23.335023015150465,772.5,True
Test (Batch 3),b3c17,Batch 3,5.3C(54%)-4C-newstructure,1315.0,1123.9872785044217,-191.01272149557826,14.525682243009754,772.5,True
Test (Batch 3),b3c18,Batch 3,5.6C(19%)-4.6C-newstructure,1146.0,1027.9617164905019,-118.03828350949811,10.3000247390487,772.5,True
Test (Batch 3),b3c19,Batch 3,5.6C(36%)-4.3C-newstructure,1155.0,985.4936283693492,-169.50637163065085,14.675876331658081,772.5,True
Test (Batch 3),b3c20,Batch 3,5C(67%)-4C-newstructure,813.0,930.8778264545685,117.87782645456855,14.499117645088383,772.5,False
Test (Batch 3),b3c21,Batch 3,3.7C(31%)-5.9C-newstructure,772.0,743.6388914056519,-28.36110859434814,3.6737187298378418,772.5,False
Test (Batch 3),b3c22,Batch 3,5.9C(60%)-3.1C-newstructure,1002.0,920.7807211465487,-81.21927885345133,8.105716452440252,772.5,False
Test (Batch 3),b3c24,Batch 3,5C(67%)-4C-newstructure,825.0,976.8630256463875,151.86302564638754,18.4076394722894,772.5,False
Test (Batch 3),b3c25,Batch 3,5.3C(54%)-4C-newstructure,989.0,972.3662821033419,-16.63371789665814,1.6818723859108333,772.5,False
Test (Batch 3),b3c26,Batch 3,5.6C(19%)-4.6C-newstructure,1028.0,1010.0949485394108,-17.90505146058922,1.7417365234036206,772.5,False
Test (Batch 3),b3c27,Batch 3,5.6C(36%)-4.3C-newstructure,850.0,963.8693499481847,113.86934994818466,13.396394111551137,772.5,False
Test (Batch 3),b3c28,Batch 3,3.7C(31%)-5.9C-newstructure,541.0,612.9563433496329,71.9563433496329,13.300617994386858,772.5,False
Test (Batch 3),b3c29,Batch 3,5.9C(15%)-4.6C-newstructure,858.0,929.4458854822827,71.44588548228273,8.327026279986333,772.5,False
Test (Batch 3),b3c30,Batch 3,5.3C(54%)-4C-newstructure,935.0,948.4013053916174,13.40130539161737,1.433294694290628,772.5,False
Test (Batch 3),b3c31,Batch 3,5.9C(60%)-3.1C-newstructure,731.0,813.6050181076108,82.60501810761082,11.30027607491256,772.5,False
Test (Batch 3),b3c33,Batch 3,5C(67%)-4C-newstructure,1284.0,1101.3259016143247,-182.67409838567528,14.226954702934211,772.5,True
Test (Batch 3),b3c34,Batch 3,5.3C(54%)-4C-newstructure,1158.0,1054.653576500302,-103.34642349969795,8.924561614827113,772.5,True
Test (Batch 3),b3c35,Batch 3,5.6C(19%)-4.6C-newstructure,1093.0,1018.0345581206931,-74.96544187930692,6.858686356752692,772.5,True
Test (Batch 3),b3c36,Batch 3,5.6C(36%)-4.3C-newstructure,923.0,1027.6544527670585,104.6544527670585,11.33851059231403,772.5,False
Test (Batch 3),b3c38,Batch 3,5C(67%)-4C-newstructure,1935.0,1073.476638836069,-861.523361163931,44.523171119583,772.5,True
Test (Batch 3),b3c39,Batch 3,5.3C(54%)-4C-newstructure,1156.0,1131.7050680390118,-24.29493196098815,2.101637712888248,772.5,True
Test (Batch 3),b3c40,Batch 3,5.6C(19%)-4.6C-newstructure,796.0,1049.196386629162,253.1963866291619,31.80859128507059,772.5,False
Test (Batch 3),b3c41,Batch 3,5.6C(36%)-4.3C-newstructure,786.0,1010.0959606425406,224.0959606425406,28.510936468516615,772.5,False
Test (Batch 3),b3c44,Batch 3,5.3C(54%)-4C-newstructure,940.0,964.5744150370504,24.574415037050358,2.6142994720266337,772.5,False
Test (Batch 3),b3c45,Batch 3,4.8C(80%)-4.8C-newstructure,1801.0,1165.952429746594,-635.0475702534061,35.260831218956476,772.5,True
