cell_id,policy,planned_split,cv_fold
b1c5,4.4C(80%)-4.4C,validation,-1
b1c6,4.8C(80%)-4.8C,validation,-1
b1c7,4.8C(80%)-4.8C,validation,-1
b1c9,5.4C(40%)-3.6C,train,3
b1c11,5.4C(50%)-3C,train,2
b1c14,5.4C(60%)-3C,train,3
b1c15,5.4C(60%)-3C,train,3
b1c16,5.4C(60%)-3.6C,train,0
b1c17,5.4C(60%)-3.6C,train,0
b1c18,5.4C(70%)-3C,train,2
b1c19,5.4C(70%)-3C,train,2
b1c20,5.4C(80%)-5.4C,train,1
b1c21,5.4C(80%)-5.4C,train,1
b1c23,6C(30%)-3.6C,train,1
b1c24,6C(40%)-3C,train,3
b1c25,6C(40%)-3C,train,3
b1c26,6C(40%)-3.6C,train,0
b1c27,6C(40%)-3.6C,train,0
b1c28,6C(50%)-3C,train,1
b1c29,6C(50%)-3C,train,1
b1c30,6C(50%)-3.6C,train,2
b1c31,6C(50%)-3.6C,train,2
b1c32,6C(60%)-3C,train,0
b1c33,6C(60%)-3C,train,0
b1c34,7C(30%)-3.6C,train,3
b1c35,7C(30%)-3.6C,train,3
b1c36,7C(40%)-3C,train,2
b1c37,7C(40%)-3C,train,2
b1c38,7C(40%)-3.6C,validation,-1
b1c39,7C(40%)-3.6C,validation,-1
b1c40,8C(15%)-3.6C,validation,-1
b1c41,8C(15%)-3.6C,validation,-1
b1c42,8C(25%)-3.6C,train,1
b1c43,8C(25%)-3.6C,train,1
b1c44,8C(35%)-3.6C,train,0
b1c45,8C(35%)-3.6C,train,0
