cell_id,batch,voltage_points,voltage_min,voltage_max,q10_mean,q100_mean,dq_mean,offset_invariant_log_var
b1c0,Batch 1,1000,2.0,3.5,0.7481766667360082,0.7453032515113164,-0.0028734152246919164,-5.0144265311867695
b1c1,Batch 1,1000,2.0,3.5,0.7505682940436927,0.7464686794223475,-0.00409961462134519,-5.013525105388837
b1c2,Batch 1,1000,2.0,3.5,0.7554181834902703,0.7509314492073834,-0.004486734282886989,-4.736565230206518
b1c3,Batch 1,1000,2.0,3.5,0.7572277295763125,0.7497719448762941,-0.007455784700018413,-4.442178847502994
b1c4,Batch 1,1000,2.0,3.5,0.75058276649265,0.7448327583706899,-0.005750008121960181,-4.647309148533841
b1c5,Batch 1,1000,2.0,3.5,0.745616679916703,0.7345427669369643,-0.01107391297973859,-4.178443451530505
b1c6,Batch 1,1000,2.0,3.5,0.7506766228360315,0.7347115665877569,-0.015965056248274823,-3.768443388453706
b1c7,Batch 1,1000,2.0,3.5,0.7673260046218563,0.7506802773762367,-0.016645727245619735,-3.8130515655529686
b1c8,Batch 1,1000,2.0,3.5,0.7621639237935394,0.7493449565615165,-0.012818967232022799,-4.000760096997117
b1c9,Batch 1,1000,2.0,3.5,0.7599258035670307,0.7484152029985505,-0.011510600568480111,-4.058949165995527
b1c10,Batch 1,1000,2.0,3.5,0.7539771612468951,0.7433091534031611,-0.010668007843734223,-4.022138634713042
b1c11,Batch 1,1000,2.0,3.5,0.7360028605626302,0.7276246554601002,-0.008378205102529986,-4.146462018728171
b1c12,Batch 1,1000,2.0,3.5,0.7568967725349328,0.7456588142012255,-0.011237958333707347,-4.124756137214855
b1c13,Batch 1,1000,2.0,3.5,0.7516831376877338,0.7385344033060753,-0.013148734381658471,-4.047571945868677
b1c14,Batch 1,1000,2.0,3.5,0.7461115422067462,0.7341653239832784,-0.011946218223467892,-4.045635328216262
b1c15,Batch 1,1000,2.0,3.5,0.7426368083968139,0.7316237190836334,-0.011013089313180444,-4.017514591393589
b1c16,Batch 1,1000,2.0,3.5,0.7527969679368256,0.7403931617730332,-0.012403806163792485,-4.098979163669727
b1c17,Batch 1,1000,2.0,3.5,0.7454476150078277,0.7321044992504281,-0.013343115757399526,-3.9697249393883856
b1c18,Batch 1,1000,2.0,3.5,0.7353760336072933,0.7146736468039546,-0.02070238680333876,-3.6496460333798235
b1c19,Batch 1,1000,2.0,3.5,0.7554083652500715,0.7353020904283017,-0.020106274821769736,-3.6194723156628177
b1c20,Batch 1,1000,2.0,3.5,0.74983436818997,0.7170383851828224,-0.03279598300714767,-3.3668028984718394
b1c21,Batch 1,1000,2.0,3.5,0.7614437192579175,0.7307861421452069,-0.030657577112710634,-3.34990353982557
b1c22,Batch 1,1000,2.0,3.5,0.7537832445436347,0.739066873230426,-0.014716371313208602,-3.9517341613687624
b1c23,Batch 1,1000,2.0,3.5,0.7523619300382918,0.7390213095259316,-0.013340620512360239,-4.040359131553872
b1c24,Batch 1,1000,2.0,3.5,0.7537597145783044,0.7398862075650218,-0.013873507013282613,-3.9382280118825164
b1c25,Batch 1,1000,2.0,3.5,0.7568404721348725,0.7444342790819851,-0.012406193052887388,-4.027454308766241
b1c26,Batch 1,1000,2.0,3.5,0.7638225098215191,0.7459723526958942,-0.01785015712562481,-3.794785485011326
b1c27,Batch 1,1000,2.0,3.5,0.7576723703557058,0.7421581832090497,-0.01551418714665611,-3.8532686882819216
b1c28,Batch 1,1000,2.0,3.5,0.7556467426406381,0.7389486198854754,-0.016698122755162716,-3.844277295722182
b1c29,Batch 1,1000,2.0,3.5,0.7571526021858758,0.7405520787589447,-0.01660052342693117,-3.837847193189059
b1c30,Batch 1,1000,2.0,3.5,0.7602623096556391,0.742543187488838,-0.017719122166801278,-3.7442647061242904
b1c31,Batch 1,1000,2.0,3.5,0.768367803494451,0.7503842146912041,-0.017983588803246863,-3.7772981123140252
b1c32,Batch 1,1000,2.0,3.5,0.7554050346218338,0.7346747607848265,-0.020730273837007353,-3.646028985296344
b1c33,Batch 1,1000,2.0,3.5,0.7645001086307274,0.7428485393293695,-0.021651569301358076,-3.6666230858126236
b1c34,Batch 1,1000,2.0,3.5,0.7429194173360876,0.7268390579057706,-0.016080359430316875,-3.848181645234819
b1c35,Batch 1,1000,2.0,3.5,0.7485880046095197,0.7303646629554355,-0.018223341654084003,-3.7721713038220117
b1c36,Batch 1,1000,2.0,3.5,0.7567327291546335,0.7356903782966067,-0.02104235085802675,-3.6690668308219268
b1c37,Batch 1,1000,2.0,3.5,0.754032516167016,0.7345956915320995,-0.019436824634916583,-3.673504381540903
b1c38,Batch 1,1000,2.0,3.5,0.7490003388647838,0.7222361450298164,-0.026764193834967424,-3.432613661772658
b1c39,Batch 1,1000,2.0,3.5,0.759172920305937,0.7347328788189309,-0.024440041487006035,-3.5040992086790537
b1c40,Batch 1,1000,2.0,3.5,0.7575100239214214,0.7448812160737179,-0.012628807847703542,-4.054778193380718
b1c41,Batch 1,1000,2.0,3.5,0.7538894629581766,0.7415308943953305,-0.012358568562846162,-4.071079457405483
b1c42,Batch 1,1000,2.0,3.5,0.7555520379521108,0.7349528276992976,-0.020599210252813277,-3.665421273494984
b1c43,Batch 1,1000,2.0,3.5,0.7451616437958006,0.7259960170173244,-0.019165626778476195,-3.6673445598607963
b1c44,Batch 1,1000,2.0,3.5,0.7554236282565624,0.7260945353552453,-0.029329092901317067,-3.4202654930324226
b1c45,Batch 1,1000,2.0,3.5,0.754197622399159,0.7253315318780232,-0.02886609052113574,-3.424857723924836
b2c0,Batch 2,1000,2.0,3.5,0.7554460500706743,0.7296450498972882,-0.025801000173386008,-3.486830284527127
b2c1,Batch 2,1000,2.0,3.5,0.7610176815177838,0.7254226738781006,-0.035595007639683186,-3.297616853702019
b2c2,Batch 2,1000,2.0,3.5,0.7352864497797675,0.7102730633595534,-0.025013386420214043,-3.4598138533388
b2c3,Batch 2,1000,2.0,3.5,0.7645230555205313,0.7444331726018326,-0.020089882918698704,-3.4958084852006754
b2c4,Batch 2,1000,2.0,3.5,0.7421868994061259,0.7074051029212369,-0.034781796484889084,-3.232072300452541
b2c5,Batch 2,1000,2.0,3.5,0.7562927644242877,0.7098073598237977,-0.04648540460048997,-3.0854472125051675
b2c6,Batch 2,1000,2.0,3.5,0.7510758828998694,0.7302510904393523,-0.02082479246051704,-3.5296051747279322
b2c7,Batch 2,1000,2.0,3.5,0.7460492750810045,0.737226175246296,-0.008823099834708447,-4.231235578131388
b2c8,Batch 2,1000,2.0,3.5,0.7487966023867199,0.7375931868066739,-0.011203415580045945,-4.101987968526722
b2c9,Batch 2,1000,2.0,3.5,0.757661477579947,0.7502145172463779,-0.007446960333569007,-4.343991170888546
b2c10,Batch 2,1000,2.0,3.5,0.7561649569903307,0.7266446606907615,-0.02952029629956943,-3.450465601523543
b2c11,Batch 2,1000,2.0,3.5,0.7481929139435504,0.7241802804759365,-0.024012633467613776,-3.484958709205863
b2c12,Batch 2,1000,2.0,3.5,0.7515945555109571,0.7121969632388027,-0.03939759227215439,-3.167533856376959
b2c13,Batch 2,1000,2.0,3.5,0.7440436029367569,0.709973580814145,-0.0340700221226121,-3.344013210109811
b2c14,Batch 2,1000,2.0,3.5,0.7366995324979946,0.6921437679876311,-0.04455576451036339,-3.1180854544748184
b2c15,Batch 2,1000,2.0,3.5,0.7238868691677887,0.6997515808151342,-0.024135288352654265,-3.5158174150026964
b2c16,Batch 2,1000,2.0,3.5,0.7526547883684219,0.7264101359574794,-0.026244652410942607,-3.4944464801006045
b2c17,Batch 2,1000,2.0,3.5,0.7627924940155314,0.7384461536280853,-0.024346340387445996,-3.4999096167000205
b2c18,Batch 2,1000,2.0,3.5,0.7408738476652738,0.7242329565543412,-0.016640891110932497,-3.70686822440228
b2c19,Batch 2,1000,2.0,3.5,0.7557603704758422,0.7214521626779204,-0.03430820779792184,-3.2915234927686763
b2c20,Batch 2,1000,2.0,3.5,0.7611398067225565,0.736704667270968,-0.024435139451588442,-3.440870919636383
b2c21,Batch 2,1000,2.0,3.5,0.7571248470482135,0.7238362944372085,-0.03328855261100499,-3.326244563425288
b2c22,Batch 2,1000,2.0,3.5,0.7612517316975289,0.7586329153943066,-0.002618816303222525,-4.640734188833994
b2c23,Batch 2,1000,2.0,3.5,0.7653573691655949,0.7537672088044642,-0.011590160361131023,-4.355819765383145
b2c24,Batch 2,1000,2.0,3.5,0.7522181335897554,0.7294466538149919,-0.02277147977476359,-3.640450756301035
b2c25,Batch 2,1000,2.0,3.5,0.756407628489355,0.7327966460449377,-0.023610982444417374,-3.5340434182477156
b2c26,Batch 2,1000,2.0,3.5,0.753324670688329,0.7152861290343286,-0.03803854165400029,-3.2216190960192623
b2c27,Batch 2,1000,2.0,3.5,0.7484566708299099,0.723772743027667,-0.02468392780224258,-3.4857691211237922
b2c28,Batch 2,1000,2.0,3.5,0.7409020078254457,0.7129126752327832,-0.027989332592662373,-3.4229766573491887
b2c29,Batch 2,1000,2.0,3.5,0.7536753331141985,0.7283531007376266,-0.02532223237657199,-3.5078136673204168
b2c30,Batch 2,1000,2.0,3.5,0.7415205223917455,0.7018646329017749,-0.03965588948997046,-3.1849750475008567
b2c31,Batch 2,1000,2.0,3.5,0.7509803733804518,0.7203559166164086,-0.030624456764042955,-3.351924319713292
b2c32,Batch 2,1000,2.0,3.5,0.7463836960097119,0.7329937561760649,-0.013389939833647101,-4.13103164339233
b2c33,Batch 2,1000,2.0,3.5,0.7546476608717985,0.7430681198640123,-0.011579541007786182,-4.2311938075637325
b2c34,Batch 2,1000,2.0,3.5,0.7535319496408488,0.7454118950617746,-0.008120054579074073,-4.448150661550735
b2c35,Batch 2,1000,2.0,3.5,0.7497160975638757,0.7048948532593579,-0.044821244304517734,-3.2184744490870476
b2c36,Batch 2,1000,2.0,3.5,0.74696918508478,0.6625404197704209,-0.08442876531435932,-2.68448329757314
b2c37,Batch 2,1000,2.0,3.5,0.7556365731393203,0.7526545265222352,-0.0029820466170849703,-4.770176374855136
b2c38,Batch 2,1000,2.0,3.5,0.7526441487069498,0.7394959389950043,-0.013148209711945616,-4.214915742585958
b2c39,Batch 2,1000,2.0,3.5,0.7418212618698163,0.7072682422196563,-0.03455301965015995,-3.362148981503471
b2c40,Batch 2,1000,2.0,3.5,0.7505973651236925,0.7251215342954408,-0.02547583082825176,-3.5991327645155344
b2c41,Batch 2,1000,2.0,3.5,0.7526856528435912,0.71491736134789,-0.037768291495701274,-3.17193129840298
b2c42,Batch 2,1000,2.0,3.5,0.7523673033821467,0.723026588455778,-0.02934071492636848,-3.4821531362335185
b2c43,Batch 2,1000,2.0,3.5,0.7551861883416193,0.747407839990226,-0.00777834835139346,-4.27134741684955
b2c44,Batch 2,1000,2.0,3.5,0.7548403377039636,0.7460897650867927,-0.008750572617170911,-4.3640889685513224
b2c45,Batch 2,1000,2.0,3.5,0.768618562658407,0.7574608963728214,-0.011157666285585534,-4.174780437396987
b2c46,Batch 2,1000,2.0,3.5,0.7480477406035458,0.7252134419716327,-0.02283429863191323,-3.5084406210446826
b3c0,Batch 3,1000,2.0,3.5,0.748968408368584,0.7388662309748927,-0.01010217739369119,-4.244680358543627
b3c1,Batch 3,1000,2.0,3.5,0.7513716051346895,0.7417505862053285,-0.009621018929360837,-4.285108198625103
b3c2,Batch 3,1000,2.0,3.5,0.7559523361890673,0.7533391938535839,-0.0026131423354832516,-4.778946078146963
b3c3,Batch 3,1000,2.0,3.5,0.7542183326032545,0.7435129182505413,-0.010705414352713173,-4.116173258607179
b3c4,Batch 3,1000,2.0,3.5,0.7591393062155035,0.7490328673465968,-0.01010643886890673,-4.178031161375803
b3c5,Batch 3,1000,2.0,3.5,0.73439760672935,0.7229518412916572,-0.011445765437692483,-4.113989462952569
b3c6,Batch 3,1000,2.0,3.5,0.7468961573543063,0.7183785962538525,-0.028517561100453784,-3.525273681171474
b3c7,Batch 3,1000,2.0,3.5,0.752989004304779,0.7459512252898992,-0.007037779014879844,-4.48830767619389
b3c8,Batch 3,1000,2.0,3.5,0.7465400767862103,0.7347337083597952,-0.011806368426415048,-4.091369245668356
b3c9,Batch 3,1000,2.0,3.5,0.7523480204692635,0.7378700086585075,-0.01447801181075607,-3.98186244123407
b3c10,Batch 3,1000,2.0,3.5,0.7430196067903032,0.7346844232078134,-0.008335183582489896,-4.410921412252559
b3c11,Batch 3,1000,2.0,3.5,0.7491295500896717,0.7335088589140183,-0.015620691175653465,-3.8844866526940733
b3c12,Batch 3,1000,2.0,3.5,0.7521038241377105,0.7367889310740909,-0.01531489306361951,-3.946355465036171
b3c13,Batch 3,1000,2.0,3.5,0.7459736845042378,0.7342082043068039,-0.01176548019743392,-4.094031973537554
b3c14,Batch 3,1000,2.0,3.5,0.7540054741516621,0.740801916819011,-0.013203557332650977,-3.9992331831677133
b3c15,Batch 3,1000,2.0,3.5,0.7465227454442035,0.7331824146126235,-0.013340330831580071,-4.00024991015545
b3c16,Batch 3,1000,2.0,3.5,0.7477046631556091,0.7423813608006291,-0.005323302354980101,-4.694078987698978
b3c17,Batch 3,1000,2.0,3.5,0.7577531533172418,0.7505169364874166,-0.007236216829825155,-4.43927856799074
b3c18,Batch 3,1000,2.0,3.5,0.756246011811601,0.745903754567933,-0.010342257243667845,-4.2536174894114485
b3c19,Batch 3,1000,2.0,3.5,0.7556876390306223,0.7441421593674722,-0.011545479663150093,-4.171507362895025
b3c20,Batch 3,1000,2.0,3.5,0.747843146465379,0.735923763078059,-0.011919383387319954,-4.065910181495544
b3c21,Batch 3,1000,2.0,3.5,0.7515680781669848,0.7280293739439329,-0.02353870422305198,-3.7038921739552135
b3c22,Batch 3,1000,2.0,3.5,0.7401136929828882,0.7263911424665253,-0.013722550516362944,-4.046387885320449
b3c23,Batch 3,1000,2.0,3.5,0.7468441086268827,0.7400354499425105,-0.006808658684372332,-4.543355442337179
b3c24,Batch 3,1000,2.0,3.5,0.7327247425158888,0.7223792597206007,-0.010345482795288031,-4.154820483102516
b3c25,Batch 3,1000,2.0,3.5,0.7484798183925272,0.7375539967463597,-0.010925821646167616,-4.146126232959254
b3c26,Batch 3,1000,2.0,3.5,0.7613996021691335,0.7512600093856686,-0.01013959278346487,-4.219072902127027
b3c27,Batch 3,1000,2.0,3.5,0.7479473260247449,0.7372374151515163,-0.01070991087322853,-4.12969779916042
b3c28,Batch 3,1000,2.0,3.5,0.7392479557842223,0.708991836569513,-0.03025611921470947,-3.4512233812429836
b3c29,Batch 3,1000,2.0,3.5,0.7483169853415701,0.7370164101930169,-0.011300575148553208,-4.06314158842719
b3c30,Batch 3,1000,2.0,3.5,0.7532963845317161,0.7421588136323334,-0.011137570899382837,-4.099791035006636
b3c31,Batch 3,1000,2.0,3.5,0.7492767075209765,0.7329261589594869,-0.01635054856148944,-3.839168513661697
b3c32,Batch 3,1000,2.0,3.5,0.7590511331019218,0.7557942322031566,-0.0032569008987653743,-4.672918260349452
b3c33,Batch 3,1000,2.0,3.5,0.7470958035988474,0.7392471252370598,-0.00784867836178756,-4.395463821299672
b3c34,Batch 3,1000,2.0,3.5,0.7467278199933345,0.7371758144255616,-0.00955200556777299,-4.305224992817558
b3c35,Batch 3,1000,2.0,3.5,0.7495826734028027,0.7397562477013077,-0.009826425701495065,-4.234423777950546
b3c36,Batch 3,1000,2.0,3.5,0.7444646992956204,0.7345563418256957,-0.009908357469924613,-4.253023408907191
b3c37,Batch 3,1000,2.0,3.5,0.736226738875486,0.7351499411091601,-0.001076797766325731,-5.0984213376234795
b3c38,Batch 3,1000,2.0,3.5,0.7498191921993593,0.7411261088263839,-0.008693083372975452,-4.341618532018267
b3c39,Batch 3,1000,2.0,3.5,0.7308833871471344,0.724454948557574,-0.006428438589560583,-4.454200564792302
b3c40,Batch 3,1000,2.0,3.5,0.7428876423283034,0.7338087808493777,-0.009078861478925766,-4.294673763163302
b3c41,Batch 3,1000,2.0,3.5,0.7319142313812083,0.7221661808561837,-0.009748050525024678,-4.219074858982626
b3c42,Batch 3,1000,2.0,3.5,0.7443117085652127,0.7450962280358387,0.0007845194706261452,-4.345760173287821
b3c43,Batch 3,1000,2.0,3.5,0.7455421923940707,0.7422761354606437,-0.003266056933426803,-4.3163135082513255
b3c44,Batch 3,1000,2.0,3.5,0.7496523866258882,0.7384213255293963,-0.011231061096491921,-4.131061010602478
b3c45,Batch 3,1000,2.0,3.5,0.7517507041351347,0.7446189516731486,-0.007131752461986142,-4.520416288811736
