cell_id,batch,cycle_life,last_qd,n_cycles,dq_valid,analysis_eligible,review_reason
b1c0,Batch 1,1190.0,1.0262098,1189,True,False,unresolved_EOl_or_continuation
b1c1,Batch 1,1179.0,1.0382246,1178,True,False,unresolved_EOl_or_continuation
b1c2,Batch 1,1177.0,1.0432786,1176,True,False,unresolved_EOl_or_continuation
b1c3,Batch 1,1226.0,0.97092122,1225,True,False,unresolved_EOl_or_continuation
b1c4,Batch 1,1227.0,1.0219597,1226,True,False,unresolved_EOl_or_continuation
b1c5,Batch 1,1074.0,0.88053626,1073,True,True,
b1c6,Batch 1,636.0,0.8800565,635,True,True,
b1c7,Batch 1,870.0,0.88110596,869,True,True,
b1c8,Batch 1,879.0,0.96902454,878,True,False,unresolved_EOl_or_continuation
b1c9,Batch 1,1054.0,0.8809284,1053,True,True,
b1c10,Batch 1,906.0,0.96101874,905,True,False,unresolved_EOl_or_continuation
b1c11,Batch 1,788.0,0.88054359,787,True,True,
b1c12,Batch 1,902.0,0.91311944,901,True,False,unresolved_EOl_or_continuation
b1c13,Batch 1,897.0,0.92313582,896,True,False,unresolved_EOl_or_continuation
b1c14,Batch 1,880.0,0.8800649,879,True,True,
b1c15,Batch 1,719.0,0.88298881,718,True,True,
b1c16,Batch 1,862.0,0.88096577,861,True,True,
b1c17,Batch 1,857.0,0.8832469,856,True,True,
b1c18,Batch 1,691.0,0.88114411,690,True,True,
b1c19,Batch 1,788.0,0.88093972,787,True,True,
b1c20,Batch 1,534.0,0.88078493,533,True,True,
b1c21,Batch 1,559.0,0.88016534,558,True,True,
b1c22,Batch 1,891.0,0.96327895,890,True,False,unresolved_EOl_or_continuation
b1c23,Batch 1,1014.0,0.88066453,1013,True,True,
b1c24,Batch 1,1017.0,0.88046598,1016,True,True,
b1c25,Batch 1,854.0,0.88019997,853,True,True,
b1c26,Batch 1,870.0,0.88105017,869,True,True,
b1c27,Batch 1,842.0,0.88130057,841,True,True,
b1c28,Batch 1,860.0,0.88058227,859,True,True,
b1c29,Batch 1,917.0,0.88035375,916,True,True,
b1c30,Batch 1,709.0,0.88054287,708,True,True,
b1c31,Batch 1,876.0,0.88099223,875,True,True,
b1c32,Batch 1,731.0,0.88080907,730,True,True,
b1c33,Batch 1,757.0,0.88011229,756,True,True,
b1c34,Batch 1,742.0,0.88205445,741,True,True,
b1c35,Batch 1,703.0,0.8802399,702,True,True,
b1c36,Batch 1,704.0,0.88231802,703,True,True,
b1c37,Batch 1,648.0,0.88336319,647,True,True,
b1c38,Batch 1,617.0,0.88110942,616,True,True,
b1c39,Batch 1,625.0,0.88011074,624,True,True,
b1c40,Batch 1,966.0,0.88060951,965,True,True,
b1c41,Batch 1,1051.0,0.88106161,1050,True,True,
b1c42,Batch 1,702.0,0.88035142,701,True,True,
b1c43,Batch 1,651.0,0.88044435,650,True,True,
b1c44,Batch 1,616.0,0.88048309,615,True,True,
b1c45,Batch 1,599.0,0.88104212,598,True,True,
b2c0,Batch 2,477.0,0.82661337,496,True,True,
b2c1,Batch 2,491.0,0.82848173,513,True,True,
b2c2,Batch 2,424.0,0.82700932,439,True,True,
b2c3,Batch 2,499.0,0.82550967,517,True,True,
b2c4,Batch 2,444.0,0.82712674,464,True,True,
b2c5,Batch 2,416.0,0.8261537,445,True,True,
b2c6,Batch 2,393.0,0.82940364,409,True,True,
b2c7,Batch 2,777.0,0.8264814,806,True,True,
b2c8,Batch 2,904.0,0.8255862,947,True,True,
b2c9,Batch 2,791.0,0.82610458,819,True,True,
b2c10,Batch 2,492.0,0.82791102,519,True,True,
b2c11,Batch 2,449.0,0.82524824,468,True,True,
b2c12,Batch 2,466.0,0.82528538,493,True,True,
b2c13,Batch 2,460.0,0.82574999,483,True,True,
b2c14,Batch 2,426.0,0.82618046,461,True,True,
b2c15,Batch 2,396.0,0.82608759,414,True,True,
b2c16,Batch 2,472.0,0.82648873,499,True,True,
b2c17,Batch 2,471.0,0.8272146,494,True,True,
b2c18,Batch 2,449.0,0.82719898,467,True,True,
b2c19,Batch 2,392.0,0.82597393,411,True,True,
b2c20,Batch 2,489.0,0.82856864,506,True,True,
b2c21,Batch 2,408.0,0.82783753,426,True,True,
b2c22,Batch 2,,1.0556005,920,True,False,missing_target;special_protocol
b2c23,Batch 2,,0.97824305,1152,True,False,missing_target;special_protocol
b2c24,Batch 2,514.0,0.82615805,536,True,True,
b2c25,Batch 2,493.0,0.82751423,511,True,True,
b2c26,Batch 2,450.0,0.82529837,476,True,True,
b2c27,Batch 2,474.0,0.8266983,493,True,True,
b2c28,Batch 2,437.0,0.82741743,456,True,True,
b2c29,Batch 2,452.0,0.82541627,470,True,True,
b2c30,Batch 2,412.0,0.82665932,429,True,True,
b2c31,Batch 2,425.0,0.82528561,446,True,True,
b2c32,Batch 2,809.0,0.82744044,834,True,True,
b2c33,Batch 2,1140.0,0.82506907,1190,True,True,
b2c34,Batch 2,1186.0,0.82562441,1252,True,True,
b2c35,Batch 2,,0.88112044,423,True,False,missing_target;special_protocol
b2c36,Batch 2,,0.88107425,280,True,False,missing_target;special_protocol
b2c37,Batch 2,,2.1693008,101,True,False,missing_target;special_protocol
b2c38,Batch 2,,2.1653843,101,True,False,missing_target;special_protocol
b2c39,Batch 2,,0.88120419,434,True,False,missing_target;special_protocol
b2c40,Batch 2,,0.88021344,459,True,False,missing_target;special_protocol
b2c41,Batch 2,442.0,0.82606894,463,True,True,
b2c42,Batch 2,474.0,0.82577723,497,True,True,
b2c43,Batch 2,1029.0,0.82532436,1061,True,True,
b2c44,Batch 2,841.0,0.82503617,874,True,True,
b2c45,Batch 2,997.0,0.82734823,1027,True,True,
b2c46,Batch 2,503.0,0.82638663,523,True,True,
b3c0,Batch 3,1009.0,0.8804329,1008,True,True,
b3c1,Batch 3,1063.0,0.8802734,1062,True,True,
b3c2,Batch 3,1267.0,0.88013124,1266,True,False,author_flagged_channel
b3c3,Batch 3,1115.0,0.88058406,1114,True,True,
b3c4,Batch 3,1048.0,0.88001466,1047,True,True,
b3c5,Batch 3,828.0,0.88066918,827,True,True,
b3c6,Batch 3,667.0,0.88052577,666,True,True,
b3c7,Batch 3,1836.0,0.88036358,1835,True,True,
b3c8,Batch 3,828.0,0.88094097,827,True,True,
b3c9,Batch 3,1039.0,0.8801114,1038,True,True,
b3c10,Batch 3,1078.0,0.88064086,1077,True,True,
b3c11,Batch 3,817.0,0.88113368,816,True,True,
b3c12,Batch 3,932.0,0.88080788,931,True,True,
b3c13,Batch 3,816.0,0.88024569,815,True,True,
b3c14,Batch 3,858.0,0.88065648,857,True,True,
b3c15,Batch 3,876.0,0.88058048,875,True,True,
b3c16,Batch 3,1638.0,0.88014877,1637,True,True,
b3c17,Batch 3,1315.0,0.88043362,1314,True,True,
b3c18,Batch 3,1146.0,0.88003904,1145,True,True,
b3c19,Batch 3,1155.0,0.88007373,1154,True,True,
b3c20,Batch 3,813.0,0.88059181,812,True,True,
b3c21,Batch 3,772.0,0.8801983,771,True,True,
b3c22,Batch 3,1002.0,0.88094068,1001,True,True,
b3c23,Batch 3,,0.93701142,2189,True,False,missing_target;author_flagged_channel
b3c24,Batch 3,825.0,0.88021326,824,True,True,
b3c25,Batch 3,989.0,0.88167018,988,True,True,
b3c26,Batch 3,1028.0,0.88023561,1027,True,True,
b3c27,Batch 3,850.0,0.88002509,849,True,True,
b3c28,Batch 3,541.0,0.88010961,540,True,True,
b3c29,Batch 3,858.0,0.88007307,857,True,True,
b3c30,Batch 3,935.0,0.88024825,934,True,True,
b3c31,Batch 3,731.0,0.88031369,730,True,True,
b3c32,Batch 3,,0.97388279,2237,True,False,missing_target;author_flagged_channel
b3c33,Batch 3,1284.0,0.88079751,1283,True,True,
b3c34,Batch 3,1158.0,0.88017184,1157,True,True,
b3c35,Batch 3,1093.0,0.88011736,1092,True,True,
b3c36,Batch 3,923.0,0.88060242,922,True,True,
b3c37,Batch 3,1390.0,0.88049883,1389,True,False,author_flagged_channel
b3c38,Batch 3,1935.0,0.88000458,1934,True,True,
b3c39,Batch 3,1156.0,0.88043225,1155,True,True,
b3c40,Batch 3,796.0,0.88070726,795,True,True,
b3c41,Batch 3,786.0,0.88062328,785,True,True,
b3c42,Batch 3,1642.0,0.88037544,1641,True,False,author_flagged_channel
b3c43,Batch 3,1046.0,0.88060749,1045,True,False,author_flagged_channel
b3c44,Batch 3,940.0,0.88046378,939,True,True,
b3c45,Batch 3,1801.0,0.88047254,1800,True,True,
