scope,batch,feature,n,pearson,spearman
all_labeled,Pooled,log_dq_var,129,-0.8506086948396543,-0.8920744865772992
all_labeled,Pooled,dq_min,129,0.827287578517051,0.8833981820563573
all_labeled,Pooled,dq_mean,129,0.79737743673325,0.8692740303990383
all_labeled,Pooled,dq_std,129,-0.8235434679075907,-0.8920744865772992
all_labeled,Pooled,dq_skew,129,-0.025659163363494886,-0.3365897427507203
all_labeled,Pooled,dq_kurtosis,129,0.36473129584032743,0.3772683057962308
all_labeled,Pooled,dq_area,129,0.7974167418762192,0.8693774528433923
all_labeled,Pooled,qd_2,129,-0.5248605385040859,-0.5328044812998647
all_labeled,Pooled,qd_slope,129,-0.08892800257943817,-0.15948020439507998
all_labeled,Pooled,qd_change,129,-0.023050423757210697,-0.08672670759383308
all_labeled,Pooled,ir_median,123,-0.3157944688435281,-0.3446595758964891
all_labeled,Pooled,ir_change,123,0.048519428747624306,-0.07625100566233443
all_labeled,Pooled,tavg_median,129,0.22349326982446657,0.17327172710974695
all_labeled,Pooled,tmax_median,129,-0.023163318332421006,-0.01982636210278332
all_labeled,Pooled,chargetime_median,129,0.3153664539115534,-0.027679518555197312
all_labeled,Pooled,c1,129,-0.0782517723491619,-0.02745209236655038
all_labeled,Pooled,soc_switch,129,0.2215842433143893,0.16046877826173975
all_labeled,Pooled,c2,129,-0.12481384857087104,-0.1458114796287822
all_labeled,Pooled,c_equiv,129,-0.22334620254395557,-0.14554557685070574
all_labeled,Batch 1,log_dq_var,46,-0.8861231036774866,-0.8711607269559923
all_labeled,Batch 1,dq_min,46,0.8816450170696558,0.8500061691261938
all_labeled,Batch 1,dq_mean,46,0.8538097844630063,0.8281115101478308
all_labeled,Batch 1,dq_std,46,-0.8937125755883613,-0.8711607269559923
all_labeled,Batch 1,dq_skew,46,-0.5850066331378362,-0.5556926123804241
all_labeled,Batch 1,dq_kurtosis,46,0.3041132805104252,0.21931664035791215
all_labeled,Batch 1,dq_area,46,0.8538412304188929,0.8281115101478308
all_labeled,Batch 1,qd_2,46,0.08582220614767816,0.08005427423638074
all_labeled,Batch 1,qd_slope,46,0.5409535001477588,0.5804860008573309
all_labeled,Batch 1,qd_change,46,0.549990544145097,0.6126187257241679
all_labeled,Batch 1,ir_median,46,0.1081907136463576,0.2121006541594094
all_labeled,Batch 1,ir_change,46,0.11845709912545577,-0.24028617290056964
all_labeled,Batch 1,tavg_median,46,-0.48311583169080385,-0.3664117436350833
all_labeled,Batch 1,tmax_median,46,-0.40902996668112596,-0.3292833360154367
all_labeled,Batch 1,chargetime_median,46,0.7439637772944837,0.6405575440824733
all_labeled,Batch 1,c1,46,-0.5797191371008248,-0.48271400298540956
all_labeled,Batch 1,soc_switch,46,0.23455103060246418,0.18515925395200944
all_labeled,Batch 1,c2,46,-0.09588674869190954,0.04741433338534666
all_labeled,Batch 1,c_equiv,46,-0.7373768815234789,-0.6340127144645034
all_labeled,Batch 2,log_dq_var,39,-0.9018830736836406,-0.7089786451951733
all_labeled,Batch 2,dq_min,39,0.8185183255033298,0.6608968552940159
all_labeled,Batch 2,dq_mean,39,0.7670852072368177,0.6972365659772065
all_labeled,Batch 2,dq_std,39,-0.8345463663572406,-0.7089786451951733
all_labeled,Batch 2,dq_skew,39,-0.10191329411905398,-0.15183723126681328
all_labeled,Batch 2,dq_kurtosis,39,0.6481742629294772,0.4999493901511938
all_labeled,Batch 2,dq_area,39,0.7671651504165701,0.6972365659772065
all_labeled,Batch 2,qd_2,39,-0.28432994402007195,0.08492762468857089
all_labeled,Batch 2,qd_slope,39,-0.4452554580957888,-0.27108007022168396
all_labeled,Batch 2,qd_change,39,-0.18725389246006263,-0.05456017843520824
all_labeled,Batch 2,ir_median,33,-0.6138944765599587,-0.2025570325447606
all_labeled,Batch 2,ir_change,33,0.08499796402751565,0.12183504680291295
all_labeled,Batch 2,tavg_median,39,0.4120955341869321,0.16914667563122998
all_labeled,Batch 2,tmax_median,39,0.01915364497575321,-0.13614738403590923
all_labeled,Batch 2,chargetime_median,39,-0.9191178459151563,-0.809899791577182
all_labeled,Batch 2,c1,39,0.19074658847387702,0.05509278655119761
all_labeled,Batch 2,soc_switch,39,0.1161198784598481,0.28781347990487877
all_labeled,Batch 2,c2,39,-0.11630518850837056,-0.11884016238051073
all_labeled,Batch 2,c_equiv,39,0.3336386287176395,0.32079048769847657
all_labeled,Batch 3,log_dq_var,44,-0.7018620670132867,-0.7972372984772357
all_labeled,Batch 3,dq_min,44,0.6921158515446068,0.7760236822430022
all_labeled,Batch 3,dq_mean,44,0.6391153658731696,0.7561491314853485
all_labeled,Batch 3,dq_std,44,-0.6726058679843075,-0.7972372984772357
all_labeled,Batch 3,dq_skew,44,0.2102368139394802,0.05532454732183787
all_labeled,Batch 3,dq_kurtosis,44,0.32985478691901965,0.31961378612042646
all_labeled,Batch 3,dq_area,44,0.6391730850134004,0.7561491314853485
all_labeled,Batch 3,qd_2,44,0.1550572208159083,0.1282683772302483
all_labeled,Batch 3,qd_slope,44,0.3382724993897189,0.08823736719355543
all_labeled,Batch 3,qd_change,44,0.3298814873289429,0.03150327726479176
all_labeled,Batch 3,ir_median,44,0.1935725709830182,0.17083656395940763
all_labeled,Batch 3,ir_change,44,-0.38145878183592735,-0.3125660730857974
all_labeled,Batch 3,tavg_median,44,-0.02587758762608671,0.02501938127293305
all_labeled,Batch 3,tmax_median,44,-0.11442668037694724,-0.044893932030586906
all_labeled,Batch 3,chargetime_median,44,0.638367109672755,0.26102124976562596
all_labeled,Batch 3,c1,44,-0.08289859421256333,-0.22887519748075072
all_labeled,Batch 3,soc_switch,44,0.5413599075607183,0.44332485175807257
all_labeled,Batch 3,c2,44,-0.042746376392716987,0.015736317835818345
all_labeled,Batch 3,c_equiv,44,-0.018138894979129495,-0.13205193371079488
quality_screened,Pooled,log_dq_var,115,-0.8569122398252639,-0.8788744398544147
quality_screened,Pooled,dq_min,115,0.8022882481109056,0.8665527745539723
quality_screened,Pooled,dq_mean,115,0.7665831856008707,0.8501593966086192
quality_screened,Pooled,dq_std,115,-0.808091626930513,-0.8788744398544147
quality_screened,Pooled,dq_skew,115,-0.334023028450761,-0.4045514803862175
quality_screened,Pooled,dq_kurtosis,115,0.3017523828235757,0.348865286325877
quality_screened,Pooled,dq_area,115,0.7666262648611981,0.850265923974329
quality_screened,Pooled,qd_2,115,-0.5178094108668452,-0.551843318041073
quality_screened,Pooled,qd_slope,115,-0.1274248186937512,-0.2350269869619118
quality_screened,Pooled,qd_change,115,-0.05879647463781627,-0.16426914338261844
quality_screened,Pooled,ir_median,109,-0.3567143062696608,-0.42672362869433367
quality_screened,Pooled,ir_change,109,0.06976052744102357,-0.054476835652260525
quality_screened,Pooled,tavg_median,115,0.317729277437027,0.2876002146687304
quality_screened,Pooled,tmax_median,115,0.021533884672696214,0.04417334764769535
quality_screened,Pooled,chargetime_median,115,0.2023498116230517,-0.23593688046107364
quality_screened,Pooled,c1,115,0.03793217039144077,0.11928927032078446
quality_screened,Pooled,soc_switch,115,0.13200051845732963,0.05486491324523518
quality_screened,Pooled,c2,115,-0.14052301723533947,-0.16729522841059086
quality_screened,Pooled,c_equiv,115,-0.12289480621600872,-0.05740311447893531
quality_screened,Batch 1,log_dq_var,36,-0.8265843267936156,-0.8262324691948716
quality_screened,Batch 1,dq_min,36,0.80506074004732,0.7867164436390489
quality_screened,Batch 1,dq_mean,36,0.7675501139262236,0.7580126205154383
quality_screened,Batch 1,dq_std,36,-0.8214930814805295,-0.8262324691948716
quality_screened,Batch 1,dq_skew,36,-0.4063837824123178,-0.42090359468254085
quality_screened,Batch 1,dq_kurtosis,36,0.05783342640042214,0.2369674366393143
quality_screened,Batch 1,dq_area,36,0.7675864752081177,0.7580126205154383
quality_screened,Batch 1,qd_2,36,0.16054410943752817,0.16102458622258672
quality_screened,Batch 1,qd_slope,36,0.5078411411813973,0.4725189896267913
quality_screened,Batch 1,qd_change,36,0.504415902337451,0.4907967604050545
quality_screened,Batch 1,ir_median,36,0.11518615166105729,0.20607542969013698
quality_screened,Batch 1,ir_change,36,0.10926813944982852,-0.2706912108921662
quality_screened,Batch 1,tavg_median,36,-0.17415238349693843,-0.1168747596243875
quality_screened,Batch 1,tmax_median,36,-0.16999977928059773,-0.10966662466957947
quality_screened,Batch 1,chargetime_median,36,0.5709251258168183,0.46132063710771454
quality_screened,Batch 1,c1,36,-0.23522435585860277,-0.23741033250727675
quality_screened,Batch 1,soc_switch,36,-0.17462388443306306,-0.058889962696132864
quality_screened,Batch 1,c2,36,-0.23466244128456973,-0.16124117981690955
quality_screened,Batch 1,c_equiv,36,-0.5798264409316723,-0.43486105531239155
quality_screened,Batch 2,log_dq_var,39,-0.9018830736836406,-0.7089786451951733
quality_screened,Batch 2,dq_min,39,0.8185183255033298,0.6608968552940159
quality_screened,Batch 2,dq_mean,39,0.7670852072368177,0.6972365659772065
quality_screened,Batch 2,dq_std,39,-0.8345463663572406,-0.7089786451951733
quality_screened,Batch 2,dq_skew,39,-0.10191329411905398,-0.15183723126681328
quality_screened,Batch 2,dq_kurtosis,39,0.6481742629294772,0.4999493901511938
quality_screened,Batch 2,dq_area,39,0.7671651504165701,0.6972365659772065
quality_screened,Batch 2,qd_2,39,-0.28432994402007195,0.08492762468857089
quality_screened,Batch 2,qd_slope,39,-0.4452554580957888,-0.27108007022168396
quality_screened,Batch 2,qd_change,39,-0.18725389246006263,-0.05456017843520824
quality_screened,Batch 2,ir_median,33,-0.6138944765599587,-0.2025570325447606
quality_screened,Batch 2,ir_change,33,0.08499796402751565,0.12183504680291295
quality_screened,Batch 2,tavg_median,39,0.4120955341869321,0.16914667563122998
quality_screened,Batch 2,tmax_median,39,0.01915364497575321,-0.13614738403590923
quality_screened,Batch 2,chargetime_median,39,-0.9191178459151563,-0.809899791577182
quality_screened,Batch 2,c1,39,0.19074658847387702,0.05509278655119761
quality_screened,Batch 2,soc_switch,39,0.1161198784598481,0.28781347990487877
quality_screened,Batch 2,c2,39,-0.11630518850837056,-0.11884016238051073
quality_screened,Batch 2,c_equiv,39,0.3336386287176395,0.32079048769847657
quality_screened,Batch 3,log_dq_var,40,-0.7416614991152238,-0.7586077526583466
quality_screened,Batch 3,dq_min,40,0.6651055378993755,0.7440660507461473
quality_screened,Batch 3,dq_mean,40,0.5976173762787499,0.7189229790527962
quality_screened,Batch 3,dq_std,40,-0.6636993499468437,-0.7586077526583466
quality_screened,Batch 3,dq_skew,40,-0.2078861132462762,-0.14100759983248765
quality_screened,Batch 3,dq_kurtosis,40,0.11303352151950172,0.18697814136137583
quality_screened,Batch 3,dq_area,40,0.5976931471252407,0.7189229790527962
quality_screened,Batch 3,qd_2,40,0.23563173596471995,0.2046158185193982
quality_screened,Batch 3,qd_slope,40,0.33091880997965123,0.06642274163765884
quality_screened,Batch 3,qd_change,40,0.317146524871298,-0.015104606502348973
quality_screened,Batch 3,ir_median,40,0.19886630565131116,0.2144666488470171
quality_screened,Batch 3,ir_change,40,-0.2803046474272905,-0.2408293471523591
quality_screened,Batch 3,tavg_median,40,-0.040329799122006155,0.015386058797423802
quality_screened,Batch 3,tmax_median,40,-0.1393318665452696,-0.06989398661024836
quality_screened,Batch 3,chargetime_median,40,0.598789348590358,0.12379790790935578
quality_screened,Batch 3,c1,40,-0.039167005537879475,-0.16337364719625583
quality_screened,Batch 3,soc_switch,40,0.5317882984464393,0.4081510627995063
quality_screened,Batch 3,c2,40,-0.1092367650491653,-0.11287710283689999
quality_screened,Batch 3,c_equiv,40,-0.019752474273070673,-0.15654979050553955
