cell_id,batch,cycle,samples,charge_window_minutes,positive_current_p95_A,policy
b1c20,Batch 1,10,608,29.914500000000043,5.401316545454545,5.4C(80%)-5.4C
b1c11,Batch 1,10,643,32.58081500000007,5.400572009090908,5.4C(50%)-3C
b1c5,Batch 1,10,622,31.930243333333298,4.400229909090909,4.4C(80%)-4.4C
b2c19,Batch 2,10,580,41.9189433333333,6.001857799999999,6C(60%)-3C
b2c16,Batch 2,10,601,43.91104833333326,4.801164090909091,4.8C(80%)-4.8C
b2c34,Batch 2,10,410,26.589474999999947,5.601813895454544,5.6C(26%)-4.5C-newstructure
b3c28,Batch 3,10,435,27.43757666666667,5.90031054090909,3.7C(31%)-5.9C-newstructure
b3c25,Batch 3,10,427,27.499413333333358,5.301100999999999,5.3C(54%)-4C-newstructure
b3c38,Batch 3,10,424,27.5892316666667,5.0012123636363635,5C(67%)-4C-newstructure
