cell_id,batch,analysis_eligible,cycle_life,qd_slope,smoothed_qd_slope,local_deviation_gt_0_02Ah
b1c0,Batch 1,False,1190.0,1.691964207901468e-05,1.42549560915287e-05,0
b1c1,Batch 1,False,1179.0,5.535292516999699e-06,3.7550779220789774e-06,0
b1c2,Batch 1,False,1177.0,1.0295625231906745e-05,8.80139517625339e-06,0
b1c3,Batch 1,False,1226.0,1.7136347557209165e-05,1.144887384044099e-05,0
b1c4,Batch 1,False,1227.0,1.8994317872609844e-05,1.4154720470006004e-05,0
b1c5,Batch 1,True,1074.0,1.1228400742114224e-05,4.668991341992006e-06,0
b1c6,Batch 1,True,636.0,-4.808646876938924e-06,-1.0469931972789052e-05,0
b1c7,Batch 1,True,870.0,-6.42818800247794e-06,-1.2014681508972156e-05,0
b1c8,Batch 1,False,879.0,5.429254174400251e-06,2.554070500933634e-06,0
b1c9,Batch 1,True,1054.0,1.8204385899806905e-05,1.5745627087194874e-05,0
b1c10,Batch 1,False,906.0,2.529188002473426e-05,2.2682210884352943e-05,0
b1c11,Batch 1,True,788.0,2.1809402597400947e-05,1.8609875077300675e-05,0
b1c12,Batch 1,False,902.0,1.2573115646260144e-05,1.0018202226329025e-05,0
b1c13,Batch 1,False,897.0,4.458676561536227e-06,1.6373030302965259e-06,0
b1c14,Batch 1,True,880.0,2.6234124922698223e-05,2.088790290661592e-05,0
b1c15,Batch 1,True,719.0,2.904936054421284e-05,2.2644679653681617e-05,0
b1c16,Batch 1,True,862.0,2.3160274582555584e-05,1.7036410018547947e-05,0
b1c17,Batch 1,True,857.0,1.7886231292523448e-05,1.4991099567097301e-05,0
b1c18,Batch 1,True,691.0,-4.754075940036315e-05,-4.9114327767470796e-05,0
b1c19,Batch 1,True,788.0,-1.0355845392700724e-05,-1.22857835497827e-05,0
b1c20,Batch 1,True,534.0,-0.00013977618181817777,-0.00014385628509587043,0
b1c21,Batch 1,True,559.0,-8.178444155844591e-05,-8.675042238713335e-05,0
b1c22,Batch 1,False,891.0,-6.75583426098541e-06,-9.360756957327103e-06,0
b1c23,Batch 1,True,1014.0,-6.950910327772603e-06,-9.461550401982574e-06,0
b1c24,Batch 1,True,1017.0,2.024258503403737e-06,1.025119975266945e-06,0
b1c25,Batch 1,True,854.0,5.12931354361571e-07,-1.9258342609862716e-06,0
b1c26,Batch 1,True,870.0,-1.521046134818085e-05,-1.6302116264691543e-05,0
b1c27,Batch 1,True,842.0,-1.0758799010519626e-05,-1.2549743970322073e-05,0
b1c28,Batch 1,True,860.0,-7.726680272115018e-06,-1.0080624613475152e-05,0
b1c29,Batch 1,True,917.0,-5.212719851575346e-06,-7.629035868891742e-06,0
b1c30,Batch 1,True,709.0,-1.6368218923929572e-05,-1.9107674087815706e-05,0
b1c31,Batch 1,True,876.0,-2.62010822510796e-05,-2.859800742114926e-05,0
b1c32,Batch 1,True,731.0,-1.2776272108848686e-05,-1.5196155844161814e-05,0
b1c33,Batch 1,True,757.0,-2.1812165739027016e-05,-2.4678518243657206e-05,0
b1c34,Batch 1,True,742.0,-3.129647495333547e-07,-1.932174397038609e-06,0
b1c35,Batch 1,True,703.0,3.195320964752807e-06,5.746196660457838e-07,0
b1c36,Batch 1,True,704.0,-7.183043908475764e-06,-1.0312801484227602e-05,0
b1c37,Batch 1,True,648.0,-9.680958565245865e-06,-1.2497278293132026e-05,0
b1c38,Batch 1,True,617.0,-9.43712430427038e-06,-1.1535344465058323e-05,0
b1c39,Batch 1,True,625.0,-3.294477427340171e-06,-6.084860853434429e-06,0
b1c40,Batch 1,True,966.0,-8.20486332715938e-06,-1.101990970934504e-05,0
b1c41,Batch 1,True,1051.0,-1.3855287570256206e-07,-3.0726134817525114e-06,0
b1c42,Batch 1,True,702.0,2.113598021033933e-06,-6.801428571478682e-07,0
b1c43,Batch 1,True,651.0,-2.401481014224145e-05,-2.6356012368591604e-05,0
b1c44,Batch 1,True,616.0,-3.3615460729745583e-05,-3.603875881261382e-05,0
b1c45,Batch 1,True,599.0,-1.2920053184917479e-05,-1.547727149041433e-05,0
b2c0,Batch 2,True,477.0,1.3737568336431474e-05,1.640097340754998e-05,0
b2c1,Batch 2,True,491.0,-3.290422139764397e-05,-3.152091774892061e-05,0
b2c2,Batch 2,True,424.0,-5.396060358691645e-06,-9.072422387142009e-06,1
b2c3,Batch 2,True,499.0,7.592857884971752e-05,7.809405504018839e-05,0
b2c4,Batch 2,True,444.0,-6.742782807669012e-05,-6.830098268398604e-05,0
b2c5,Batch 2,True,416.0,-0.00019484917996289103,-0.00019617498206555415,1
b2c6,Batch 2,True,393.0,6.24381335807018e-05,5.9167707482989244e-05,0
b2c7,Batch 2,True,777.0,5.346993939393214e-05,5.049040383426271e-05,0
b2c8,Batch 2,True,904.0,-4.8129210760671786e-05,-2.3795752628319986e-05,1
b2c9,Batch 2,True,791.0,-3.178960420532104e-05,-3.2333269016708585e-05,0
b2c10,Batch 2,True,492.0,5.4494455906002766e-05,4.6161532467525625e-05,1
b2c11,Batch 2,True,449.0,0.00011636928385899045,0.00010615860482374643,1
b2c12,Batch 2,True,466.0,3.124443661100505e-05,3.0098110698823235e-05,0
b2c13,Batch 2,True,460.0,-1.1445944341368896e-05,-1.0413821273968349e-05,0
b2c14,Batch 2,True,426.0,-0.00010165705627706068,-0.00010076770933828179,0
b2c15,Batch 2,True,396.0,9.20414260977118e-05,9.23030098948619e-05,0
b2c16,Batch 2,True,472.0,-1.5038863327153774e-05,-1.4890828076693377e-05,0
b2c17,Batch 2,True,471.0,3.904175881262204e-05,3.6629345701915585e-05,0
b2c18,Batch 2,True,449.0,0.00011339298701298683,0.00010989394063079854,0
b2c19,Batch 2,True,392.0,2.1983457019166268e-05,2.065440259740683e-05,0
b2c20,Batch 2,True,489.0,2.8384829931970537e-05,2.854350216449807e-05,0
b2c21,Batch 2,True,408.0,3.546821447123146e-05,3.1546876314161724e-05,1
b2c22,Batch 2,False,,-1.418554898869989e-05,-2.6691741496603256e-05,1
b2c23,Batch 2,False,,-0.00011966291430611959,-0.00010650921150278022,1
b2c24,Batch 2,True,514.0,4.325509709338842e-05,4.110808101422367e-05,0
b2c25,Batch 2,True,493.0,3.860060482374841e-05,3.771577056278025e-05,0
b2c26,Batch 2,True,450.0,-1.2231956709952081e-05,-1.1404162028448636e-05,0
b2c27,Batch 2,True,474.0,8.322792949907285e-05,8.229503339516994e-05,0
b2c28,Batch 2,True,437.0,5.7402129870125894e-05,5.714110018552149e-05,0
b2c29,Batch 2,True,452.0,0.00012008288806431068,0.00011809721892393642,0
b2c30,Batch 2,True,412.0,-8.503881385281154e-05,-8.49395726654283e-05,0
b2c31,Batch 2,True,425.0,3.9791858998146125e-05,4.064008348793571e-05,0
b2c32,Batch 2,True,809.0,-5.5682572665427346e-05,-5.143140754483864e-05,0
b2c33,Batch 2,True,1140.0,-0.00012531416326531098,-8.027253803339967e-05,1
b2c34,Batch 2,True,1186.0,-5.456295732837848e-05,-5.347248175634593e-05,0
b2c35,Batch 2,False,,-0.00043320567125706505,-0.00040056960173160284,1
b2c36,Batch 2,False,,-0.0007772913502851876,-0.0007447879356833612,1
b2c37,Batch 2,False,,3.235107460034247e-06,-2.209693259126118e-06,1
b2c38,Batch 2,False,,-5.234621578716625e-05,-5.320715584415281e-05,0
b2c39,Batch 2,False,,-7.018608151789626e-05,-7.08564279529999e-05,0
b2c40,Batch 2,False,,-1.5967939865742926e-05,-1.7251788497212894e-05,0
b2c41,Batch 2,True,442.0,2.3998204081631683e-05,2.4340946196660053e-05,0
b2c42,Batch 2,True,474.0,8.583347433519058e-05,8.387666975881898e-05,0
b2c43,Batch 2,True,1029.0,-7.295969944341106e-05,-7.271647557204412e-05,0
b2c44,Batch 2,True,841.0,-2.446207668521927e-05,-2.6358893630179723e-05,0
b2c45,Batch 2,True,997.0,-7.610656895484813e-05,-6.021982931354071e-05,1
b2c46,Batch 2,True,503.0,1.9638269635131457e-05,1.871662708719263e-05,0
b3c0,Batch 3,True,1009.0,-5.346195423626031e-06,-7.233324056892933e-06,0
b3c1,Batch 3,True,1063.0,-1.4719340754480143e-05,-1.689406617192284e-05,0
b3c2,Batch 3,False,1267.0,-2.039117996289508e-05,-2.154305132962488e-05,0
b3c3,Batch 3,True,1115.0,-1.2654854669141905e-05,-1.4377464440319978e-05,0
b3c4,Batch 3,True,1048.0,-5.233104514546137e-06,-6.681151515149801e-06,0
b3c5,Batch 3,True,828.0,-1.602090043289774e-05,-1.7882226963521564e-05,0
b3c6,Batch 3,True,667.0,-0.0002023977884972222,-0.00020140890105133574,0
b3c7,Batch 3,True,1836.0,-2.3574483611610727e-06,-3.876977736546089e-06,0
b3c8,Batch 3,True,828.0,-3.3089511440911376e-06,-5.412728509580819e-06,0
b3c9,Batch 3,True,1039.0,6.68053184916058e-07,-1.721703772424629e-06,0
b3c10,Batch 3,True,1078.0,-2.8759653679635088e-06,-3.972867037720882e-06,0
b3c11,Batch 3,True,817.0,-1.7682165739029632e-05,-1.8925418058129045e-05,0
b3c12,Batch 3,True,932.0,-6.6794632034672655e-06,-8.386040197910709e-06,0
b3c13,Batch 3,True,816.0,-1.2185193568341783e-05,-1.4310006184292992e-05,0
b3c14,Batch 3,True,858.0,4.6361076066727265e-06,2.497656153369304e-06,0
b3c15,Batch 3,True,876.0,-1.156462213976474e-05,-1.2427097093385591e-05,0
b3c16,Batch 3,True,1638.0,-9.691301175018761e-06,-1.0508332714909556e-05,0
b3c17,Batch 3,True,1315.0,-5.833125541120238e-06,-1.4695008039577956e-05,0
b3c18,Batch 3,True,1146.0,-2.927494124922568e-05,-2.9978740259734967e-05,0
b3c19,Batch 3,True,1155.0,-2.9691358070504438e-05,-3.086349536178635e-05,0
b3c20,Batch 3,True,813.0,-7.154074211500192e-06,-8.79502782931716e-06,0
b3c21,Batch 3,True,772.0,-0.0001594917019171322,-0.00015872938342609435,0
b3c22,Batch 3,True,1002.0,-1.5988764378483083e-05,-1.7462080395791847e-05,0
b3c23,Batch 3,False,,-5.331878787886973e-06,-6.831309833019612e-06,0
b3c24,Batch 3,True,825.0,9.6505887445875e-06,7.470164502167406e-06,0
b3c25,Batch 3,True,989.0,6.950843537418871e-06,5.23041929499077e-06,0
b3c26,Batch 3,True,1028.0,-4.2884230055903015e-07,-2.2965640074229606e-06,0
b3c27,Batch 3,True,850.0,-4.0353704390864875e-06,-6.2620729746445516e-06,0
b3c28,Batch 3,True,541.0,-0.00019802208534322756,-0.0001973638614718653,0
b3c29,Batch 3,True,858.0,4.077620284472189e-06,1.7172244897861913e-06,0
b3c30,Batch 3,True,935.0,-3.416536796534243e-06,-5.511946196664194e-06,0
b3c31,Batch 3,True,731.0,-8.999562152133179e-06,-1.0907820655536015e-05,0
b3c32,Batch 3,False,,-1.0736820037102396e-05,-1.2626317872616467e-05,0
b3c33,Batch 3,True,1284.0,-1.2591045145338765e-05,-1.4195988249839723e-05,0
b3c34,Batch 3,True,1158.0,-2.115797278911987e-05,-2.280795423623516e-05,0
b3c35,Batch 3,True,1093.0,-1.953093877550817e-05,-2.0646679653678588e-05,0
b3c36,Batch 3,True,923.0,-2.197191960420188e-05,-2.3479325293753654e-05,0
b3c37,Batch 3,False,1390.0,-2.0516487322216555e-06,-2.6930538033376857e-06,0
b3c38,Batch 3,True,1935.0,-8.787589363021427e-06,-1.0086455782309358e-05,0
b3c39,Batch 3,True,1156.0,-6.583238095233322e-06,-8.254902906620946e-06,0
b3c40,Batch 3,True,796.0,-7.692147186143209e-06,-1.0184194805193296e-05,0
b3c41,Batch 3,True,786.0,9.732244897959292e-06,7.417872603577702e-06,0
b3c42,Batch 3,False,1642.0,1.8104885590570822e-06,1.2636301793557218e-07,0
b3c43,Batch 3,False,1046.0,3.041014223876659e-06,1.0906988249904229e-06,0
b3c44,Batch 3,True,940.0,4.689736549163306e-06,2.3646716141022442e-06,0
b3c45,Batch 3,True,1801.0,-1.2584539269261775e-07,-2.151508967229102e-06,0
