batch,feature,n,missing,min,q25,median,q75,max
Batch 1,log_dq_var,36,0,-4.178443451530505,-4.019999520736752,-3.7860417986626755,-3.661477463466194,-3.34990353982557
Batch 2,log_dq_var,39,0,-4.448150661550735,-3.6736594903516577,-3.486830284527127,-3.3351288867675493,-3.0854472125051675
Batch 3,log_dq_var,40,0,-4.694078987698978,-4.287499589759653,-4.150473358030885,-4.058953162650505,-3.4512233812429836
Batch 1,qd_slope,36,0,-0.00013977618181817777,-1.3492655225733322e-05,-7.066977118124183e-06,2.046593382811286e-06,2.904936054421284e-05
Batch 2,qd_slope,39,0,-0.00019484917996289103,-4.051671607915787e-05,2.1983457019166268e-05,5.398219764996745e-05,0.00012008288806431068
Batch 3,qd_slope,40,0,-0.0002023977884972222,-1.5996798392086747e-05,-7.4231106988217005e-06,-2.7463361162629e-06,9.732244897959292e-06
Batch 1,ir_median,36,0,0.0151120665,0.01625729,0.0166284445,0.016757059249999998,0.019886132
Batch 2,ir_median,33,6,0.014786606,0.016024956,0.016495604,0.01704818,0.017640542
Batch 3,ir_median,40,0,0.013436742,0.0151311425,0.0153660685,0.0155673485,0.018311786
Batch 1,tavg_median,36,0,30.34183269795534,32.19891907473362,32.9978047140241,33.381469585022955,33.872707935886
Batch 2,tavg_median,39,0,29.84981627296423,32.164882102845596,33.01904714673025,33.63729240998801,35.67532696418256
Batch 3,tavg_median,40,0,31.245662330516843,33.08410061892876,34.12823280817764,35.137491892497614,36.06830316612221
Batch 1,chargetime_median,36,0,8.985736666666586,10.096814166666537,10.76367583333331,11.186693333333217,12.098313333333742
Batch 2,chargetime_median,39,0,10.035609999999481,10.169823750000797,10.173753333333298,10.176978750000124,10.23871166666698
Batch 3,chargetime_median,40,0,10.041276666666574,10.042355000000073,10.043232500000158,10.044163749999885,11.040201666666933
Batch 1,c_equiv,36,0,4.0,4.340377358490566,4.5,4.8,5.4
Batch 2,c_equiv,39,0,4.790419161676646,4.8,4.800000000000001,4.803695150115473,4.8068669527897
Batch 3,c_equiv,40,0,4.7936687394007915,4.795167490389896,4.8015952143569285,4.803729603729602,4.813157894736842
