batch,feature_x,feature_y,pearson,n,abs_r_ge_0_9
Batch 1,log_dq_var,dq_min,-0.9876499924611623,36,True
Batch 1,log_dq_var,dq_mean,-0.9710974148029918,36,True
Batch 1,log_dq_var,dq_std,0.9905753679706493,36,True
Batch 1,log_dq_var,dq_skew,0.6569882458200047,36,False
Batch 1,log_dq_var,dq_kurtosis,-0.05814693240267939,36,False
Batch 1,log_dq_var,dq_area,-0.9711171000597454,36,True
Batch 1,log_dq_var,qd_2,0.23929661547617526,36,False
Batch 1,log_dq_var,qd_slope,-0.6890714591471641,36,False
Batch 1,log_dq_var,qd_change,-0.6557506395128668,36,False
Batch 1,log_dq_var,ir_median,-0.14898181200370542,36,False
Batch 1,log_dq_var,ir_change,-0.09437221956627258,36,False
Batch 1,log_dq_var,tavg_median,0.14787575764316394,36,False
Batch 1,log_dq_var,tmax_median,0.09374678302106812,36,False
Batch 1,log_dq_var,chargetime_median,-0.6210920669251362,36,False
Batch 1,log_dq_var,c1,0.30848245566010013,36,False
Batch 1,log_dq_var,soc_switch,0.12870199234543422,36,False
Batch 1,log_dq_var,c2,0.29359148810113794,36,False
Batch 1,log_dq_var,c_equiv,0.6427390697087221,36,False
Batch 1,dq_min,dq_mean,0.9918745884048922,36,True
Batch 1,dq_min,dq_std,-0.9974598590540974,36,True
Batch 1,dq_min,dq_skew,-0.6996831089724496,36,False
Batch 1,dq_min,dq_kurtosis,-0.023072255874546796,36,False
Batch 1,dq_min,dq_area,0.9918842149441595,36,True
Batch 1,dq_min,qd_2,-0.24594645994246134,36,False
Batch 1,dq_min,qd_slope,0.7309237026996603,36,False
Batch 1,dq_min,qd_change,0.705711109890155,36,False
Batch 1,dq_min,ir_median,0.20273578184269056,36,False
Batch 1,dq_min,ir_change,0.060750357994654614,36,False
Batch 1,dq_min,tavg_median,-0.1289226763151024,36,False
Batch 1,dq_min,tmax_median,-0.08270455004427507,36,False
Batch 1,dq_min,chargetime_median,0.6317260268101688,36,False
Batch 1,dq_min,c1,-0.3077530310844135,36,False
Batch 1,dq_min,soc_switch,-0.13617941385631493,36,False
Batch 1,dq_min,c2,-0.3651400812174662,36,False
Batch 1,dq_min,c_equiv,-0.6596492621900196,36,False
Batch 1,dq_mean,dq_std,-0.9861885799528258,36,True
Batch 1,dq_mean,dq_skew,-0.7748096821194234,36,False
Batch 1,dq_mean,dq_kurtosis,-0.03396791923778692,36,False
Batch 1,dq_mean,dq_area,0.9999999954377433,36,True
Batch 1,dq_mean,qd_2,-0.2709561669601092,36,False
Batch 1,dq_mean,qd_slope,0.759594851609125,36,False
Batch 1,dq_mean,qd_change,0.7352363843420405,36,False
Batch 1,dq_mean,ir_median,0.18415204847419225,36,False
Batch 1,dq_mean,ir_change,0.07410394126620241,36,False
Batch 1,dq_mean,tavg_median,-0.08721570959046758,36,False
Batch 1,dq_mean,tmax_median,-0.043305075653718106,36,False
Batch 1,dq_mean,chargetime_median,0.6295058151430851,36,False
Batch 1,dq_mean,c1,-0.307902616138374,36,False
Batch 1,dq_mean,soc_switch,-0.1331317048000013,36,False
Batch 1,dq_mean,c2,-0.3780120473554656,36,False
Batch 1,dq_mean,c_equiv,-0.6592923244462465,36,False
Batch 1,dq_std,dq_skew,0.67209716079861,36,False
Batch 1,dq_std,dq_kurtosis,-0.009567769322129497,36,False
Batch 1,dq_std,dq_area,-0.9862023597994742,36,True
Batch 1,dq_std,qd_2,0.21040583764804127,36,False
Batch 1,dq_std,qd_slope,-0.7150391669896283,36,False
Batch 1,dq_std,qd_change,-0.689114494486428,36,False
Batch 1,dq_std,ir_median,-0.18544095568393384,36,False
Batch 1,dq_std,ir_change,-0.07989885339734648,36,False
Batch 1,dq_std,tavg_median,0.1349412483850549,36,False
Batch 1,dq_std,tmax_median,0.09259830801426142,36,False
Batch 1,dq_std,chargetime_median,-0.6368641105646528,36,False
Batch 1,dq_std,c1,0.2934151540885159,36,False
Batch 1,dq_std,soc_switch,0.15001656084904041,36,False
Batch 1,dq_std,c2,0.3490379554332065,36,False
Batch 1,dq_std,c_equiv,0.6637502888689234,36,False
Batch 1,dq_skew,dq_kurtosis,-0.04225585166725636,36,False
Batch 1,dq_skew,dq_area,-0.7747739745073778,36,False
Batch 1,dq_skew,qd_2,0.37074581040159876,36,False
Batch 1,dq_skew,qd_slope,-0.6267259156926968,36,False
Batch 1,dq_skew,qd_change,-0.6045796880635479,36,False
Batch 1,dq_skew,ir_median,0.027352018757070606,36,False
Batch 1,dq_skew,ir_change,-0.12079107005703303,36,False
Batch 1,dq_skew,tavg_median,-0.15296263401556737,36,False
Batch 1,dq_skew,tmax_median,-0.19091108708745994,36,False
Batch 1,dq_skew,chargetime_median,-0.4350162139203569,36,False
Batch 1,dq_skew,c1,0.3408483472414753,36,False
Batch 1,dq_skew,soc_switch,-0.005820381339596831,36,False
Batch 1,dq_skew,c2,0.22799955559210086,36,False
Batch 1,dq_skew,c_equiv,0.4525750036261735,36,False
Batch 1,dq_kurtosis,dq_area,-0.0339146587019754,36,False
Batch 1,dq_kurtosis,qd_2,0.20415721255646246,36,False
Batch 1,dq_kurtosis,qd_slope,-0.40978245244397066,36,False
Batch 1,dq_kurtosis,qd_change,-0.4601978634571125,36,False
Batch 1,dq_kurtosis,ir_median,-0.5260272368589286,36,False
Batch 1,dq_kurtosis,ir_change,0.19885036811064924,36,False
Batch 1,dq_kurtosis,tavg_median,-0.16780756001558425,36,False
Batch 1,dq_kurtosis,tmax_median,-0.1377259099213073,36,False
Batch 1,dq_kurtosis,chargetime_median,-0.24777205664511714,36,False
Batch 1,dq_kurtosis,c1,-0.39682545614244724,36,False
Batch 1,dq_kurtosis,soc_switch,0.3766431062355954,36,False
Batch 1,dq_kurtosis,c2,0.6439679251933887,36,False
Batch 1,dq_kurtosis,c_equiv,0.2785582502515053,36,False
Batch 1,dq_area,qd_2,-0.2709257823748443,36,False
Batch 1,dq_area,qd_slope,0.7595625102748006,36,False
Batch 1,dq_area,qd_change,0.73520089769165,36,False
Batch 1,dq_area,ir_median,0.184141204777925,36,False
Batch 1,dq_area,ir_change,0.07410637902815367,36,False
Batch 1,dq_area,tavg_median,-0.08724513525100795,36,False
Batch 1,dq_area,tmax_median,-0.043329817741872244,36,False
Batch 1,dq_area,chargetime_median,0.6295057358609611,36,False
Batch 1,dq_area,c1,-0.30791337976604033,36,False
Batch 1,dq_area,soc_switch,-0.1331245413806966,36,False
Batch 1,dq_area,c2,-0.37797372592265854,36,False
Batch 1,dq_area,c_equiv,-0.6592892990064453,36,False
Batch 1,qd_2,qd_slope,-0.16152360618680942,36,False
Batch 1,qd_2,qd_change,-0.14861354254532713,36,False
Batch 1,qd_2,ir_median,-0.14732201763290334,36,False
Batch 1,qd_2,ir_change,0.2545665972694466,36,False
Batch 1,qd_2,tavg_median,-0.07278703064162136,36,False
Batch 1,qd_2,tmax_median,-0.1376138066518884,36,False
Batch 1,qd_2,chargetime_median,-0.24407759695289455,36,False
Batch 1,qd_2,c1,0.0898117565206453,36,False
Batch 1,qd_2,soc_switch,-0.001532734087065732,36,False
Batch 1,qd_2,c2,0.21994578835310893,36,False
Batch 1,qd_2,c_equiv,0.2302108960030237,36,False
Batch 1,qd_slope,qd_change,0.9884588269125705,36,True
Batch 1,qd_slope,ir_median,0.238988738663453,36,False
Batch 1,qd_slope,ir_change,0.26520522064583557,36,False
Batch 1,qd_slope,tavg_median,0.08654696781088839,36,False
Batch 1,qd_slope,tmax_median,0.11062537923214982,36,False
Batch 1,qd_slope,chargetime_median,0.5540885442008515,36,False
Batch 1,qd_slope,c1,-0.015725518501940726,36,False
Batch 1,qd_slope,soc_switch,-0.28911736005863553,36,False
Batch 1,qd_slope,c2,-0.5619863781518059,36,False
Batch 1,qd_slope,c_equiv,-0.6165430273214689,36,False
Batch 1,qd_change,ir_median,0.25678896994103023,36,False
Batch 1,qd_change,ir_change,0.2622987579433851,36,False
Batch 1,qd_change,tavg_median,0.12477347177101036,36,False
Batch 1,qd_change,tmax_median,0.12986874690520772,36,False
Batch 1,qd_change,chargetime_median,0.5979975803263118,36,False
Batch 1,qd_change,c1,0.05858569217981722,36,False
Batch 1,qd_change,soc_switch,-0.37735732298238583,36,False
Batch 1,qd_change,c2,-0.6264919403757313,36,False
Batch 1,qd_change,c_equiv,-0.6584116354219118,36,False
Batch 1,ir_median,ir_change,-0.7413143644491449,36,False
Batch 1,ir_median,tavg_median,-0.24289832733217345,36,False
Batch 1,ir_median,tmax_median,-0.10641526595812459,36,False
Batch 1,ir_median,chargetime_median,0.14996592201975537,36,False
Batch 1,ir_median,c1,0.08226555354211691,36,False
Batch 1,ir_median,soc_switch,-0.1329365416823267,36,False
Batch 1,ir_median,c2,-0.4502520682992268,36,False
Batch 1,ir_median,c_equiv,-0.16858158048333202,36,False
Batch 1,ir_change,tavg_median,0.26214747676491,36,False
Batch 1,ir_change,tmax_median,0.11583817098781145,36,False
Batch 1,ir_change,chargetime_median,0.20297324773801956,36,False
Batch 1,ir_change,c1,0.2208126323030961,36,False
Batch 1,ir_change,soc_switch,-0.2771988371029282,36,False
Batch 1,ir_change,c2,0.08042641783859951,36,False
Batch 1,ir_change,c_equiv,-0.2213080646307952,36,False
Batch 1,tavg_median,tmax_median,0.9491155831257891,36,True
Batch 1,tavg_median,chargetime_median,0.22455818041371683,36,False
Batch 1,tavg_median,c1,0.36375186137921434,36,False
Batch 1,tavg_median,soc_switch,-0.3630848962517183,36,False
Batch 1,tavg_median,c2,-0.2959699763688136,36,False
Batch 1,tavg_median,c_equiv,-0.19985106268817773,36,False
Batch 1,tmax_median,chargetime_median,0.17418087730839646,36,False
Batch 1,tmax_median,c1,0.2959963270165827,36,False
Batch 1,tmax_median,soc_switch,-0.2773588060051941,36,False
Batch 1,tmax_median,c2,-0.21976153305207174,36,False
Batch 1,tmax_median,c_equiv,-0.15031601531977787,36,False
Batch 1,chargetime_median,c1,0.3608835689681426,36,False
Batch 1,chargetime_median,soc_switch,-0.6873065290216664,36,False
Batch 1,chargetime_median,c2,-0.5423430563887394,36,False
Batch 1,chargetime_median,c_equiv,-0.9939027323734552,36,True
Batch 1,c1,soc_switch,-0.844928803931134,36,False
Batch 1,c1,c2,-0.23528869305182476,36,False
Batch 1,c1,c_equiv,-0.3505696971537089,36,False
Batch 1,soc_switch,c2,0.42453477485110125,36,False
Batch 1,soc_switch,c_equiv,0.6836359325599433,36,False
Batch 1,c2,c_equiv,0.5541717498676042,36,False
Batch 2,log_dq_var,dq_min,-0.9748404928736378,39,True
Batch 2,log_dq_var,dq_mean,-0.9431838981496061,39,True
Batch 2,log_dq_var,dq_std,0.9801253761406727,39,True
Batch 2,log_dq_var,dq_skew,0.28573104412019434,39,False
Batch 2,log_dq_var,dq_kurtosis,-0.49622118184717595,39,False
Batch 2,log_dq_var,dq_area,-0.9432287597896654,39,True
Batch 2,log_dq_var,qd_2,0.3321354533421876,39,False
Batch 2,log_dq_var,qd_slope,0.17276390786860113,39,False
Batch 2,log_dq_var,qd_change,-0.03939600918243548,39,False
Batch 2,log_dq_var,ir_median,0.5929382789656115,33,False
Batch 2,log_dq_var,ir_change,-0.27511934208707756,33,False
Batch 2,log_dq_var,tavg_median,-0.38839349204533724,39,False
Batch 2,log_dq_var,tmax_median,-0.04494097856720576,39,False
Batch 2,log_dq_var,chargetime_median,0.9464859092899744,39,True
Batch 2,log_dq_var,c1,-0.17006918499632365,39,False
Batch 2,log_dq_var,soc_switch,-0.17488792931612343,39,False
Batch 2,log_dq_var,c2,0.21146350739064035,39,False
Batch 2,log_dq_var,c_equiv,-0.16589689615463576,39,False
Batch 2,dq_min,dq_mean,0.9789136626570103,39,True
Batch 2,dq_min,dq_std,-0.9967731817678853,39,True
Batch 2,dq_min,dq_skew,-0.33379175703753167,39,False
Batch 2,dq_min,dq_kurtosis,0.36677315834786783,39,False
Batch 2,dq_min,dq_area,0.9789363140474647,39,True
Batch 2,dq_min,qd_2,-0.3463814941789855,39,False
Batch 2,dq_min,qd_slope,-0.019066240572427066,39,False
Batch 2,dq_min,qd_change,0.16347875598964365,39,False
Batch 2,dq_min,ir_median,-0.48151996418323884,33,False
Batch 2,dq_min,ir_change,0.37341480129292737,33,False
Batch 2,dq_min,tavg_median,0.35845530878645,39,False
Batch 2,dq_min,tmax_median,0.05572859248166876,39,False
Batch 2,dq_min,chargetime_median,-0.8880909673268862,39,False
Batch 2,dq_min,c1,0.16837090917081202,39,False
Batch 2,dq_min,soc_switch,0.24310454481476004,39,False
Batch 2,dq_min,c2,-0.26981199402132267,39,False
Batch 2,dq_min,c_equiv,0.056535176917767285,39,False
Batch 2,dq_mean,dq_std,-0.981042803424409,39,True
Batch 2,dq_mean,dq_skew,-0.4911865770994282,39,False
Batch 2,dq_mean,dq_kurtosis,0.3715447332222598,39,False
Batch 2,dq_mean,dq_area,0.9999999886485222,39,True
Batch 2,dq_mean,qd_2,-0.3380138821363933,39,False
Batch 2,dq_mean,qd_slope,0.07319307476492311,39,False
Batch 2,dq_mean,qd_change,0.2291251921914743,39,False
Batch 2,dq_mean,ir_median,-0.4391036845887038,33,False
Batch 2,dq_mean,ir_change,0.4596235430833858,33,False
Batch 2,dq_mean,tavg_median,0.3501368789056401,39,False
Batch 2,dq_mean,tmax_median,0.0700819594746232,39,False
Batch 2,dq_mean,chargetime_median,-0.844927657356951,39,False
Batch 2,dq_mean,c1,0.15930870035848693,39,False
Batch 2,dq_mean,soc_switch,0.21407385809217527,39,False
Batch 2,dq_mean,c2,-0.2817845341047419,39,False
Batch 2,dq_mean,c_equiv,0.03986833634654827,39,False
Batch 2,dq_std,dq_skew,0.3514927569885749,39,False
Batch 2,dq_std,dq_kurtosis,-0.406877703698381,39,False
Batch 2,dq_std,dq_area,-0.9810668912122229,39,True
Batch 2,dq_std,qd_2,0.32779063654663704,39,False
Batch 2,dq_std,qd_slope,0.028936207529182183,39,False
Batch 2,dq_std,qd_change,-0.1639774086910881,39,False
Batch 2,dq_std,ir_median,0.489811217169329,33,False
Batch 2,dq_std,ir_change,-0.37794648353686394,33,False
Batch 2,dq_std,tavg_median,-0.35617337181251285,39,False
Batch 2,dq_std,tmax_median,-0.04472273263417255,39,False
Batch 2,dq_std,chargetime_median,0.8980458556534203,39,False
Batch 2,dq_std,c1,-0.17576926319908637,39,False
Batch 2,dq_std,soc_switch,-0.23304639382302345,39,False
Batch 2,dq_std,c2,0.2690444013276879,39,False
Batch 2,dq_std,c_equiv,-0.08922732584124188,39,False
Batch 2,dq_skew,dq_kurtosis,-0.03992368641504654,39,False
Batch 2,dq_skew,dq_area,-0.491084923192956,39,False
Batch 2,dq_skew,qd_2,0.1832794404798942,39,False
Batch 2,dq_skew,qd_slope,-0.3832427545194008,39,False
Batch 2,dq_skew,qd_change,-0.3164347204767695,39,False
Batch 2,dq_skew,ir_median,0.08145825363188713,33,False
Batch 2,dq_skew,ir_change,-0.534739479906012,33,False
Batch 2,dq_skew,tavg_median,-0.28931263276351926,39,False
Batch 2,dq_skew,tmax_median,-0.2446009506648951,39,False
Batch 2,dq_skew,chargetime_median,0.20445530923813685,39,False
Batch 2,dq_skew,c1,-0.01561121870573207,39,False
Batch 2,dq_skew,soc_switch,0.12952078827341626,39,False
Batch 2,dq_skew,c2,0.172444937893712,39,False
Batch 2,dq_skew,c_equiv,0.057183184194631746,39,False
Batch 2,dq_kurtosis,dq_area,0.37162830678369896,39,False
Batch 2,dq_kurtosis,qd_2,0.0699945606616952,39,False
Batch 2,dq_kurtosis,qd_slope,-0.5327290002538775,39,False
Batch 2,dq_kurtosis,qd_change,-0.38652282953394046,39,False
Batch 2,dq_kurtosis,ir_median,-0.49060150799546054,33,False
Batch 2,dq_kurtosis,ir_change,-0.0688434619613782,33,False
Batch 2,dq_kurtosis,tavg_median,0.291362278819967,39,False
Batch 2,dq_kurtosis,tmax_median,0.025253048302072437,39,False
Batch 2,dq_kurtosis,chargetime_median,-0.5585663538839498,39,False
Batch 2,dq_kurtosis,c1,0.04694635098539629,39,False
Batch 2,dq_kurtosis,soc_switch,-0.12285224397208616,39,False
Batch 2,dq_kurtosis,c2,0.12015235219421537,39,False
Batch 2,dq_kurtosis,c_equiv,0.3840460604727572,39,False
Batch 2,dq_area,qd_2,-0.3380034300477709,39,False
Batch 2,dq_area,qd_slope,0.07307668374277912,39,False
Batch 2,dq_area,qd_change,0.22903653978872857,39,False
Batch 2,dq_area,ir_median,-0.4391753633526832,33,False
Batch 2,dq_area,ir_change,0.4595558088055539,33,False
Batch 2,dq_area,tavg_median,0.35014587789840507,39,False
Batch 2,dq_area,tmax_median,0.07005432522040608,39,False
Batch 2,dq_area,chargetime_median,-0.8449901015581647,39,False
Batch 2,dq_area,c1,0.15931524673673883,39,False
Batch 2,dq_area,soc_switch,0.21407814401983924,39,False
Batch 2,dq_area,c2,-0.2817580211310065,39,False
Batch 2,dq_area,c_equiv,0.0399229674208034,39,False
Batch 2,qd_2,qd_slope,0.090965075282151,39,False
Batch 2,qd_2,qd_change,0.11436314112196624,39,False
Batch 2,qd_2,ir_median,0.4874744785497254,33,False
Batch 2,qd_2,ir_change,-0.10993269812359734,33,False
Batch 2,qd_2,tavg_median,-0.28381310204640786,39,False
Batch 2,qd_2,tmax_median,-0.21829314173784337,39,False
Batch 2,qd_2,chargetime_median,0.20225056759876892,39,False
Batch 2,qd_2,c1,0.22169925904646437,39,False
Batch 2,qd_2,soc_switch,0.13614789483734746,39,False
Batch 2,qd_2,c2,-0.04883999857581836,39,False
Batch 2,qd_2,c_equiv,0.3434180363911269,39,False
Batch 2,qd_slope,qd_change,0.9035080117617281,39,True
Batch 2,qd_slope,ir_median,0.39728103702658935,33,False
Batch 2,qd_slope,ir_change,0.45720975731077196,33,False
Batch 2,qd_slope,tavg_median,-0.21506150437431107,39,False
Batch 2,qd_slope,tmax_median,-0.0143524533704991,39,False
Batch 2,qd_slope,chargetime_median,0.2872080181175271,39,False
Batch 2,qd_slope,c1,0.11351199574062718,39,False
Batch 2,qd_slope,soc_switch,0.08745613477197835,39,False
Batch 2,qd_slope,c2,-0.3371856369991531,39,False
Batch 2,qd_slope,c_equiv,-0.33337380033711167,39,False
Batch 2,qd_change,ir_median,0.31836162462552575,33,False
Batch 2,qd_change,ir_change,0.3948617496860681,33,False
Batch 2,qd_change,tavg_median,-0.20608392586695318,39,False
Batch 2,qd_change,tmax_median,-0.13832381540368002,39,False
Batch 2,qd_change,chargetime_median,0.04589251685351182,39,False
Batch 2,qd_change,c1,0.20027643114539148,39,False
Batch 2,qd_change,soc_switch,0.1842975299478973,39,False
Batch 2,qd_change,c2,-0.3873660327684063,39,False
Batch 2,qd_change,c_equiv,-0.15797290640120554,39,False
Batch 2,ir_median,ir_change,0.10552780968391978,33,False
Batch 2,ir_median,tavg_median,-0.09460874381808934,33,False
Batch 2,ir_median,tmax_median,0.10962530960980839,33,False
Batch 2,ir_median,chargetime_median,0.58071273499629,33,False
Batch 2,ir_median,c1,0.3258689795140489,33,False
Batch 2,ir_median,soc_switch,-0.022010044446402442,33,False
Batch 2,ir_median,c2,-0.3409283255935877,33,False
Batch 2,ir_median,c_equiv,0.07512753272328389,33,False
Batch 2,ir_change,tavg_median,0.09011246033652096,33,False
Batch 2,ir_change,tmax_median,0.27311215955570156,33,False
Batch 2,ir_change,chargetime_median,-0.16163119126312958,33,False
Batch 2,ir_change,c1,0.20015721939833694,33,False
Batch 2,ir_change,soc_switch,0.31659371427594435,33,False
Batch 2,ir_change,c2,-0.5706365453685994,33,False
Batch 2,ir_change,c_equiv,-0.2355835645321237,33,False
Batch 2,tavg_median,tmax_median,0.8309395502770236,39,False
Batch 2,tavg_median,chargetime_median,-0.37289457753376115,39,False
Batch 2,tavg_median,c1,0.17315789818099594,39,False
Batch 2,tavg_median,soc_switch,-0.28248920816883216,39,False
Batch 2,tavg_median,c2,-0.12684612586864358,39,False
Batch 2,tavg_median,c_equiv,0.15259276341768524,39,False
Batch 2,tmax_median,chargetime_median,0.008038009937098323,39,False
Batch 2,tmax_median,c1,-0.040245870577459195,39,False
Batch 2,tmax_median,soc_switch,-0.19864878072272732,39,False
Batch 2,tmax_median,c2,-0.04403645364085187,39,False
Batch 2,tmax_median,c_equiv,-0.22092554823141078,39,False
Batch 2,chargetime_median,c1,-0.24929419022540344,39,False
Batch 2,chargetime_median,soc_switch,-0.13683654475419696,39,False
Batch 2,chargetime_median,c2,0.26859980164099345,39,False
Batch 2,chargetime_median,c_equiv,-0.2901400844101758,39,False
Batch 2,c1,soc_switch,0.029890111165988442,39,False
Batch 2,c1,c2,-0.7352493807310284,39,False
Batch 2,c1,c_equiv,0.6764487354077897,39,False
Batch 2,soc_switch,c2,-0.06539635974351998,39,False
Batch 2,soc_switch,c_equiv,-0.16656725392949126,39,False
Batch 2,c2,c_equiv,-0.25653085642693674,39,False
Batch 3,log_dq_var,dq_min,-0.9684950198426223,40,True
Batch 3,log_dq_var,dq_mean,-0.940730056471798,40,True
Batch 3,log_dq_var,dq_std,0.9743664340964481,40,True
Batch 3,log_dq_var,dq_skew,0.5925502546309389,40,False
Batch 3,log_dq_var,dq_kurtosis,-0.06561181639746089,40,False
Batch 3,log_dq_var,dq_area,-0.940779658905823,40,True
Batch 3,log_dq_var,qd_2,0.04577039007587408,40,False
Batch 3,log_dq_var,qd_slope,-0.6763548325798182,40,False
Batch 3,log_dq_var,qd_change,-0.6582863332753405,40,False
Batch 3,log_dq_var,ir_median,-0.42080656766133273,40,False
Batch 3,log_dq_var,ir_change,0.6323106858197053,40,False
Batch 3,log_dq_var,tavg_median,0.0658703793583645,40,False
Batch 3,log_dq_var,tmax_median,0.14549478146500525,40,False
Batch 3,log_dq_var,chargetime_median,-0.494918589287489,40,False
Batch 3,log_dq_var,c1,-0.28455268994583016,40,False
Batch 3,log_dq_var,soc_switch,-0.4629482561535473,40,False
Batch 3,log_dq_var,c2,0.33947582584338093,40,False
Batch 3,log_dq_var,c_equiv,-0.027849979074817774,40,False
Batch 3,dq_min,dq_mean,0.9883980375056906,40,True
Batch 3,dq_min,dq_std,-0.9976030985784279,40,True
Batch 3,dq_min,dq_skew,-0.6825179832957272,40,False
Batch 3,dq_min,dq_kurtosis,-0.11434848088864587,40,False
Batch 3,dq_min,dq_area,0.9884146267689778,40,True
Batch 3,dq_min,qd_2,0.016585187265353706,40,False
Batch 3,dq_min,qd_slope,0.8171470976267705,40,False
Batch 3,dq_min,qd_change,0.8032607588090657,40,False
Batch 3,dq_min,ir_median,0.5224164437671676,40,False
Batch 3,dq_min,ir_change,-0.7364868025799405,40,False
Batch 3,dq_min,tavg_median,-0.10760416116707933,40,False
Batch 3,dq_min,tmax_median,-0.17422371821271732,40,False
Batch 3,dq_min,chargetime_median,0.36614953403059997,40,False
Batch 3,dq_min,c1,0.4604992143110085,40,False
Batch 3,dq_min,soc_switch,0.4058112245202442,40,False
Batch 3,dq_min,c2,-0.4905482336902019,40,False
Batch 3,dq_min,c_equiv,0.10379967477600771,40,False
Batch 3,dq_mean,dq_std,-0.9872002691638329,40,True
Batch 3,dq_mean,dq_skew,-0.7700020817988384,40,False
Batch 3,dq_mean,dq_kurtosis,-0.14928621148519342,40,False
Batch 3,dq_mean,dq_area,0.9999999865032597,40,True
Batch 3,dq_mean,qd_2,0.005869365407569163,40,False
Batch 3,dq_mean,qd_slope,0.8676554987513766,40,False
Batch 3,dq_mean,qd_change,0.8553398603758574,40,False
Batch 3,dq_mean,ir_median,0.5437203691801901,40,False
Batch 3,dq_mean,ir_change,-0.7621952963735462,40,False
Batch 3,dq_mean,tavg_median,-0.12832731932196112,40,False
Batch 3,dq_mean,tmax_median,-0.19256530961349486,40,False
Batch 3,dq_mean,chargetime_median,0.29531494865871183,40,False
Batch 3,dq_mean,c1,0.5380547402920006,40,False
Batch 3,dq_mean,soc_switch,0.34870553214230293,40,False
Batch 3,dq_mean,c2,-0.5341747347000424,40,False
Batch 3,dq_mean,c_equiv,0.12960455722886455,40,False
Batch 3,dq_std,dq_skew,0.6887831175415687,40,False
Batch 3,dq_std,dq_kurtosis,0.07356860845074388,40,False
Batch 3,dq_std,dq_area,-0.9872222426275389,40,True
Batch 3,dq_std,qd_2,-0.010715611643282247,40,False
Batch 3,dq_std,qd_slope,-0.7990044346223703,40,False
Batch 3,dq_std,qd_change,-0.7849154012964126,40,False
Batch 3,dq_std,ir_median,-0.507030555278864,40,False
Batch 3,dq_std,ir_change,0.7247516579958525,40,False
Batch 3,dq_std,tavg_median,0.09491481269115905,40,False
Batch 3,dq_std,tmax_median,0.16626014556684965,40,False
Batch 3,dq_std,chargetime_median,-0.36627583467442,40,False
Batch 3,dq_std,c1,-0.4447068297812511,40,False
Batch 3,dq_std,soc_switch,-0.3927784745468803,40,False
Batch 3,dq_std,c2,0.4660107491397295,40,False
Batch 3,dq_std,c_equiv,-0.09541924850888085,40,False
Batch 3,dq_skew,dq_kurtosis,0.3295098372400131,40,False
Batch 3,dq_skew,dq_area,-0.7699379422161908,40,False
Batch 3,dq_skew,qd_2,0.027784006773441748,40,False
Batch 3,dq_skew,qd_slope,-0.8099611709203187,40,False
Batch 3,dq_skew,qd_change,-0.8115114654336227,40,False
Batch 3,dq_skew,ir_median,-0.46176922901555495,40,False
Batch 3,dq_skew,ir_change,0.5396805470627243,40,False
Batch 3,dq_skew,tavg_median,0.21134760092225305,40,False
Batch 3,dq_skew,tmax_median,0.24125223009326047,40,False
Batch 3,dq_skew,chargetime_median,-0.05602608323033529,40,False
Batch 3,dq_skew,c1,-0.618572537194625,40,False
Batch 3,dq_skew,soc_switch,-0.08565846501788152,40,False
Batch 3,dq_skew,c2,0.4857943315866149,40,False
Batch 3,dq_skew,c_equiv,-0.1876868147218895,40,False
Batch 3,dq_kurtosis,dq_area,-0.1491496818540016,40,False
Batch 3,dq_kurtosis,qd_2,-0.18143326155461711,40,False
Batch 3,dq_kurtosis,qd_slope,-0.5186010839556963,40,False
Batch 3,dq_kurtosis,qd_change,-0.5312592018559291,40,False
Batch 3,dq_kurtosis,ir_median,-0.3462386021771042,40,False
Batch 3,dq_kurtosis,ir_change,0.33677957587661894,40,False
Batch 3,dq_kurtosis,tavg_median,0.3560470166797939,40,False
Batch 3,dq_kurtosis,tmax_median,0.2535325619579261,40,False
Batch 3,dq_kurtosis,chargetime_median,0.07046553505879549,40,False
Batch 3,dq_kurtosis,c1,-0.511495696397001,40,False
Batch 3,dq_kurtosis,soc_switch,-0.06613890539020845,40,False
Batch 3,dq_kurtosis,c2,0.4896624362657112,40,False
Batch 3,dq_kurtosis,c_equiv,-0.3793464385161178,40,False
Batch 3,dq_area,qd_2,0.005851517099810504,40,False
Batch 3,dq_area,qd_slope,0.8675801020044329,40,False
Batch 3,dq_area,qd_change,0.8552613906632414,40,False
Batch 3,dq_area,ir_median,0.5436725468948332,40,False
Batch 3,dq_area,ir_change,-0.7621531078110231,40,False
Batch 3,dq_area,tavg_median,-0.12828024929154577,40,False
Batch 3,dq_area,tmax_median,-0.19253418857480328,40,False
Batch 3,dq_area,chargetime_median,0.2953785504672766,40,False
Batch 3,dq_area,c1,0.5379537148919987,40,False
Batch 3,dq_area,soc_switch,0.34874177515733107,40,False
Batch 3,dq_area,c2,-0.5340957666157926,40,False
Batch 3,dq_area,c_equiv,0.12955000712333525,40,False
Batch 3,qd_2,qd_slope,0.1293003980633865,40,False
Batch 3,qd_2,qd_change,0.13297280648220755,40,False
Batch 3,qd_2,ir_median,-0.03080920054096061,40,False
Batch 3,qd_2,ir_change,-0.12883034534410312,40,False
Batch 3,qd_2,tavg_median,-0.3198161667167591,40,False
Batch 3,qd_2,tmax_median,-0.33251600289249084,40,False
Batch 3,qd_2,chargetime_median,0.047357637053282706,40,False
Batch 3,qd_2,c1,0.14174563362625642,40,False
Batch 3,qd_2,soc_switch,-0.11982513848006618,40,False
Batch 3,qd_2,c2,0.019471213911319545,40,False
Batch 3,qd_2,c_equiv,0.014123938382292029,40,False
Batch 3,qd_slope,qd_change,0.9962359680560873,40,True
Batch 3,qd_slope,ir_median,0.6944409332599384,40,False
Batch 3,qd_slope,ir_change,-0.7802446012081838,40,False
Batch 3,qd_slope,tavg_median,-0.2662594762556682,40,False
Batch 3,qd_slope,tmax_median,-0.2790401083370803,40,False
Batch 3,qd_slope,chargetime_median,0.08816057478043547,40,False
Batch 3,qd_slope,c1,0.7629230221107927,40,False
Batch 3,qd_slope,soc_switch,0.24492776204858735,40,False
Batch 3,qd_slope,c2,-0.7341501173201402,40,False
Batch 3,qd_slope,c_equiv,0.2687073121745594,40,False
Batch 3,qd_change,ir_median,0.6979337259027973,40,False
Batch 3,qd_change,ir_change,-0.7693935076044188,40,False
Batch 3,qd_change,tavg_median,-0.25899768453155775,40,False
Batch 3,qd_change,tmax_median,-0.269997557593274,40,False
Batch 3,qd_change,chargetime_median,0.05948828811751999,40,False
Batch 3,qd_change,c1,0.7781038994475568,40,False
Batch 3,qd_change,soc_switch,0.22632632721890764,40,False
Batch 3,qd_change,c2,-0.7459547225175398,40,False
Batch 3,qd_change,c_equiv,0.28621947361052463,40,False
Batch 3,ir_median,ir_change,-0.4625888625163654,40,False
Batch 3,ir_median,tavg_median,-0.18991204357502556,40,False
Batch 3,ir_median,tmax_median,-0.15178810791957606,40,False
Batch 3,ir_median,chargetime_median,0.021764025113869045,40,False
Batch 3,ir_median,c1,0.5408061231457146,40,False
Batch 3,ir_median,soc_switch,0.18993098832984032,40,False
Batch 3,ir_median,c2,-0.5649395507132776,40,False
Batch 3,ir_median,c_equiv,0.24582220609246946,40,False
Batch 3,ir_change,tavg_median,0.3074705210244854,40,False
Batch 3,ir_change,tmax_median,0.30782254678129145,40,False
Batch 3,ir_change,chargetime_median,-0.04106585588900751,40,False
Batch 3,ir_change,c1,-0.6606814513414292,40,False
Batch 3,ir_change,soc_switch,-0.029013118821626084,40,False
Batch 3,ir_change,c2,0.49535985854742715,40,False
Batch 3,ir_change,c_equiv,-0.24060354539811796,40,False
Batch 3,tavg_median,tmax_median,0.9690443587368728,40,True
Batch 3,tavg_median,chargetime_median,-0.23019065458994545,40,False
Batch 3,tavg_median,c1,-0.024097376704985348,40,False
Batch 3,tavg_median,soc_switch,-0.22443736667338995,40,False
Batch 3,tavg_median,c2,0.0763715274267551,40,False
Batch 3,tavg_median,c_equiv,-0.033860653105016195,40,False
Batch 3,tmax_median,chargetime_median,-0.23087784910636172,40,False
Batch 3,tmax_median,c1,-0.01742898980231623,40,False
Batch 3,tmax_median,soc_switch,-0.25728082174177663,40,False
Batch 3,tmax_median,c2,0.10012879384173128,40,False
Batch 3,tmax_median,c_equiv,-0.031370203755226624,40,False
Batch 3,chargetime_median,c1,-0.30574592412214957,40,False
Batch 3,chargetime_median,soc_switch,0.5594321874546161,40,False
Batch 3,chargetime_median,c2,0.27025716446771797,40,False
Batch 3,chargetime_median,c_equiv,-0.0517431968791283,40,False
Batch 3,c1,soc_switch,-0.3045707448738296,40,False
Batch 3,c1,c2,-0.6689340207568981,40,False
Batch 3,c1,c_equiv,0.37795710223070716,40,False
Batch 3,soc_switch,c2,-0.3559283191740848,40,False
Batch 3,soc_switch,c_equiv,0.019051742705438194,40,False
Batch 3,c2,c_equiv,-0.3768555968716544,40,False
