batch,cell_id,cycle_life,knee_cycle,slope_before,slope_after,knee_gain,knee_accepted
Batch 1,b1c5,1074.0,878.2727272727274,-6.868470497375878e-05,-0.0006898762987875985,0.9425186349792298,True
Batch 1,b1c6,636.0,510.046590909091,-0.00010795615863295747,-0.0011181297090639142,0.9581820500439221,True
Batch 1,b1c7,870.0,642.3977272727271,-7.64272457668741e-05,-0.000711645300674676,0.9615788544316841,True
Batch 1,b1c9,1054.0,795.0272727272727,-6.293098408849061e-05,-0.0005701681453636836,0.9567100571642123,True
Batch 1,b1c11,788.0,594.3181818181818,-6.277351682219523e-05,-0.0007265019697197278,0.9715088470868541,True
Batch 1,b1c14,880.0,649.7840909090909,-6.244996910415855e-05,-0.0006691184467388305,0.9783980781860032,True
Batch 1,b1c15,719.0,553.6454545454545,-6.627465594477936e-05,-0.0009048294156180674,0.9737372386234954,True
Batch 1,b1c16,862.0,677.4863636363636,-6.601988469950249e-05,-0.0008794543999368573,0.9720733798952759,True
Batch 1,b1c17,857.0,646.3818181818182,-5.745225473132539e-05,-0.0007347411141738988,0.9704022765788812,True
Batch 1,b1c18,691.0,565.090909090909,-0.00012343772970994468,-0.0009773952975305968,0.9763762726727276,True
Batch 1,b1c19,788.0,569.340909090909,-8.536516400756987e-05,-0.0007209463430522028,0.9784556735882304,True
Batch 1,b1c20,534.0,413.1965909090909,-0.0002686297217966245,-0.000706114912846188,0.8991190014196963,True
Batch 1,b1c21,559.0,440.54545454545445,-0.00020029304700821578,-0.000926442206880284,0.9287949246001913,True
Batch 1,b1c23,1014.0,764.8454545454546,-6.224825692470316e-05,-0.0005864017531488953,0.9595089250471138,True
Batch 1,b1c24,1017.0,750.9772727272727,-6.30917845207351e-05,-0.000536482011208294,0.9655238811311848,True
Batch 1,b1c25,854.0,603.5022727272727,-6.426250699870446e-05,-0.0006067087768277213,0.9763755725342732,True
Batch 1,b1c26,870.0,656.190909090909,-7.405819175329133e-05,-0.0007384005681028177,0.9660890771167464,True
Batch 1,b1c27,842.0,635.0636363636364,-6.900127514822824e-05,-0.0007194837900193663,0.9656655100309589,True
Batch 1,b1c28,860.0,621.3772727272726,-6.664662368384957e-05,-0.0006591899878204829,0.9790580237622918,True
Batch 1,b1c29,917.0,677.1136363636364,-7.051248593453079e-05,-0.0006335279178157414,0.9739608940678361,True
Batch 1,b1c30,709.0,545.9409090909091,-7.52890087207999e-05,-0.0009606956413965775,0.9749950269866068,True
Batch 1,b1c31,876.0,674.6068181818182,-7.54375621643189e-05,-0.0008123757391541157,0.976116710567682,True
Batch 1,b1c32,731.0,539.7272727272727,-7.712183377647657e-05,-0.0008225690956052336,0.9741336343995095,True
Batch 1,b1c33,757.0,558.9318181818182,-8.709046508842714e-05,-0.0008437941000129722,0.967803587318715,True
Batch 1,b1c34,742.0,583.1227272727272,-7.27007323566158e-05,-0.0009751995185853114,0.9679985344015828,True
Batch 1,b1c35,703.0,519.0454545454546,-6.67417505163687e-05,-0.0008438604134655845,0.9704685686174617,True
Batch 1,b1c36,704.0,519.784090909091,-7.440383142692638e-05,-0.0008650004365355008,0.9761150222669299,True
Batch 1,b1c37,648.0,478.61931818181824,-8.194855773480225e-05,-0.0008960431654658514,0.9743672591631898,True
Batch 1,b1c38,617.0,475.7295454545455,-8.735917588438354e-05,-0.0011098256194574812,0.9713682624575817,True
Batch 1,b1c39,625.0,471.9681818181818,-8.68395772195077e-05,-0.0010935628245569826,0.9755271362956913,True
Batch 1,b1c40,966.0,697.9863636363635,-6.877988700235161e-05,-0.0005611330699398282,0.9540392451706889,True
Batch 1,b1c41,1051.0,792.7636363636362,-6.447587701436655e-05,-0.0005652385794157099,0.9687528323068335,True
Batch 1,b1c42,702.0,496.0659090909091,-7.520561654462291e-05,-0.0008067577634912299,0.9799074778294887,True
Batch 1,b1c43,651.0,491.0545454545454,-8.274106794618565e-05,-0.0009415171872600536,0.9822358560644725,True
Batch 1,b1c44,616.0,426.90227272727276,-9.102956063805291e-05,-0.0008885934091635222,0.977236466840469,True
Batch 1,b1c45,599.0,425.02272727272725,-8.681112431761502e-05,-0.0009692850693849919,0.9764225988767594,True
Batch 2,b2c0,477.0,377.87499999999994,-0.00010857870673727092,-0.001971453280951126,0.9438059569625136,True
Batch 2,b2c1,491.0,382.7136363636363,-0.00019392650691429746,-0.001517849514714477,0.9048337634585243,True
Batch 2,b2c2,424.0,354.6659090909091,-0.0001378510128814221,-0.0022470977070543287,0.9027190397134527,True
Batch 2,b2c3,499.0,393.2909090909091,-0.00015456806176036977,-0.001630800241737026,0.9247941043671809,True
Batch 2,b2c4,444.0,340.99545454545455,-0.00018055342601893838,-0.0015126173452709064,0.9127031582408345,True
Batch 2,b2c5,416.0,296.14545454545447,-0.00028989774583294635,-0.001190632638525858,0.9101440322656482,True
Batch 2,b2c6,393.0,285.84999999999997,-0.00014103643490843284,-0.0016280103922720489,0.9245958990129333,True
Batch 2,b2c7,777.0,621.2159090909091,-9.960585426236705e-05,-0.001024315194010157,0.9284392466487994,True
Batch 2,b2c8,904.0,714.8000000000001,-4.032117471815606e-05,-0.0010030229069639192,0.9703162522286857,True
Batch 2,b2c9,791.0,631.2318181818181,-5.654357975352876e-05,-0.0011480871046399904,0.9421627704951212,True
Batch 2,b2c10,492.0,363.7318181818182,-0.0001001694786690845,-0.0015709194801110677,0.9492787432111951,True
Batch 2,b2c11,449.0,350.5488636363637,-4.847558113882405e-05,-0.0021270981340853843,0.9588664336445367,True
Batch 2,b2c12,466.0,332.1454545454545,-0.00015908922032235203,-0.0013518906584267408,0.9297179160661064,True
Batch 2,b2c13,460.0,347.14772727272725,-0.00012392155959092528,-0.0015841758039058097,0.9494976025503038,True
Batch 2,b2c14,426.0,332.27272727272725,-0.0002083109264529536,-0.0015246245216353094,0.960524277754056,True
Batch 2,b2c15,396.0,300.49431818181813,-0.00015910169110093856,-0.001624981470077744,0.9139454695922852,True
Batch 2,b2c16,472.0,365.33636363636367,-0.0001784503013397295,-0.0015224432904976147,0.9263507001199343,True
Batch 2,b2c17,471.0,347.31136363636364,-0.0001851010585750069,-0.0012819381264624408,0.9051905702415806,True
Batch 2,b2c18,449.0,363.3386363636364,-0.00012734600746607444,-0.0018967042135743443,0.9287015050581269,True
Batch 2,b2c19,392.0,304.1363636363636,-0.00012014733116991773,-0.00205175765311154,0.9435718338566166,True
Batch 2,b2c20,489.0,392.721590909091,-2.676824746682898e-05,-0.002179195339969843,0.9604056041534785,True
Batch 2,b2c21,408.0,308.6079545454545,-0.00011832989159877959,-0.0019310279166518524,0.9468352466676171,True
Batch 2,b2c24,514.0,399.1534090909091,-9.685152505723596e-05,-0.0016180252660292595,0.9467552401804622,True
Batch 2,b2c25,493.0,396.48863636363643,-4.727330545337463e-05,-0.0021155804278387806,0.9590834886973221,True
Batch 2,b2c26,450.0,349.3409090909091,-0.0001997318478127239,-0.0016769513392822155,0.9304965211169978,True
Batch 2,b2c27,474.0,375.6727272727272,-5.054349096115136e-05,-0.002079150335201642,0.9595659743150329,True
Batch 2,b2c28,437.0,328.89204545454555,-0.00014363998661137434,-0.0016353462071207155,0.9279870284682593,True
Batch 2,b2c29,452.0,351.97840909090905,-5.804759296991932e-05,-0.002137799090223868,0.9567852371098078,True
Batch 2,b2c30,412.0,328.69090909090914,-0.00018904632914212895,-0.0018945199318334007,0.9283343310642631,True
Batch 2,b2c31,425.0,328.4772727272728,-0.00020048761627991217,-0.0017006400425878753,0.9124746101580627,True
Batch 2,b2c32,809.0,642.7886363636362,-9.614836416052773e-05,-0.0009382890537365843,0.919498322532274,True
Batch 2,b2c33,1140.0,917.0704545454546,-5.708215559467682e-05,-0.0006587930845572183,0.9809402721087599,True
Batch 2,b2c34,1186.0,964.8386363636363,-6.195106445565788e-05,-0.0006157936481831742,0.9806233686714568,True
Batch 2,b2c41,442.0,333.62499999999994,-0.00014727619170278158,-0.001717479187609355,0.9351089658382702,True
Batch 2,b2c42,474.0,349.28181818181815,-5.2493318464084944e-05,-0.0017030815213957544,0.9567546075052438,True
Batch 2,b2c43,1029.0,834.5454545454545,-5.2920963928334553e-05,-0.0009359902523842775,0.9532259901637274,True
Batch 2,b2c44,841.0,701.3840909090909,-4.556719012240943e-05,-0.0013880640394251123,0.9704597066876817,True
Batch 2,b2c45,997.0,775.1636363636363,-4.76421105875034e-05,-0.0008566691139467158,0.9451281331214807,True
Batch 2,b2c46,503.0,397.69545454545454,-0.00015157477652082046,-0.0016786983963436811,0.9349283849778814,True
Batch 3,b3c0,1009.0,840.9295454545453,-6.207294779590335e-05,-0.0007841999179782936,0.9526704704592945,True
Batch 3,b3c1,1063.0,869.0909090909091,-5.853230229788031e-05,-0.0007029610113156305,0.9746739457089224,True
Batch 3,b3c3,1115.0,911.6363636363636,-5.747029806862755e-05,-0.000656532284404215,0.9692100018574419,True
Batch 3,b3c4,1048.0,823.5363636363637,-6.416508093210179e-05,-0.000633727114876229,0.9609422869407567,True
Batch 3,b3c5,828.0,676.8181818181818,-8.100930790549649e-05,-0.0007488357821041836,0.9334423514673511,True
Batch 3,b3c6,667.0,460.4545454545454,-0.00020865530494892457,-0.00039119163644678356,0.9650210136828345,True
Batch 3,b3c7,1836.0,1414.0136363636361,-4.0738771008099415e-05,-0.00030165052921314064,0.96800598670192,True
Batch 3,b3c8,828.0,689.959090909091,-7.293124924686063e-05,-0.0009547915393931463,0.9469057831236909,True
Batch 3,b3c9,1039.0,849.4545454545454,-5.468818895614297e-05,-0.0007542853554922395,0.9508465072890402,True
Batch 3,b3c10,1078.0,881.3636363636365,-5.690519581697139e-05,-0.0007136256681709782,0.973659204539383,True
Batch 3,b3c11,817.0,641.8863636363635,-8.481688415405698e-05,-0.000740206745688974,0.9418432800249731,True
Batch 3,b3c12,932.0,747.1136363636364,-5.958132359786031e-05,-0.0007768500789154249,0.9450736705554634,True
Batch 3,b3c13,816.0,628.15,-8.495220854187773e-05,-0.0006711116948887319,0.938844574150617,True
Batch 3,b3c14,858.0,674.1272727272727,-7.12058601475493e-05,-0.0007532959736913759,0.9381124432333894,True
Batch 3,b3c15,876.0,674.3772727272726,-7.818555302616861e-05,-0.0006402922070265493,0.9349688329669676,True
Batch 3,b3c16,1638.0,1287.490909090909,-4.5735112346479025e-05,-0.0003538216754482667,0.9828999933943428,True
Batch 3,b3c17,1315.0,1033.4954545454545,-5.332019685582544e-05,-0.0004742860284432806,0.9843810765563263,True
Batch 3,b3c18,1146.0,900.5999999999998,-6.014229074360612e-05,-0.0005567313465505366,0.9794010446276322,True
Batch 3,b3c19,1155.0,907.6772727272726,-6.0190353469794915e-05,-0.0005683492207164792,0.9859207995928634,True
Batch 3,b3c20,813.0,677.4477272727273,-6.943036888941376e-05,-0.0010135417615580755,0.9561726889690196,True
Batch 3,b3c21,772.0,594.25,-0.00015378178033388366,-0.00046338697904309246,0.9337838877925911,True
Batch 3,b3c22,1002.0,851.0,-5.3229945280671746e-05,-0.0007669715477126113,0.93889787096076,True
Batch 3,b3c24,825.0,687.456818181818,-7.322144856912796e-05,-0.0008345396599624954,0.9310056267112141,True
Batch 3,b3c25,989.0,824.2477272727272,-5.9666771870296473e-05,-0.0007898086555077098,0.962768833030966,True
Batch 3,b3c26,1028.0,791.4863636363636,-5.9960320285598684e-05,-0.0006076887200794058,0.9704562972464165,True
Batch 3,b3c27,850.0,681.3272727272725,-7.310633592938658e-05,-0.0007798745897473893,0.9541246211593226,True
Batch 3,b3c28,541.0,377.525,-0.00023497579468568247,-0.0004890721152966497,0.9485138981639176,True
Batch 3,b3c29,858.0,660.5090909090909,-7.727425617831315e-05,-0.0006608418437234669,0.9431558029711046,True
Batch 3,b3c30,935.0,764.3636363636364,-6.024044440207553e-05,-0.0007951695581485483,0.9479123286608345,True
Batch 3,b3c31,731.0,597.4545454545454,-7.556665032101216e-05,-0.001049649467784714,0.95313855780874,True
Batch 3,b3c33,1284.0,1090.7,-5.315406928020501e-05,-0.0006352700904464665,0.9758596441424939,True
Batch 3,b3c34,1158.0,928.4272727272728,-5.920208886221332e-05,-0.0005721779787803778,0.9875363781725449,True
Batch 3,b3c35,1093.0,841.5659090909091,-6.097863828683286e-05,-0.000523525198659777,0.9686869390927715,True
Batch 3,b3c36,923.0,783.85,-6.917481294015951e-05,-0.0007942099001647873,0.9285327238512959,True
Batch 3,b3c38,1935.0,1521.040909090909,-4.221032900032809e-05,-0.0002885934837616464,0.9723454365402772,True
Batch 3,b3c39,1156.0,981.9,-5.438792741505565e-05,-0.0006116000376540759,0.9481278331891853,True
Batch 3,b3c40,796.0,625.3727272727273,-8.214102787473828e-05,-0.0007361381648146622,0.9454181289995687,True
Batch 3,b3c41,786.0,605.0363636363636,-6.337336518255763e-05,-0.000715536741180448,0.9525677196288519,True
Batch 3,b3c44,940.0,783.3772727272727,-5.735883010572681e-05,-0.0008662935718194528,0.937335084695594,True
Batch 3,b3c45,1801.0,1415.6681818181817,-4.517935320295608e-05,-0.00032663344390937703,0.9658458139886898,True
