cell_id,batch,cycle_life,iqr_lower,iqr_upper,iqr_flag,policy
b1c0,Batch 1,1190.0,386.75,1230.75,within,3.6C(80%)-3.6C
b1c1,Batch 1,1179.0,386.75,1230.75,within,3.6C(80%)-3.6C
b1c2,Batch 1,1177.0,386.75,1230.75,within,3.6C(80%)-3.6C
b1c3,Batch 1,1226.0,386.75,1230.75,within,4C(80%)-4C
b1c4,Batch 1,1227.0,386.75,1230.75,within,4C(80%)-4C
b1c5,Batch 1,1074.0,386.75,1230.75,within,4.4C(80%)-4.4C
b1c6,Batch 1,636.0,386.75,1230.75,within,4.8C(80%)-4.8C
b1c7,Batch 1,870.0,386.75,1230.75,within,4.8C(80%)-4.8C
b1c8,Batch 1,879.0,386.75,1230.75,within,5.4C(40%)-3.6C
b1c9,Batch 1,1054.0,386.75,1230.75,within,5.4C(40%)-3.6C
b1c10,Batch 1,906.0,386.75,1230.75,within,5.4C(50%)-3C
b1c11,Batch 1,788.0,386.75,1230.75,within,5.4C(50%)-3C
b1c12,Batch 1,902.0,386.75,1230.75,within,5.4C(50%)-3.6C
b1c13,Batch 1,897.0,386.75,1230.75,within,5.4C(50%)-3.6C
b1c14,Batch 1,880.0,386.75,1230.75,within,5.4C(60%)-3C
b1c15,Batch 1,719.0,386.75,1230.75,within,5.4C(60%)-3C
b1c16,Batch 1,862.0,386.75,1230.75,within,5.4C(60%)-3.6C
b1c17,Batch 1,857.0,386.75,1230.75,within,5.4C(60%)-3.6C
b1c18,Batch 1,691.0,386.75,1230.75,within,5.4C(70%)-3C
b1c19,Batch 1,788.0,386.75,1230.75,within,5.4C(70%)-3C
b1c20,Batch 1,534.0,386.75,1230.75,within,5.4C(80%)-5.4C
b1c21,Batch 1,559.0,386.75,1230.75,within,5.4C(80%)-5.4C
b1c22,Batch 1,891.0,386.75,1230.75,within,6C(30%)-3.6C
b1c23,Batch 1,1014.0,386.75,1230.75,within,6C(30%)-3.6C
b1c24,Batch 1,1017.0,386.75,1230.75,within,6C(40%)-3C
b1c25,Batch 1,854.0,386.75,1230.75,within,6C(40%)-3C
b1c26,Batch 1,870.0,386.75,1230.75,within,6C(40%)-3.6C
b1c27,Batch 1,842.0,386.75,1230.75,within,6C(40%)-3.6C
b1c28,Batch 1,860.0,386.75,1230.75,within,6C(50%)-3C
b1c29,Batch 1,917.0,386.75,1230.75,within,6C(50%)-3C
b1c30,Batch 1,709.0,386.75,1230.75,within,6C(50%)-3.6C
b1c31,Batch 1,876.0,386.75,1230.75,within,6C(50%)-3.6C
b1c32,Batch 1,731.0,386.75,1230.75,within,6C(60%)-3C
b1c33,Batch 1,757.0,386.75,1230.75,within,6C(60%)-3C
b1c34,Batch 1,742.0,386.75,1230.75,within,7C(30%)-3.6C
b1c35,Batch 1,703.0,386.75,1230.75,within,7C(30%)-3.6C
b1c36,Batch 1,704.0,386.75,1230.75,within,7C(40%)-3C
b1c37,Batch 1,648.0,386.75,1230.75,within,7C(40%)-3C
b1c38,Batch 1,617.0,386.75,1230.75,within,7C(40%)-3.6C
b1c39,Batch 1,625.0,386.75,1230.75,within,7C(40%)-3.6C
b1c40,Batch 1,966.0,386.75,1230.75,within,8C(15%)-3.6C
b1c41,Batch 1,1051.0,386.75,1230.75,within,8C(15%)-3.6C
b1c42,Batch 1,702.0,386.75,1230.75,within,8C(25%)-3.6C
b1c43,Batch 1,651.0,386.75,1230.75,within,8C(25%)-3.6C
b1c44,Batch 1,616.0,386.75,1230.75,within,8C(35%)-3.6C
b1c45,Batch 1,599.0,386.75,1230.75,within,8C(35%)-3.6C
b2c0,Batch 2,477.0,336.0,612.0,within,5.2C(58%)-4C
b2c1,Batch 2,491.0,336.0,612.0,within,5.6C(26%)-4.5C
b2c2,Batch 2,424.0,336.0,612.0,within,5.2C(50%)-4.25C
b2c3,Batch 2,499.0,336.0,612.0,within,4.65C(44%)-5C
b2c4,Batch 2,444.0,336.0,612.0,within,4.65C(69%)-6C
b2c5,Batch 2,416.0,336.0,612.0,within,3.6C(30%)-6C
b2c6,Batch 2,393.0,336.0,612.0,within,3.6C(9%)-5C
b2c7,Batch 2,777.0,336.0,612.0,high,4.8C(80%)-4.8C-newstructure
b2c8,Batch 2,904.0,336.0,612.0,high,5.2C(58%)-4C-newstructure
b2c9,Batch 2,791.0,336.0,612.0,high,5.6C(26%)-4.5C-newstructure
b2c10,Batch 2,492.0,336.0,612.0,within,4.8C(80%)-4.8C
b2c11,Batch 2,449.0,336.0,612.0,within,5.2C(50%)-4.25C
b2c12,Batch 2,466.0,336.0,612.0,within,4.65C(44%)-5C
b2c13,Batch 2,460.0,336.0,612.0,within,4.65C(69%)-6C
b2c14,Batch 2,426.0,336.0,612.0,within,3.6C(30%)-6C
b2c15,Batch 2,396.0,336.0,612.0,within,3.6C(9%)-5C
b2c16,Batch 2,472.0,336.0,612.0,within,4.8C(80%)-4.8C
b2c17,Batch 2,471.0,336.0,612.0,within,5.6C(26%)-4.5C
b2c18,Batch 2,449.0,336.0,612.0,within,5.2C(50%)-4.25C
b2c19,Batch 2,392.0,336.0,612.0,within,6C(60%)-3C
b2c20,Batch 2,489.0,336.0,612.0,within,5.2C(58%)-4C
b2c21,Batch 2,408.0,336.0,612.0,within,6C(60%)-3C
b2c24,Batch 2,514.0,336.0,612.0,within,4.8C(80%)-4.8C
b2c25,Batch 2,493.0,336.0,612.0,within,5.2C(58%)-4C
b2c26,Batch 2,450.0,336.0,612.0,within,5.6C(26%)-4.5C
b2c27,Batch 2,474.0,336.0,612.0,within,5.2C(50%)-4.25C
b2c28,Batch 2,437.0,336.0,612.0,within,4.8C(80%)-4.8C
b2c29,Batch 2,452.0,336.0,612.0,within,5.2C(58%)-4C
b2c30,Batch 2,412.0,336.0,612.0,within,5.6C(26%)-4.5C
b2c31,Batch 2,425.0,336.0,612.0,within,5.6C(26%)-4.5C
b2c32,Batch 2,809.0,336.0,612.0,high,4.8C(80%)-4.8C-newstructure
b2c33,Batch 2,1140.0,336.0,612.0,high,5.2C(58%)-4C-newstructure
b2c34,Batch 2,1186.0,336.0,612.0,high,5.6C(26%)-4.5C-newstructure
b2c41,Batch 2,442.0,336.0,612.0,within,5.6C(26%)-4.5C
b2c42,Batch 2,474.0,336.0,612.0,within,5.2C(50%)-4.25C
b2c43,Batch 2,1029.0,336.0,612.0,high,4.8C(80%)-4.8C-newstructure
b2c44,Batch 2,841.0,336.0,612.0,high,5.2C(58%)-4C-newstructure
b2c45,Batch 2,997.0,336.0,612.0,high,5.6C(26%)-4.5C-newstructure
b2c46,Batch 2,503.0,336.0,612.0,within,4.8C(80%)-4.8C
b3c0,Batch 3,1009.0,337.125,1646.125,within,5C(67%)-4C-newstructure
b3c1,Batch 3,1063.0,337.125,1646.125,within,5.3C(54%)-4C-newstructure
b3c2,Batch 3,1267.0,337.125,1646.125,within,5.6C(19%)-4.6C-newstructure
b3c3,Batch 3,1115.0,337.125,1646.125,within,5.6C(36%)-4.3C-newstructure
b3c4,Batch 3,1048.0,337.125,1646.125,within,5.6C(19%)-4.6C-newstructure
b3c5,Batch 3,828.0,337.125,1646.125,within,5.6C(36%)-4.3C-newstructure
b3c6,Batch 3,667.0,337.125,1646.125,within,3.7C(31%)-5.9C-newstructure
b3c7,Batch 3,1836.0,337.125,1646.125,high,4.8C(80%)-4.8C-newstructure
b3c8,Batch 3,828.0,337.125,1646.125,within,5C(67%)-4C-newstructure
b3c9,Batch 3,1039.0,337.125,1646.125,within,5.3C(54%)-4C-newstructure
b3c10,Batch 3,1078.0,337.125,1646.125,within,4.8C(80%)-4.8C-newstructure
b3c11,Batch 3,817.0,337.125,1646.125,within,5.6C(19%)-4.6C-newstructure
b3c12,Batch 3,932.0,337.125,1646.125,within,5.6C(36%)-4.3C-newstructure
b3c13,Batch 3,816.0,337.125,1646.125,within,5.6C(19%)-4.6C-newstructure
b3c14,Batch 3,858.0,337.125,1646.125,within,5.6C(36%)-4.3C-newstructure
b3c15,Batch 3,876.0,337.125,1646.125,within,5.9C(15%)-4.6C-newstructure
b3c16,Batch 3,1638.0,337.125,1646.125,within,4.8C(80%)-4.8C-newstructure
b3c17,Batch 3,1315.0,337.125,1646.125,within,5.3C(54%)-4C-newstructure
b3c18,Batch 3,1146.0,337.125,1646.125,within,5.6C(19%)-4.6C-newstructure
b3c19,Batch 3,1155.0,337.125,1646.125,within,5.6C(36%)-4.3C-newstructure
b3c20,Batch 3,813.0,337.125,1646.125,within,5C(67%)-4C-newstructure
b3c21,Batch 3,772.0,337.125,1646.125,within,3.7C(31%)-5.9C-newstructure
b3c22,Batch 3,1002.0,337.125,1646.125,within,5.9C(60%)-3.1C-newstructure
b3c24,Batch 3,825.0,337.125,1646.125,within,5C(67%)-4C-newstructure
b3c25,Batch 3,989.0,337.125,1646.125,within,5.3C(54%)-4C-newstructure
b3c26,Batch 3,1028.0,337.125,1646.125,within,5.6C(19%)-4.6C-newstructure
b3c27,Batch 3,850.0,337.125,1646.125,within,5.6C(36%)-4.3C-newstructure
b3c28,Batch 3,541.0,337.125,1646.125,within,3.7C(31%)-5.9C-newstructure
b3c29,Batch 3,858.0,337.125,1646.125,within,5.9C(15%)-4.6C-newstructure
b3c30,Batch 3,935.0,337.125,1646.125,within,5.3C(54%)-4C-newstructure
b3c31,Batch 3,731.0,337.125,1646.125,within,5.9C(60%)-3.1C-newstructure
b3c33,Batch 3,1284.0,337.125,1646.125,within,5C(67%)-4C-newstructure
b3c34,Batch 3,1158.0,337.125,1646.125,within,5.3C(54%)-4C-newstructure
b3c35,Batch 3,1093.0,337.125,1646.125,within,5.6C(19%)-4.6C-newstructure
b3c36,Batch 3,923.0,337.125,1646.125,within,5.6C(36%)-4.3C-newstructure
b3c37,Batch 3,1390.0,337.125,1646.125,within,4.8C(80%)-4.8C-newstructure
b3c38,Batch 3,1935.0,337.125,1646.125,high,5C(67%)-4C-newstructure
b3c39,Batch 3,1156.0,337.125,1646.125,within,5.3C(54%)-4C-newstructure
b3c40,Batch 3,796.0,337.125,1646.125,within,5.6C(19%)-4.6C-newstructure
b3c41,Batch 3,786.0,337.125,1646.125,within,5.6C(36%)-4.3C-newstructure
b3c42,Batch 3,1642.0,337.125,1646.125,within,4.8C(80%)-4.8C-newstructure
b3c43,Batch 3,1046.0,337.125,1646.125,within,5C(67%)-4C-newstructure
b3c44,Batch 3,940.0,337.125,1646.125,within,5.3C(54%)-4C-newstructure
b3c45,Batch 3,1801.0,337.125,1646.125,high,4.8C(80%)-4.8C-newstructure
