cell_id,batch,field,n,missing,zero,qd_outside_0_1_5,charge_over60
b1c0,Batch 1,QDischarge,1189,0,1,2,0
b1c0,Batch 1,QCharge,1189,0,1,0,0
b1c0,Batch 1,IR,1189,0,2,0,0
b1c0,Batch 1,Tavg,1189,0,1,0,0
b1c0,Batch 1,Tmax,1189,0,1,0,0
b1c0,Batch 1,Tmin,1189,0,1,0,0
b1c0,Batch 1,chargetime,1189,0,1,0,0
b1c1,Batch 1,QDischarge,1178,0,1,1,0
b1c1,Batch 1,QCharge,1178,0,1,0,0
b1c1,Batch 1,IR,1178,0,3,0,0
b1c1,Batch 1,Tavg,1178,0,1,0,0
b1c1,Batch 1,Tmax,1178,0,1,0,0
b1c1,Batch 1,Tmin,1178,0,1,0,0
b1c1,Batch 1,chargetime,1178,0,1,0,0
b1c2,Batch 1,QDischarge,1176,0,1,1,0
b1c2,Batch 1,QCharge,1176,0,1,0,0
b1c2,Batch 1,IR,1176,0,3,0,0
b1c2,Batch 1,Tavg,1176,0,1,0,0
b1c2,Batch 1,Tmax,1176,0,1,0,0
b1c2,Batch 1,Tmin,1176,0,1,0,0
b1c2,Batch 1,chargetime,1176,0,1,0,0
b1c3,Batch 1,QDischarge,1225,0,1,1,0
b1c3,Batch 1,QCharge,1225,0,1,0,0
b1c3,Batch 1,IR,1225,0,2,0,0
b1c3,Batch 1,Tavg,1225,0,1,0,0
b1c3,Batch 1,Tmax,1225,0,1,0,0
b1c3,Batch 1,Tmin,1225,0,1,0,0
b1c3,Batch 1,chargetime,1225,0,1,0,1
b1c4,Batch 1,QDischarge,1226,0,1,1,0
b1c4,Batch 1,QCharge,1226,0,1,0,0
b1c4,Batch 1,IR,1226,0,3,0,0
b1c4,Batch 1,Tavg,1226,0,1,0,0
b1c4,Batch 1,Tmax,1226,0,1,0,0
b1c4,Batch 1,Tmin,1226,0,1,0,0
b1c4,Batch 1,chargetime,1226,0,1,0,0
b1c5,Batch 1,QDischarge,1073,0,1,1,0
b1c5,Batch 1,QCharge,1073,0,1,0,0
b1c5,Batch 1,IR,1073,0,2,0,0
b1c5,Batch 1,Tavg,1073,0,1,0,0
b1c5,Batch 1,Tmax,1073,0,1,0,0
b1c5,Batch 1,Tmin,1073,0,1,0,0
b1c5,Batch 1,chargetime,1073,0,1,0,1
b1c6,Batch 1,QDischarge,635,0,1,1,0
b1c6,Batch 1,QCharge,635,0,1,0,0
b1c6,Batch 1,IR,635,0,2,0,0
b1c6,Batch 1,Tavg,635,0,1,0,0
b1c6,Batch 1,Tmax,635,0,1,0,0
b1c6,Batch 1,Tmin,635,0,1,0,0
b1c6,Batch 1,chargetime,635,0,1,0,0
b1c7,Batch 1,QDischarge,869,0,1,1,0
b1c7,Batch 1,QCharge,869,0,1,0,0
b1c7,Batch 1,IR,869,0,2,0,0
b1c7,Batch 1,Tavg,869,0,1,0,0
b1c7,Batch 1,Tmax,869,0,1,0,0
b1c7,Batch 1,Tmin,869,0,1,0,0
b1c7,Batch 1,chargetime,869,0,1,0,0
b1c8,Batch 1,QDischarge,878,0,1,1,0
b1c8,Batch 1,QCharge,878,0,1,0,0
b1c8,Batch 1,IR,878,0,1,0,0
b1c8,Batch 1,Tavg,878,0,1,0,0
b1c8,Batch 1,Tmax,878,0,1,0,0
b1c8,Batch 1,Tmin,878,0,1,0,0
b1c8,Batch 1,chargetime,878,0,1,0,0
b1c9,Batch 1,QDischarge,1053,0,1,1,0
b1c9,Batch 1,QCharge,1053,0,1,0,0
b1c9,Batch 1,IR,1053,0,2,0,0
b1c9,Batch 1,Tavg,1053,0,1,0,0
b1c9,Batch 1,Tmax,1053,0,1,0,0
b1c9,Batch 1,Tmin,1053,0,1,0,0
b1c9,Batch 1,chargetime,1053,0,1,0,0
b1c10,Batch 1,QDischarge,905,0,1,1,0
b1c10,Batch 1,QCharge,905,0,1,0,0
b1c10,Batch 1,IR,905,0,2,0,0
b1c10,Batch 1,Tavg,905,0,1,0,0
b1c10,Batch 1,Tmax,905,0,1,0,0
b1c10,Batch 1,Tmin,905,0,1,0,0
b1c10,Batch 1,chargetime,905,0,1,0,0
b1c11,Batch 1,QDischarge,787,0,1,1,0
b1c11,Batch 1,QCharge,787,0,1,0,0
b1c11,Batch 1,IR,787,0,2,0,0
b1c11,Batch 1,Tavg,787,0,1,0,0
b1c11,Batch 1,Tmax,787,0,1,0,0
b1c11,Batch 1,Tmin,787,0,1,0,0
b1c11,Batch 1,chargetime,787,0,1,0,0
b1c12,Batch 1,QDischarge,901,0,1,1,0
b1c12,Batch 1,QCharge,901,0,1,0,0
b1c12,Batch 1,IR,901,0,1,0,0
b1c12,Batch 1,Tavg,901,0,1,0,0
b1c12,Batch 1,Tmax,901,0,1,0,0
b1c12,Batch 1,Tmin,901,0,1,0,0
b1c12,Batch 1,chargetime,901,0,1,0,0
b1c13,Batch 1,QDischarge,896,0,1,1,0
b1c13,Batch 1,QCharge,896,0,1,0,0
b1c13,Batch 1,IR,896,0,1,0,0
b1c13,Batch 1,Tavg,896,0,1,0,0
b1c13,Batch 1,Tmax,896,0,1,0,0
b1c13,Batch 1,Tmin,896,0,1,0,0
b1c13,Batch 1,chargetime,896,0,1,0,0
b1c14,Batch 1,QDischarge,879,0,1,1,0
b1c14,Batch 1,QCharge,879,0,1,0,0
b1c14,Batch 1,IR,879,0,1,0,0
b1c14,Batch 1,Tavg,879,0,1,0,0
b1c14,Batch 1,Tmax,879,0,1,0,0
b1c14,Batch 1,Tmin,879,0,1,0,0
b1c14,Batch 1,chargetime,879,0,1,0,1
b1c15,Batch 1,QDischarge,718,0,1,1,0
b1c15,Batch 1,QCharge,718,0,1,0,0
b1c15,Batch 1,IR,718,0,1,0,0
b1c15,Batch 1,Tavg,718,0,1,0,0
b1c15,Batch 1,Tmax,718,0,1,0,0
b1c15,Batch 1,Tmin,718,0,1,0,0
b1c15,Batch 1,chargetime,718,0,1,0,1
b1c16,Batch 1,QDischarge,861,0,1,1,0
b1c16,Batch 1,QCharge,861,0,1,0,0
b1c16,Batch 1,IR,861,0,2,0,0
b1c16,Batch 1,Tavg,861,0,1,0,0
b1c16,Batch 1,Tmax,861,0,1,0,0
b1c16,Batch 1,Tmin,861,0,1,0,0
b1c16,Batch 1,chargetime,861,0,1,0,0
b1c17,Batch 1,QDischarge,856,0,1,1,0
b1c17,Batch 1,QCharge,856,0,1,0,0
b1c17,Batch 1,IR,856,0,1,0,0
b1c17,Batch 1,Tavg,856,0,1,0,0
b1c17,Batch 1,Tmax,856,0,1,0,0
b1c17,Batch 1,Tmin,856,0,1,0,0
b1c17,Batch 1,chargetime,856,0,1,0,0
b1c18,Batch 1,QDischarge,690,0,1,2,0
b1c18,Batch 1,QCharge,690,0,1,0,0
b1c18,Batch 1,IR,690,0,1,0,0
b1c18,Batch 1,Tavg,690,0,1,0,0
b1c18,Batch 1,Tmax,690,0,1,0,0
b1c18,Batch 1,Tmin,690,0,1,0,0
b1c18,Batch 1,chargetime,690,0,1,0,0
b1c19,Batch 1,QDischarge,787,0,1,1,0
b1c19,Batch 1,QCharge,787,0,1,0,0
b1c19,Batch 1,IR,787,0,1,0,0
b1c19,Batch 1,Tavg,787,0,1,0,0
b1c19,Batch 1,Tmax,787,0,1,0,0
b1c19,Batch 1,Tmin,787,0,1,0,0
b1c19,Batch 1,chargetime,787,0,1,0,0
b1c20,Batch 1,QDischarge,533,0,1,1,0
b1c20,Batch 1,QCharge,533,0,1,0,0
b1c20,Batch 1,IR,533,0,2,0,0
b1c20,Batch 1,Tavg,533,0,1,0,0
b1c20,Batch 1,Tmax,533,0,1,0,0
b1c20,Batch 1,Tmin,533,0,1,0,0
b1c20,Batch 1,chargetime,533,0,1,0,0
b1c21,Batch 1,QDischarge,558,0,1,1,0
b1c21,Batch 1,QCharge,558,0,1,0,0
b1c21,Batch 1,IR,558,0,2,0,0
b1c21,Batch 1,Tavg,558,0,1,0,0
b1c21,Batch 1,Tmax,558,0,1,0,0
b1c21,Batch 1,Tmin,558,0,1,0,0
b1c21,Batch 1,chargetime,558,0,1,0,0
b1c22,Batch 1,QDischarge,890,0,1,1,0
b1c22,Batch 1,QCharge,890,0,1,0,0
b1c22,Batch 1,IR,890,0,1,0,0
b1c22,Batch 1,Tavg,890,0,1,0,0
b1c22,Batch 1,Tmax,890,0,1,0,0
b1c22,Batch 1,Tmin,890,0,1,0,0
b1c22,Batch 1,chargetime,890,0,1,0,0
b1c23,Batch 1,QDischarge,1013,0,1,1,0
b1c23,Batch 1,QCharge,1013,0,1,0,0
b1c23,Batch 1,IR,1013,0,2,0,0
b1c23,Batch 1,Tavg,1013,0,1,0,0
b1c23,Batch 1,Tmax,1013,0,1,0,0
b1c23,Batch 1,Tmin,1013,0,1,0,0
b1c23,Batch 1,chargetime,1013,0,1,0,0
b1c24,Batch 1,QDischarge,1016,0,1,1,0
b1c24,Batch 1,QCharge,1016,0,1,0,0
b1c24,Batch 1,IR,1016,0,1,0,0
b1c24,Batch 1,Tavg,1016,0,1,0,0
b1c24,Batch 1,Tmax,1016,0,1,0,0
b1c24,Batch 1,Tmin,1016,0,1,0,0
b1c24,Batch 1,chargetime,1016,0,1,0,1
b1c25,Batch 1,QDischarge,853,0,1,1,0
b1c25,Batch 1,QCharge,853,0,1,0,0
b1c25,Batch 1,IR,853,0,1,0,0
b1c25,Batch 1,Tavg,853,0,1,0,0
b1c25,Batch 1,Tmax,853,0,1,0,0
b1c25,Batch 1,Tmin,853,0,1,0,0
b1c25,Batch 1,chargetime,853,0,1,0,0
b1c26,Batch 1,QDischarge,869,0,1,1,0
b1c26,Batch 1,QCharge,869,0,1,0,0
b1c26,Batch 1,IR,869,0,1,0,0
b1c26,Batch 1,Tavg,869,0,1,0,0
b1c26,Batch 1,Tmax,869,0,1,0,0
b1c26,Batch 1,Tmin,869,0,1,0,0
b1c26,Batch 1,chargetime,869,0,1,0,0
b1c27,Batch 1,QDischarge,841,0,1,1,0
b1c27,Batch 1,QCharge,841,0,1,0,0
b1c27,Batch 1,IR,841,0,1,0,0
b1c27,Batch 1,Tavg,841,0,1,0,0
b1c27,Batch 1,Tmax,841,0,1,0,0
b1c27,Batch 1,Tmin,841,0,1,0,0
b1c27,Batch 1,chargetime,841,0,1,0,0
b1c28,Batch 1,QDischarge,859,0,1,1,0
b1c28,Batch 1,QCharge,859,0,1,0,0
b1c28,Batch 1,IR,859,0,1,0,0
b1c28,Batch 1,Tavg,859,0,1,0,0
b1c28,Batch 1,Tmax,859,0,1,0,0
b1c28,Batch 1,Tmin,859,0,1,0,0
b1c28,Batch 1,chargetime,859,0,1,0,0
b1c29,Batch 1,QDischarge,916,0,1,1,0
b1c29,Batch 1,QCharge,916,0,1,0,0
b1c29,Batch 1,IR,916,0,1,0,0
b1c29,Batch 1,Tavg,916,0,1,0,0
b1c29,Batch 1,Tmax,916,0,1,0,0
b1c29,Batch 1,Tmin,916,0,1,0,0
b1c29,Batch 1,chargetime,916,0,1,0,0
b1c30,Batch 1,QDischarge,708,0,1,1,0
b1c30,Batch 1,QCharge,708,0,1,0,0
b1c30,Batch 1,IR,708,0,1,0,0
b1c30,Batch 1,Tavg,708,0,1,0,0
b1c30,Batch 1,Tmax,708,0,1,0,0
b1c30,Batch 1,Tmin,708,0,1,0,0
b1c30,Batch 1,chargetime,708,0,1,0,0
b1c31,Batch 1,QDischarge,875,0,1,1,0
b1c31,Batch 1,QCharge,875,0,1,0,0
b1c31,Batch 1,IR,875,0,1,0,0
b1c31,Batch 1,Tavg,875,0,1,0,0
b1c31,Batch 1,Tmax,875,0,1,0,0
b1c31,Batch 1,Tmin,875,0,1,0,0
b1c31,Batch 1,chargetime,875,0,1,0,0
b1c32,Batch 1,QDischarge,730,0,1,1,0
b1c32,Batch 1,QCharge,730,0,1,0,0
b1c32,Batch 1,IR,730,0,1,0,0
b1c32,Batch 1,Tavg,730,0,1,0,0
b1c32,Batch 1,Tmax,730,0,1,0,0
b1c32,Batch 1,Tmin,730,0,1,0,0
b1c32,Batch 1,chargetime,730,0,1,0,0
b1c33,Batch 1,QDischarge,756,0,1,1,0
b1c33,Batch 1,QCharge,756,0,1,0,0
b1c33,Batch 1,IR,756,0,1,0,0
b1c33,Batch 1,Tavg,756,0,1,0,0
b1c33,Batch 1,Tmax,756,0,1,0,0
b1c33,Batch 1,Tmin,756,0,1,0,0
b1c33,Batch 1,chargetime,756,0,1,0,0
b1c34,Batch 1,QDischarge,741,0,1,1,0
b1c34,Batch 1,QCharge,741,0,1,0,0
b1c34,Batch 1,IR,741,0,1,0,0
b1c34,Batch 1,Tavg,741,0,1,0,0
b1c34,Batch 1,Tmax,741,0,1,0,0
b1c34,Batch 1,Tmin,741,0,1,0,0
b1c34,Batch 1,chargetime,741,0,1,0,0
b1c35,Batch 1,QDischarge,702,0,1,1,0
b1c35,Batch 1,QCharge,702,0,1,0,0
b1c35,Batch 1,IR,702,0,1,0,0
b1c35,Batch 1,Tavg,702,0,1,0,0
b1c35,Batch 1,Tmax,702,0,1,0,0
b1c35,Batch 1,Tmin,702,0,1,0,0
b1c35,Batch 1,chargetime,702,0,1,0,0
b1c36,Batch 1,QDischarge,703,0,1,1,0
b1c36,Batch 1,QCharge,703,0,1,0,0
b1c36,Batch 1,IR,703,0,1,0,0
b1c36,Batch 1,Tavg,703,0,1,0,0
b1c36,Batch 1,Tmax,703,0,1,0,0
b1c36,Batch 1,Tmin,703,0,1,0,0
b1c36,Batch 1,chargetime,703,0,1,0,0
b1c37,Batch 1,QDischarge,647,0,1,1,0
b1c37,Batch 1,QCharge,647,0,1,0,0
b1c37,Batch 1,IR,647,0,1,0,0
b1c37,Batch 1,Tavg,647,0,1,0,0
b1c37,Batch 1,Tmax,647,0,1,0,0
b1c37,Batch 1,Tmin,647,0,1,0,0
b1c37,Batch 1,chargetime,647,0,1,0,0
b1c38,Batch 1,QDischarge,616,0,1,1,0
b1c38,Batch 1,QCharge,616,0,1,0,0
b1c38,Batch 1,IR,616,0,1,0,0
b1c38,Batch 1,Tavg,616,0,1,0,0
b1c38,Batch 1,Tmax,616,0,1,0,0
b1c38,Batch 1,Tmin,616,0,1,0,0
b1c38,Batch 1,chargetime,616,0,1,0,0
b1c39,Batch 1,QDischarge,624,0,1,1,0
b1c39,Batch 1,QCharge,624,0,1,0,0
b1c39,Batch 1,IR,624,0,1,0,0
b1c39,Batch 1,Tavg,624,0,1,0,0
b1c39,Batch 1,Tmax,624,0,1,0,0
b1c39,Batch 1,Tmin,624,0,1,0,0
b1c39,Batch 1,chargetime,624,0,1,0,0
b1c40,Batch 1,QDischarge,965,0,1,1,0
b1c40,Batch 1,QCharge,965,0,1,0,0
b1c40,Batch 1,IR,965,0,2,0,0
b1c40,Batch 1,Tavg,965,0,1,0,0
b1c40,Batch 1,Tmax,965,0,1,0,0
b1c40,Batch 1,Tmin,965,0,1,0,0
b1c40,Batch 1,chargetime,965,0,1,0,0
b1c41,Batch 1,QDischarge,1050,0,1,1,0
b1c41,Batch 1,QCharge,1050,0,1,0,0
b1c41,Batch 1,IR,1050,0,1,0,0
b1c41,Batch 1,Tavg,1050,0,1,0,0
b1c41,Batch 1,Tmax,1050,0,1,0,0
b1c41,Batch 1,Tmin,1050,0,1,0,0
b1c41,Batch 1,chargetime,1050,0,1,0,1
b1c42,Batch 1,QDischarge,701,0,1,1,0
b1c42,Batch 1,QCharge,701,0,1,0,0
b1c42,Batch 1,IR,701,0,1,0,0
b1c42,Batch 1,Tavg,701,0,1,0,0
b1c42,Batch 1,Tmax,701,0,1,0,0
b1c42,Batch 1,Tmin,701,0,1,0,0
b1c42,Batch 1,chargetime,701,0,1,0,0
b1c43,Batch 1,QDischarge,650,0,1,1,0
b1c43,Batch 1,QCharge,650,0,1,0,0
b1c43,Batch 1,IR,650,0,1,0,0
b1c43,Batch 1,Tavg,650,0,1,0,0
b1c43,Batch 1,Tmax,650,0,1,0,0
b1c43,Batch 1,Tmin,650,0,1,0,0
b1c43,Batch 1,chargetime,650,0,1,0,0
b1c44,Batch 1,QDischarge,615,0,1,1,0
b1c44,Batch 1,QCharge,615,0,1,0,0
b1c44,Batch 1,IR,615,0,1,0,0
b1c44,Batch 1,Tavg,615,0,1,0,0
b1c44,Batch 1,Tmax,615,0,1,0,0
b1c44,Batch 1,Tmin,615,0,1,0,0
b1c44,Batch 1,chargetime,615,0,1,0,0
b1c45,Batch 1,QDischarge,598,0,1,1,0
b1c45,Batch 1,QCharge,598,0,1,0,0
b1c45,Batch 1,IR,598,0,1,0,0
b1c45,Batch 1,Tavg,598,0,1,0,0
b1c45,Batch 1,Tmax,598,0,1,0,0
b1c45,Batch 1,Tmin,598,0,1,0,0
b1c45,Batch 1,chargetime,598,0,1,0,0
b2c0,Batch 2,QDischarge,496,0,0,0,0
b2c0,Batch 2,QCharge,496,0,0,0,0
b2c0,Batch 2,IR,496,0,0,0,0
b2c0,Batch 2,Tavg,496,0,0,0,0
b2c0,Batch 2,Tmax,496,0,0,0,0
b2c0,Batch 2,Tmin,496,0,0,0,0
b2c0,Batch 2,chargetime,496,0,0,0,0
b2c1,Batch 2,QDischarge,513,0,0,0,0
b2c1,Batch 2,QCharge,513,0,0,0,0
b2c1,Batch 2,IR,513,0,0,0,0
b2c1,Batch 2,Tavg,513,0,0,0,0
b2c1,Batch 2,Tmax,513,0,0,0,0
b2c1,Batch 2,Tmin,513,0,0,0,0
b2c1,Batch 2,chargetime,513,0,0,0,0
b2c2,Batch 2,QDischarge,439,0,0,0,0
b2c2,Batch 2,QCharge,439,0,0,0,0
b2c2,Batch 2,IR,439,0,0,0,0
b2c2,Batch 2,Tavg,439,0,0,0,0
b2c2,Batch 2,Tmax,439,0,0,0,0
b2c2,Batch 2,Tmin,439,0,0,0,0
b2c2,Batch 2,chargetime,439,0,0,0,0
b2c3,Batch 2,QDischarge,517,0,0,0,0
b2c3,Batch 2,QCharge,517,0,0,0,0
b2c3,Batch 2,IR,517,0,0,0,0
b2c3,Batch 2,Tavg,517,0,0,0,0
b2c3,Batch 2,Tmax,517,0,0,0,0
b2c3,Batch 2,Tmin,517,0,0,0,0
b2c3,Batch 2,chargetime,517,0,0,0,0
b2c4,Batch 2,QDischarge,464,0,0,0,0
b2c4,Batch 2,QCharge,464,0,0,0,0
b2c4,Batch 2,IR,464,0,0,0,0
b2c4,Batch 2,Tavg,464,0,0,0,0
b2c4,Batch 2,Tmax,464,0,0,0,0
b2c4,Batch 2,Tmin,464,0,0,0,0
b2c4,Batch 2,chargetime,464,0,0,0,0
b2c5,Batch 2,QDischarge,445,0,0,0,0
b2c5,Batch 2,QCharge,445,0,0,0,0
b2c5,Batch 2,IR,445,0,0,0,0
b2c5,Batch 2,Tavg,445,0,0,0,0
b2c5,Batch 2,Tmax,445,0,0,0,0
b2c5,Batch 2,Tmin,445,0,0,0,0
b2c5,Batch 2,chargetime,445,0,0,0,0
b2c6,Batch 2,QDischarge,409,0,0,0,0
b2c6,Batch 2,QCharge,409,0,0,0,0
b2c6,Batch 2,IR,409,0,0,0,0
b2c6,Batch 2,Tavg,409,0,0,0,0
b2c6,Batch 2,Tmax,409,0,0,0,0
b2c6,Batch 2,Tmin,409,0,0,0,0
b2c6,Batch 2,chargetime,409,0,0,0,0
b2c7,Batch 2,QDischarge,806,0,0,0,0
b2c7,Batch 2,QCharge,806,0,0,0,0
b2c7,Batch 2,IR,806,0,0,0,0
b2c7,Batch 2,Tavg,806,0,0,0,0
b2c7,Batch 2,Tmax,806,0,0,0,0
b2c7,Batch 2,Tmin,806,0,0,0,0
b2c7,Batch 2,chargetime,806,0,0,0,0
b2c8,Batch 2,QDischarge,947,0,0,0,0
b2c8,Batch 2,QCharge,947,0,0,0,0
b2c8,Batch 2,IR,947,0,0,0,0
b2c8,Batch 2,Tavg,947,0,0,0,0
b2c8,Batch 2,Tmax,947,0,0,0,0
b2c8,Batch 2,Tmin,947,0,0,0,0
b2c8,Batch 2,chargetime,947,0,0,0,0
b2c9,Batch 2,QDischarge,819,0,0,0,0
b2c9,Batch 2,QCharge,819,0,0,0,0
b2c9,Batch 2,IR,819,0,0,0,0
b2c9,Batch 2,Tavg,819,0,0,0,0
b2c9,Batch 2,Tmax,819,0,0,0,0
b2c9,Batch 2,Tmin,819,0,0,0,0
b2c9,Batch 2,chargetime,819,0,0,0,0
b2c10,Batch 2,QDischarge,519,0,0,0,0
b2c10,Batch 2,QCharge,519,0,0,0,0
b2c10,Batch 2,IR,519,0,0,0,0
b2c10,Batch 2,Tavg,519,0,0,0,0
b2c10,Batch 2,Tmax,519,0,0,0,0
b2c10,Batch 2,Tmin,519,0,0,0,0
b2c10,Batch 2,chargetime,519,0,0,0,0
b2c11,Batch 2,QDischarge,468,0,0,0,0
b2c11,Batch 2,QCharge,468,0,0,0,0
b2c11,Batch 2,IR,468,0,0,0,0
b2c11,Batch 2,Tavg,468,0,0,0,0
b2c11,Batch 2,Tmax,468,0,0,0,0
b2c11,Batch 2,Tmin,468,0,0,0,0
b2c11,Batch 2,chargetime,468,0,0,0,0
b2c12,Batch 2,QDischarge,493,0,0,0,0
b2c12,Batch 2,QCharge,493,0,0,0,0
b2c12,Batch 2,IR,493,0,0,0,0
b2c12,Batch 2,Tavg,493,0,0,0,0
b2c12,Batch 2,Tmax,493,0,0,0,0
b2c12,Batch 2,Tmin,493,0,0,0,0
b2c12,Batch 2,chargetime,493,0,0,0,0
b2c13,Batch 2,QDischarge,483,0,0,0,0
b2c13,Batch 2,QCharge,483,0,0,0,0
b2c13,Batch 2,IR,483,0,0,0,0
b2c13,Batch 2,Tavg,483,0,0,0,0
b2c13,Batch 2,Tmax,483,0,0,0,0
b2c13,Batch 2,Tmin,483,0,0,0,0
b2c13,Batch 2,chargetime,483,0,0,0,0
b2c14,Batch 2,QDischarge,461,0,0,0,0
b2c14,Batch 2,QCharge,461,0,0,0,0
b2c14,Batch 2,IR,461,0,0,0,0
b2c14,Batch 2,Tavg,461,0,0,0,0
b2c14,Batch 2,Tmax,461,0,0,0,0
b2c14,Batch 2,Tmin,461,0,0,0,0
b2c14,Batch 2,chargetime,461,0,0,0,1
b2c15,Batch 2,QDischarge,414,0,0,0,0
b2c15,Batch 2,QCharge,414,0,0,0,0
b2c15,Batch 2,IR,414,0,0,0,0
b2c15,Batch 2,Tavg,414,0,0,0,0
b2c15,Batch 2,Tmax,414,0,0,0,0
b2c15,Batch 2,Tmin,414,0,0,0,0
b2c15,Batch 2,chargetime,414,0,0,0,0
b2c16,Batch 2,QDischarge,499,0,0,0,0
b2c16,Batch 2,QCharge,499,0,0,0,0
b2c16,Batch 2,IR,499,0,0,0,0
b2c16,Batch 2,Tavg,499,0,0,0,0
b2c16,Batch 2,Tmax,499,0,0,0,0
b2c16,Batch 2,Tmin,499,0,0,0,0
b2c16,Batch 2,chargetime,499,0,0,0,0
b2c17,Batch 2,QDischarge,494,0,0,0,0
b2c17,Batch 2,QCharge,494,0,0,0,0
b2c17,Batch 2,IR,494,0,0,0,0
b2c17,Batch 2,Tavg,494,0,0,0,0
b2c17,Batch 2,Tmax,494,0,0,0,0
b2c17,Batch 2,Tmin,494,0,0,0,0
b2c17,Batch 2,chargetime,494,0,0,0,0
b2c18,Batch 2,QDischarge,467,0,0,0,0
b2c18,Batch 2,QCharge,467,0,0,0,0
b2c18,Batch 2,IR,467,0,0,0,0
b2c18,Batch 2,Tavg,467,0,0,0,0
b2c18,Batch 2,Tmax,467,0,0,0,0
b2c18,Batch 2,Tmin,467,0,0,0,0
b2c18,Batch 2,chargetime,467,0,0,0,0
b2c19,Batch 2,QDischarge,411,0,0,0,0
b2c19,Batch 2,QCharge,411,0,0,0,0
b2c19,Batch 2,IR,411,0,0,0,0
b2c19,Batch 2,Tavg,411,0,0,0,0
b2c19,Batch 2,Tmax,411,0,0,0,0
b2c19,Batch 2,Tmin,411,0,0,0,0
b2c19,Batch 2,chargetime,411,0,0,0,0
b2c20,Batch 2,QDischarge,506,0,0,0,0
b2c20,Batch 2,QCharge,506,0,0,0,0
b2c20,Batch 2,IR,506,0,0,0,0
b2c20,Batch 2,Tavg,506,0,0,0,0
b2c20,Batch 2,Tmax,506,0,0,0,0
b2c20,Batch 2,Tmin,506,0,0,0,0
b2c20,Batch 2,chargetime,506,0,0,0,1
b2c21,Batch 2,QDischarge,426,0,0,0,0
b2c21,Batch 2,QCharge,426,0,0,0,0
b2c21,Batch 2,IR,426,0,0,0,0
b2c21,Batch 2,Tavg,426,0,0,0,0
b2c21,Batch 2,Tmax,426,0,0,0,0
b2c21,Batch 2,Tmin,426,0,0,0,0
b2c21,Batch 2,chargetime,426,0,0,0,0
b2c22,Batch 2,QDischarge,920,0,0,1,0
b2c22,Batch 2,QCharge,920,0,0,0,0
b2c22,Batch 2,IR,920,0,0,0,0
b2c22,Batch 2,Tavg,920,0,0,0,0
b2c22,Batch 2,Tmax,920,0,0,0,0
b2c22,Batch 2,Tmin,920,0,0,0,0
b2c22,Batch 2,chargetime,920,0,0,0,1
b2c23,Batch 2,QDischarge,1152,0,0,2,0
b2c23,Batch 2,QCharge,1152,0,0,0,0
b2c23,Batch 2,IR,1152,0,0,0,0
b2c23,Batch 2,Tavg,1152,0,0,0,0
b2c23,Batch 2,Tmax,1152,0,0,0,0
b2c23,Batch 2,Tmin,1152,0,0,0,0
b2c23,Batch 2,chargetime,1152,0,0,0,2
b2c24,Batch 2,QDischarge,536,0,0,0,0
b2c24,Batch 2,QCharge,536,0,0,0,0
b2c24,Batch 2,IR,536,0,0,0,0
b2c24,Batch 2,Tavg,536,0,0,0,0
b2c24,Batch 2,Tmax,536,0,0,0,0
b2c24,Batch 2,Tmin,536,0,0,0,0
b2c24,Batch 2,chargetime,536,0,0,0,0
b2c25,Batch 2,QDischarge,511,0,0,0,0
b2c25,Batch 2,QCharge,511,0,0,0,0
b2c25,Batch 2,IR,511,0,0,0,0
b2c25,Batch 2,Tavg,511,0,0,0,0
b2c25,Batch 2,Tmax,511,0,0,0,0
b2c25,Batch 2,Tmin,511,0,0,0,0
b2c25,Batch 2,chargetime,511,0,0,0,0
b2c26,Batch 2,QDischarge,476,0,0,0,0
b2c26,Batch 2,QCharge,476,0,0,0,0
b2c26,Batch 2,IR,476,0,0,0,0
b2c26,Batch 2,Tavg,476,0,0,0,0
b2c26,Batch 2,Tmax,476,0,0,0,0
b2c26,Batch 2,Tmin,476,0,0,0,0
b2c26,Batch 2,chargetime,476,0,0,0,1
b2c27,Batch 2,QDischarge,493,0,0,0,0
b2c27,Batch 2,QCharge,493,0,0,0,0
b2c27,Batch 2,IR,493,0,0,0,0
b2c27,Batch 2,Tavg,493,0,0,0,0
b2c27,Batch 2,Tmax,493,0,0,0,0
b2c27,Batch 2,Tmin,493,0,0,0,0
b2c27,Batch 2,chargetime,493,0,0,0,0
b2c28,Batch 2,QDischarge,456,0,0,0,0
b2c28,Batch 2,QCharge,456,0,0,0,0
b2c28,Batch 2,IR,456,0,0,0,0
b2c28,Batch 2,Tavg,456,0,0,0,0
b2c28,Batch 2,Tmax,456,0,0,0,0
b2c28,Batch 2,Tmin,456,0,0,0,0
b2c28,Batch 2,chargetime,456,0,0,0,1
b2c29,Batch 2,QDischarge,470,0,0,0,0
b2c29,Batch 2,QCharge,470,0,0,0,0
b2c29,Batch 2,IR,470,0,0,0,0
b2c29,Batch 2,Tavg,470,0,0,0,0
b2c29,Batch 2,Tmax,470,0,0,0,0
b2c29,Batch 2,Tmin,470,0,0,0,0
b2c29,Batch 2,chargetime,470,0,0,0,0
b2c30,Batch 2,QDischarge,429,0,0,0,0
b2c30,Batch 2,QCharge,429,0,0,0,0
b2c30,Batch 2,IR,429,0,0,0,0
b2c30,Batch 2,Tavg,429,0,0,0,0
b2c30,Batch 2,Tmax,429,0,0,0,0
b2c30,Batch 2,Tmin,429,0,0,0,0
b2c30,Batch 2,chargetime,429,0,0,0,1
b2c31,Batch 2,QDischarge,446,0,0,0,0
b2c31,Batch 2,QCharge,446,0,0,0,0
b2c31,Batch 2,IR,446,0,0,0,0
b2c31,Batch 2,Tavg,446,0,0,0,0
b2c31,Batch 2,Tmax,446,0,0,0,0
b2c31,Batch 2,Tmin,446,0,0,0,0
b2c31,Batch 2,chargetime,446,0,0,0,0
b2c32,Batch 2,QDischarge,834,0,0,0,0
b2c32,Batch 2,QCharge,834,0,0,0,0
b2c32,Batch 2,IR,834,0,0,0,0
b2c32,Batch 2,Tavg,834,0,0,0,0
b2c32,Batch 2,Tmax,834,0,0,0,0
b2c32,Batch 2,Tmin,834,0,0,0,0
b2c32,Batch 2,chargetime,834,0,0,0,1
b2c33,Batch 2,QDischarge,1190,0,0,0,0
b2c33,Batch 2,QCharge,1190,0,0,0,0
b2c33,Batch 2,IR,1190,0,0,0,0
b2c33,Batch 2,Tavg,1190,0,0,0,0
b2c33,Batch 2,Tmax,1190,0,0,0,0
b2c33,Batch 2,Tmin,1190,0,0,0,0
b2c33,Batch 2,chargetime,1190,0,0,0,0
b2c34,Batch 2,QDischarge,1252,0,0,0,0
b2c34,Batch 2,QCharge,1252,0,0,0,0
b2c34,Batch 2,IR,1252,0,0,0,0
b2c34,Batch 2,Tavg,1252,0,0,0,0
b2c34,Batch 2,Tmax,1252,0,0,0,0
b2c34,Batch 2,Tmin,1252,0,0,0,0
b2c34,Batch 2,chargetime,1252,0,0,0,1
b2c35,Batch 2,QDischarge,423,0,0,1,0
b2c35,Batch 2,QCharge,423,0,0,0,0
b2c35,Batch 2,IR,423,0,0,0,0
b2c35,Batch 2,Tavg,423,0,0,0,0
b2c35,Batch 2,Tmax,423,0,0,0,0
b2c35,Batch 2,Tmin,423,0,0,0,0
b2c35,Batch 2,chargetime,423,0,0,0,1
b2c36,Batch 2,QDischarge,280,0,0,1,0
b2c36,Batch 2,QCharge,280,0,0,0,0
b2c36,Batch 2,IR,280,0,0,0,0
b2c36,Batch 2,Tavg,280,0,0,0,0
b2c36,Batch 2,Tmax,280,0,0,0,0
b2c36,Batch 2,Tmin,280,0,0,0,0
b2c36,Batch 2,chargetime,280,0,0,0,1
b2c37,Batch 2,QDischarge,101,0,0,2,0
b2c37,Batch 2,QCharge,101,0,0,0,0
b2c37,Batch 2,IR,101,0,0,0,0
b2c37,Batch 2,Tavg,101,0,0,0,0
b2c37,Batch 2,Tmax,101,0,0,0,0
b2c37,Batch 2,Tmin,101,0,0,0,0
b2c37,Batch 2,chargetime,101,0,0,0,2
b2c38,Batch 2,QDischarge,101,0,0,2,0
b2c38,Batch 2,QCharge,101,0,0,0,0
b2c38,Batch 2,IR,101,0,0,0,0
b2c38,Batch 2,Tavg,101,0,0,0,0
b2c38,Batch 2,Tmax,101,0,0,0,0
b2c38,Batch 2,Tmin,101,0,0,0,0
b2c38,Batch 2,chargetime,101,0,0,0,2
b2c39,Batch 2,QDischarge,434,0,0,1,0
b2c39,Batch 2,QCharge,434,0,0,0,0
b2c39,Batch 2,IR,434,0,0,0,0
b2c39,Batch 2,Tavg,434,0,0,0,0
b2c39,Batch 2,Tmax,434,0,0,0,0
b2c39,Batch 2,Tmin,434,0,0,0,0
b2c39,Batch 2,chargetime,434,0,0,0,1
b2c40,Batch 2,QDischarge,459,0,0,1,0
b2c40,Batch 2,QCharge,459,0,0,0,0
b2c40,Batch 2,IR,459,0,459,0,0
b2c40,Batch 2,Tavg,459,0,0,0,0
b2c40,Batch 2,Tmax,459,0,0,0,0
b2c40,Batch 2,Tmin,459,0,1,0,0
b2c40,Batch 2,chargetime,459,0,0,0,2
b2c41,Batch 2,QDischarge,463,0,0,0,0
b2c41,Batch 2,QCharge,463,0,0,0,0
b2c41,Batch 2,IR,463,0,463,0,0
b2c41,Batch 2,Tavg,463,0,0,0,0
b2c41,Batch 2,Tmax,463,0,0,0,0
b2c41,Batch 2,Tmin,463,0,3,0,0
b2c41,Batch 2,chargetime,463,0,0,0,1
b2c42,Batch 2,QDischarge,497,0,0,0,0
b2c42,Batch 2,QCharge,497,0,0,0,0
b2c42,Batch 2,IR,497,0,497,0,0
b2c42,Batch 2,Tavg,497,0,0,0,0
b2c42,Batch 2,Tmax,497,0,0,0,0
b2c42,Batch 2,Tmin,497,0,4,0,0
b2c42,Batch 2,chargetime,497,0,0,0,0
b2c43,Batch 2,QDischarge,1061,0,0,0,0
b2c43,Batch 2,QCharge,1061,0,0,0,0
b2c43,Batch 2,IR,1061,0,1061,0,0
b2c43,Batch 2,Tavg,1061,0,0,0,0
b2c43,Batch 2,Tmax,1061,0,0,0,0
b2c43,Batch 2,Tmin,1061,0,4,0,0
b2c43,Batch 2,chargetime,1061,0,0,0,0
b2c44,Batch 2,QDischarge,874,0,0,0,0
b2c44,Batch 2,QCharge,874,0,0,0,0
b2c44,Batch 2,IR,874,0,874,0,0
b2c44,Batch 2,Tavg,874,0,0,0,0
b2c44,Batch 2,Tmax,874,0,0,0,0
b2c44,Batch 2,Tmin,874,0,5,0,0
b2c44,Batch 2,chargetime,874,0,0,0,1
b2c45,Batch 2,QDischarge,1027,0,0,0,0
b2c45,Batch 2,QCharge,1027,0,0,0,0
b2c45,Batch 2,IR,1027,0,1027,0,0
b2c45,Batch 2,Tavg,1027,0,0,0,0
b2c45,Batch 2,Tmax,1027,0,0,0,0
b2c45,Batch 2,Tmin,1027,0,3,0,0
b2c45,Batch 2,chargetime,1027,0,0,0,0
b2c46,Batch 2,QDischarge,523,0,0,0,0
b2c46,Batch 2,QCharge,523,0,0,0,0
b2c46,Batch 2,IR,523,0,523,0,0
b2c46,Batch 2,Tavg,523,0,0,0,0
b2c46,Batch 2,Tmax,523,0,0,0,0
b2c46,Batch 2,Tmin,523,0,4,0,0
b2c46,Batch 2,chargetime,523,0,0,0,1
b3c0,Batch 3,QDischarge,1008,0,0,0,0
b3c0,Batch 3,QCharge,1008,0,0,0,0
b3c0,Batch 3,IR,1008,0,0,0,0
b3c0,Batch 3,Tavg,1008,0,0,0,0
b3c0,Batch 3,Tmax,1008,0,0,0,0
b3c0,Batch 3,Tmin,1008,0,0,0,0
b3c0,Batch 3,chargetime,1008,0,0,0,0
b3c1,Batch 3,QDischarge,1062,0,0,0,0
b3c1,Batch 3,QCharge,1062,0,0,0,0
b3c1,Batch 3,IR,1062,0,0,0,0
b3c1,Batch 3,Tavg,1062,0,0,0,0
b3c1,Batch 3,Tmax,1062,0,0,0,0
b3c1,Batch 3,Tmin,1062,0,0,0,0
b3c1,Batch 3,chargetime,1062,0,0,0,0
b3c2,Batch 3,QDischarge,1266,0,0,0,0
b3c2,Batch 3,QCharge,1266,0,0,0,0
b3c2,Batch 3,IR,1266,0,0,0,0
b3c2,Batch 3,Tavg,1266,0,0,0,0
b3c2,Batch 3,Tmax,1266,0,0,0,0
b3c2,Batch 3,Tmin,1266,0,0,0,0
b3c2,Batch 3,chargetime,1266,0,0,0,0
b3c3,Batch 3,QDischarge,1114,0,0,0,0
b3c3,Batch 3,QCharge,1114,0,0,0,0
b3c3,Batch 3,IR,1114,0,0,0,0
b3c3,Batch 3,Tavg,1114,0,0,0,0
b3c3,Batch 3,Tmax,1114,0,0,0,0
b3c3,Batch 3,Tmin,1114,0,0,0,0
b3c3,Batch 3,chargetime,1114,0,0,0,0
b3c4,Batch 3,QDischarge,1047,0,0,0,0
b3c4,Batch 3,QCharge,1047,0,0,0,0
b3c4,Batch 3,IR,1047,0,0,0,0
b3c4,Batch 3,Tavg,1047,0,0,0,0
b3c4,Batch 3,Tmax,1047,0,0,0,0
b3c4,Batch 3,Tmin,1047,0,0,0,0
b3c4,Batch 3,chargetime,1047,0,0,0,0
b3c5,Batch 3,QDischarge,827,0,0,0,0
b3c5,Batch 3,QCharge,827,0,0,0,0
b3c5,Batch 3,IR,827,0,0,0,0
b3c5,Batch 3,Tavg,827,0,0,0,0
b3c5,Batch 3,Tmax,827,0,0,0,0
b3c5,Batch 3,Tmin,827,0,0,0,0
b3c5,Batch 3,chargetime,827,0,0,0,0
b3c6,Batch 3,QDischarge,666,0,0,0,0
b3c6,Batch 3,QCharge,666,0,0,0,0
b3c6,Batch 3,IR,666,0,0,0,0
b3c6,Batch 3,Tavg,666,0,0,0,0
b3c6,Batch 3,Tmax,666,0,0,0,0
b3c6,Batch 3,Tmin,666,0,0,0,0
b3c6,Batch 3,chargetime,666,0,0,0,0
b3c7,Batch 3,QDischarge,1835,0,0,0,0
b3c7,Batch 3,QCharge,1835,0,0,0,0
b3c7,Batch 3,IR,1835,0,0,0,0
b3c7,Batch 3,Tavg,1835,0,0,0,0
b3c7,Batch 3,Tmax,1835,0,0,0,0
b3c7,Batch 3,Tmin,1835,0,0,0,0
b3c7,Batch 3,chargetime,1835,0,0,0,0
b3c8,Batch 3,QDischarge,827,0,0,0,0
b3c8,Batch 3,QCharge,827,0,0,0,0
b3c8,Batch 3,IR,827,0,0,0,0
b3c8,Batch 3,Tavg,827,0,0,0,0
b3c8,Batch 3,Tmax,827,0,0,0,0
b3c8,Batch 3,Tmin,827,0,0,0,0
b3c8,Batch 3,chargetime,827,0,0,0,0
b3c9,Batch 3,QDischarge,1038,0,0,0,0
b3c9,Batch 3,QCharge,1038,0,0,0,0
b3c9,Batch 3,IR,1038,0,0,0,0
b3c9,Batch 3,Tavg,1038,0,0,0,0
b3c9,Batch 3,Tmax,1038,0,0,0,0
b3c9,Batch 3,Tmin,1038,0,0,0,0
b3c9,Batch 3,chargetime,1038,0,0,0,0
b3c10,Batch 3,QDischarge,1077,0,0,0,0
b3c10,Batch 3,QCharge,1077,0,0,0,0
b3c10,Batch 3,IR,1077,0,0,0,0
b3c10,Batch 3,Tavg,1077,0,0,0,0
b3c10,Batch 3,Tmax,1077,0,0,0,0
b3c10,Batch 3,Tmin,1077,0,0,0,0
b3c10,Batch 3,chargetime,1077,0,0,0,0
b3c11,Batch 3,QDischarge,816,0,0,0,0
b3c11,Batch 3,QCharge,816,0,0,0,0
b3c11,Batch 3,IR,816,0,0,0,0
b3c11,Batch 3,Tavg,816,0,0,0,0
b3c11,Batch 3,Tmax,816,0,0,0,0
b3c11,Batch 3,Tmin,816,0,0,0,0
b3c11,Batch 3,chargetime,816,0,0,0,0
b3c12,Batch 3,QDischarge,931,0,0,0,0
b3c12,Batch 3,QCharge,931,0,0,0,0
b3c12,Batch 3,IR,931,0,0,0,0
b3c12,Batch 3,Tavg,931,0,0,0,0
b3c12,Batch 3,Tmax,931,0,0,0,0
b3c12,Batch 3,Tmin,931,0,0,0,0
b3c12,Batch 3,chargetime,931,0,0,0,0
b3c13,Batch 3,QDischarge,815,0,0,0,0
b3c13,Batch 3,QCharge,815,0,0,0,0
b3c13,Batch 3,IR,815,0,0,0,0
b3c13,Batch 3,Tavg,815,0,0,0,0
b3c13,Batch 3,Tmax,815,0,0,0,0
b3c13,Batch 3,Tmin,815,0,0,0,0
b3c13,Batch 3,chargetime,815,0,0,0,0
b3c14,Batch 3,QDischarge,857,0,0,0,0
b3c14,Batch 3,QCharge,857,0,0,0,0
b3c14,Batch 3,IR,857,0,0,0,0
b3c14,Batch 3,Tavg,857,0,0,0,0
b3c14,Batch 3,Tmax,857,0,0,0,0
b3c14,Batch 3,Tmin,857,0,0,0,0
b3c14,Batch 3,chargetime,857,0,0,0,0
b3c15,Batch 3,QDischarge,875,0,0,0,0
b3c15,Batch 3,QCharge,875,0,0,0,0
b3c15,Batch 3,IR,875,0,0,0,0
b3c15,Batch 3,Tavg,875,0,0,0,0
b3c15,Batch 3,Tmax,875,0,0,0,0
b3c15,Batch 3,Tmin,875,0,0,0,0
b3c15,Batch 3,chargetime,875,0,0,0,0
b3c16,Batch 3,QDischarge,1637,0,0,0,0
b3c16,Batch 3,QCharge,1637,0,0,0,0
b3c16,Batch 3,IR,1637,0,0,0,0
b3c16,Batch 3,Tavg,1637,0,0,0,0
b3c16,Batch 3,Tmax,1637,0,0,0,0
b3c16,Batch 3,Tmin,1637,0,0,0,0
b3c16,Batch 3,chargetime,1637,0,0,0,0
b3c17,Batch 3,QDischarge,1314,0,0,0,0
b3c17,Batch 3,QCharge,1314,0,0,0,0
b3c17,Batch 3,IR,1314,0,0,0,0
b3c17,Batch 3,Tavg,1314,0,0,0,0
b3c17,Batch 3,Tmax,1314,0,0,0,0
b3c17,Batch 3,Tmin,1314,0,0,0,0
b3c17,Batch 3,chargetime,1314,0,0,0,0
b3c18,Batch 3,QDischarge,1145,0,0,0,0
b3c18,Batch 3,QCharge,1145,0,0,0,0
b3c18,Batch 3,IR,1145,0,0,0,0
b3c18,Batch 3,Tavg,1145,0,0,0,0
b3c18,Batch 3,Tmax,1145,0,0,0,0
b3c18,Batch 3,Tmin,1145,0,0,0,0
b3c18,Batch 3,chargetime,1145,0,0,0,0
b3c19,Batch 3,QDischarge,1154,0,0,0,0
b3c19,Batch 3,QCharge,1154,0,0,0,0
b3c19,Batch 3,IR,1154,0,0,0,0
b3c19,Batch 3,Tavg,1154,0,0,0,0
b3c19,Batch 3,Tmax,1154,0,0,0,0
b3c19,Batch 3,Tmin,1154,0,0,0,0
b3c19,Batch 3,chargetime,1154,0,0,0,0
b3c20,Batch 3,QDischarge,812,0,0,0,0
b3c20,Batch 3,QCharge,812,0,0,0,0
b3c20,Batch 3,IR,812,0,0,0,0
b3c20,Batch 3,Tavg,812,0,0,0,0
b3c20,Batch 3,Tmax,812,0,0,0,0
b3c20,Batch 3,Tmin,812,0,0,0,0
b3c20,Batch 3,chargetime,812,0,0,0,0
b3c21,Batch 3,QDischarge,771,0,0,0,0
b3c21,Batch 3,QCharge,771,0,0,0,0
b3c21,Batch 3,IR,771,0,0,0,0
b3c21,Batch 3,Tavg,771,0,0,0,0
b3c21,Batch 3,Tmax,771,0,0,0,0
b3c21,Batch 3,Tmin,771,0,0,0,0
b3c21,Batch 3,chargetime,771,0,0,0,0
b3c22,Batch 3,QDischarge,1001,0,0,0,0
b3c22,Batch 3,QCharge,1001,0,0,0,0
b3c22,Batch 3,IR,1001,0,0,0,0
b3c22,Batch 3,Tavg,1001,0,0,0,0
b3c22,Batch 3,Tmax,1001,0,0,0,0
b3c22,Batch 3,Tmin,1001,0,0,0,0
b3c22,Batch 3,chargetime,1001,0,0,0,0
b3c23,Batch 3,QDischarge,2189,0,0,0,0
b3c23,Batch 3,QCharge,2189,0,0,0,0
b3c23,Batch 3,IR,2189,0,0,0,0
b3c23,Batch 3,Tavg,2189,0,0,0,0
b3c23,Batch 3,Tmax,2189,0,0,0,0
b3c23,Batch 3,Tmin,2189,0,0,0,0
b3c23,Batch 3,chargetime,2189,0,0,0,0
b3c24,Batch 3,QDischarge,824,0,0,0,0
b3c24,Batch 3,QCharge,824,0,0,0,0
b3c24,Batch 3,IR,824,0,0,0,0
b3c24,Batch 3,Tavg,824,0,0,0,0
b3c24,Batch 3,Tmax,824,0,0,0,0
b3c24,Batch 3,Tmin,824,0,0,0,0
b3c24,Batch 3,chargetime,824,0,0,0,0
b3c25,Batch 3,QDischarge,988,0,0,0,0
b3c25,Batch 3,QCharge,988,0,0,0,0
b3c25,Batch 3,IR,988,0,0,0,0
b3c25,Batch 3,Tavg,988,0,0,0,0
b3c25,Batch 3,Tmax,988,0,0,0,0
b3c25,Batch 3,Tmin,988,0,0,0,0
b3c25,Batch 3,chargetime,988,0,0,0,0
b3c26,Batch 3,QDischarge,1027,0,0,0,0
b3c26,Batch 3,QCharge,1027,0,0,0,0
b3c26,Batch 3,IR,1027,0,0,0,0
b3c26,Batch 3,Tavg,1027,0,0,0,0
b3c26,Batch 3,Tmax,1027,0,0,0,0
b3c26,Batch 3,Tmin,1027,0,0,0,0
b3c26,Batch 3,chargetime,1027,0,0,0,0
b3c27,Batch 3,QDischarge,849,0,0,0,0
b3c27,Batch 3,QCharge,849,0,0,0,0
b3c27,Batch 3,IR,849,0,0,0,0
b3c27,Batch 3,Tavg,849,0,0,0,0
b3c27,Batch 3,Tmax,849,0,0,0,0
b3c27,Batch 3,Tmin,849,0,0,0,0
b3c27,Batch 3,chargetime,849,0,0,0,0
b3c28,Batch 3,QDischarge,540,0,0,0,0
b3c28,Batch 3,QCharge,540,0,0,0,0
b3c28,Batch 3,IR,540,0,0,0,0
b3c28,Batch 3,Tavg,540,0,0,0,0
b3c28,Batch 3,Tmax,540,0,0,0,0
b3c28,Batch 3,Tmin,540,0,0,0,0
b3c28,Batch 3,chargetime,540,0,0,0,0
b3c29,Batch 3,QDischarge,857,0,0,0,0
b3c29,Batch 3,QCharge,857,0,0,0,0
b3c29,Batch 3,IR,857,0,0,0,0
b3c29,Batch 3,Tavg,857,0,0,0,0
b3c29,Batch 3,Tmax,857,0,0,0,0
b3c29,Batch 3,Tmin,857,0,0,0,0
b3c29,Batch 3,chargetime,857,0,0,0,0
b3c30,Batch 3,QDischarge,934,0,0,0,0
b3c30,Batch 3,QCharge,934,0,0,0,0
b3c30,Batch 3,IR,934,0,0,0,0
b3c30,Batch 3,Tavg,934,0,0,0,0
b3c30,Batch 3,Tmax,934,0,0,0,0
b3c30,Batch 3,Tmin,934,0,0,0,0
b3c30,Batch 3,chargetime,934,0,0,0,0
b3c31,Batch 3,QDischarge,730,0,0,0,0
b3c31,Batch 3,QCharge,730,0,0,0,0
b3c31,Batch 3,IR,730,0,0,0,0
b3c31,Batch 3,Tavg,730,0,0,0,0
b3c31,Batch 3,Tmax,730,0,0,0,0
b3c31,Batch 3,Tmin,730,0,0,0,0
b3c31,Batch 3,chargetime,730,0,0,0,0
b3c32,Batch 3,QDischarge,2237,0,0,0,0
b3c32,Batch 3,QCharge,2237,0,0,0,0
b3c32,Batch 3,IR,2237,0,0,0,0
b3c32,Batch 3,Tavg,2237,0,0,0,0
b3c32,Batch 3,Tmax,2237,0,0,0,0
b3c32,Batch 3,Tmin,2237,0,0,0,0
b3c32,Batch 3,chargetime,2237,0,0,0,0
b3c33,Batch 3,QDischarge,1283,0,0,0,0
b3c33,Batch 3,QCharge,1283,0,0,0,0
b3c33,Batch 3,IR,1283,0,0,0,0
b3c33,Batch 3,Tavg,1283,0,0,0,0
b3c33,Batch 3,Tmax,1283,0,0,0,0
b3c33,Batch 3,Tmin,1283,0,0,0,0
b3c33,Batch 3,chargetime,1283,0,0,0,0
b3c34,Batch 3,QDischarge,1157,0,0,0,0
b3c34,Batch 3,QCharge,1157,0,0,0,0
b3c34,Batch 3,IR,1157,0,0,0,0
b3c34,Batch 3,Tavg,1157,0,0,0,0
b3c34,Batch 3,Tmax,1157,0,0,0,0
b3c34,Batch 3,Tmin,1157,0,0,0,0
b3c34,Batch 3,chargetime,1157,0,0,0,0
b3c35,Batch 3,QDischarge,1092,0,0,0,0
b3c35,Batch 3,QCharge,1092,0,0,0,0
b3c35,Batch 3,IR,1092,0,0,0,0
b3c35,Batch 3,Tavg,1092,0,0,0,0
b3c35,Batch 3,Tmax,1092,0,0,0,0
b3c35,Batch 3,Tmin,1092,0,0,0,0
b3c35,Batch 3,chargetime,1092,0,0,0,0
b3c36,Batch 3,QDischarge,922,0,0,0,0
b3c36,Batch 3,QCharge,922,0,0,0,0
b3c36,Batch 3,IR,922,0,0,0,0
b3c36,Batch 3,Tavg,922,0,0,0,0
b3c36,Batch 3,Tmax,922,0,0,0,0
b3c36,Batch 3,Tmin,922,0,0,0,0
b3c36,Batch 3,chargetime,922,0,0,0,0
b3c37,Batch 3,QDischarge,1389,0,0,0,0
b3c37,Batch 3,QCharge,1389,0,0,0,0
b3c37,Batch 3,IR,1389,0,0,0,0
b3c37,Batch 3,Tavg,1389,0,0,0,0
b3c37,Batch 3,Tmax,1389,0,0,0,0
b3c37,Batch 3,Tmin,1389,0,0,0,0
b3c37,Batch 3,chargetime,1389,0,0,0,0
b3c38,Batch 3,QDischarge,1934,0,0,0,0
b3c38,Batch 3,QCharge,1934,0,0,0,0
b3c38,Batch 3,IR,1934,0,0,0,0
b3c38,Batch 3,Tavg,1934,0,0,0,0
b3c38,Batch 3,Tmax,1934,0,0,0,0
b3c38,Batch 3,Tmin,1934,0,0,0,0
b3c38,Batch 3,chargetime,1934,0,0,0,0
b3c39,Batch 3,QDischarge,1155,0,0,0,0
b3c39,Batch 3,QCharge,1155,0,0,0,0
b3c39,Batch 3,IR,1155,0,0,0,0
b3c39,Batch 3,Tavg,1155,0,0,0,0
b3c39,Batch 3,Tmax,1155,0,0,0,0
b3c39,Batch 3,Tmin,1155,0,0,0,0
b3c39,Batch 3,chargetime,1155,0,0,0,0
b3c40,Batch 3,QDischarge,795,0,0,0,0
b3c40,Batch 3,QCharge,795,0,0,0,0
b3c40,Batch 3,IR,795,0,0,0,0
b3c40,Batch 3,Tavg,795,0,0,0,0
b3c40,Batch 3,Tmax,795,0,0,0,0
b3c40,Batch 3,Tmin,795,0,0,0,0
b3c40,Batch 3,chargetime,795,0,0,0,0
b3c41,Batch 3,QDischarge,785,0,0,0,0
b3c41,Batch 3,QCharge,785,0,0,0,0
b3c41,Batch 3,IR,785,0,0,0,0
b3c41,Batch 3,Tavg,785,0,0,0,0
b3c41,Batch 3,Tmax,785,0,0,0,0
b3c41,Batch 3,Tmin,785,0,0,0,0
b3c41,Batch 3,chargetime,785,0,0,0,0
b3c42,Batch 3,QDischarge,1641,0,0,0,0
b3c42,Batch 3,QCharge,1641,0,0,0,0
b3c42,Batch 3,IR,1641,0,0,0,0
b3c42,Batch 3,Tavg,1641,0,0,0,0
b3c42,Batch 3,Tmax,1641,0,0,0,0
b3c42,Batch 3,Tmin,1641,0,0,0,0
b3c42,Batch 3,chargetime,1641,0,0,0,0
b3c43,Batch 3,QDischarge,1045,0,0,0,0
b3c43,Batch 3,QCharge,1045,0,0,0,0
b3c43,Batch 3,IR,1045,0,0,0,0
b3c43,Batch 3,Tavg,1045,0,0,0,0
b3c43,Batch 3,Tmax,1045,0,0,0,0
b3c43,Batch 3,Tmin,1045,0,0,0,0
b3c43,Batch 3,chargetime,1045,0,0,0,0
b3c44,Batch 3,QDischarge,939,0,0,0,0
b3c44,Batch 3,QCharge,939,0,0,0,0
b3c44,Batch 3,IR,939,0,0,0,0
b3c44,Batch 3,Tavg,939,0,0,0,0
b3c44,Batch 3,Tmax,939,0,0,0,0
b3c44,Batch 3,Tmin,939,0,0,0,0
b3c44,Batch 3,chargetime,939,0,0,0,0
b3c45,Batch 3,QDischarge,1800,0,0,0,0
b3c45,Batch 3,QCharge,1800,0,0,0,0
b3c45,Batch 3,IR,1800,0,0,0,0
b3c45,Batch 3,Tavg,1800,0,0,0,0
b3c45,Batch 3,Tmax,1800,0,0,0,0
b3c45,Batch 3,Tmin,1800,0,0,0,0
b3c45,Batch 3,chargetime,1800,0,0,0,0
