batch,cell_id,cycle_life,feature,value,batch_median,percentile_le,other_same_policy_n,other_same_policy_life_median
Batch 1,b1c20,534.0,log_dq_var,-3.3668028984718394,-3.7860417986626755,97.22222222222221,1,559.0
Batch 1,b1c20,534.0,qd_slope,-0.00013977618181817777,-7.066977118124183e-06,2.7777777777777777,1,559.0
Batch 1,b1c20,534.0,tavg_median,32.11258446685879,32.9978047140241,25.0,1,559.0
Batch 1,b1c20,534.0,ir_median,0.0151654865,0.0166284445,5.555555555555555,1,559.0
Batch 2,b2c19,392.0,log_dq_var,-3.2915234927686763,-3.486830284527127,82.05128205128204,1,408.0
Batch 2,b2c19,392.0,qd_slope,2.1983457019166268e-05,2.1983457019166268e-05,51.28205128205128,1,408.0
Batch 2,b2c19,392.0,tavg_median,32.788666691536235,33.01904714673025,41.02564102564102,1,408.0
Batch 2,b2c19,392.0,ir_median,0.016701423,0.016495604,53.84615384615385,1,408.0
Batch 3,b3c28,541.0,log_dq_var,-3.4512233812429836,-4.150473358030885,100.0,2,719.5
Batch 3,b3c28,541.0,qd_slope,-0.00019802208534322756,-7.4231106988217005e-06,5.0,2,719.5
Batch 3,b3c28,541.0,tavg_median,35.70887859265695,34.12823280817764,90.0,2,719.5
Batch 3,b3c28,541.0,ir_median,0.013436742,0.0153660685,2.5,2,719.5
